<?xml version="1.0" encoding="utf-8"?>
<Monsters>
	<base>
		<Monster level="1" hp="800" mp="716" physicalAttack="50" magicAttack="50" physicalDefend="120" magicDefend="120" fatal="0" tenacity="0" penetrate="0" stem="0" hit="0" avoid="9"/>
		<Monster level="2" hp="700" mp="1079" physicalAttack="75" magicAttack="75" physicalDefend="80" magicDefend="80" fatal="0" tenacity="0" penetrate="0" stem="0" hit="0" avoid="17"/>
		<Monster level="3" hp="900" mp="1431" physicalAttack="95" magicAttack="95" physicalDefend="80" magicDefend="80" fatal="0" tenacity="0" penetrate="0" stem="0" hit="0" avoid="25"/>
		<Monster level="4" hp="1000" mp="1794" physicalAttack="140" magicAttack="140" physicalDefend="80" magicDefend="80" fatal="0" tenacity="0" penetrate="0" stem="0" hit="0" avoid="33"/>
		<Monster level="5" hp="1200" mp="2147" physicalAttack="160" magicAttack="160" physicalDefend="90" magicDefend="90" fatal="0" tenacity="0" penetrate="0" stem="0" hit="0" avoid="42"/>
		<Monster level="6" hp="1400" mp="2510" physicalAttack="170" magicAttack="170" physicalDefend="100" magicDefend="100" fatal="0" tenacity="0" penetrate="0" stem="0" hit="0" avoid="50"/>
		<Monster level="7" hp="1900" mp="3352" physicalAttack="185" magicAttack="185" physicalDefend="130" magicDefend="130" fatal="0" tenacity="62" penetrate="0" stem="0" hit="40" avoid="58"/>
		<Monster level="8" hp="1800" mp="3776" physicalAttack="200" magicAttack="200" physicalDefend="100" magicDefend="100" fatal="0" tenacity="71" penetrate="0" stem="0" hit="45" avoid="66"/>
		<Monster level="9" hp="2200" mp="4198" physicalAttack="225" magicAttack="225" physicalDefend="110" magicDefend="110" fatal="0" tenacity="80" penetrate="0" stem="0" hit="51" avoid="74"/>
		<Monster level="10" hp="3500" mp="4615" physicalAttack="250" magicAttack="250" physicalDefend="150" magicDefend="150" fatal="0" tenacity="89" penetrate="0" stem="0" hit="56" avoid="82"/>
		<Monster level="11" hp="6060" mp="5117" physicalAttack="352" magicAttack="415" physicalDefend="457" magicDefend="457" fatal="0" tenacity="108" penetrate="0" stem="0" hit="69" avoid="90"/>
		<Monster level="12" hp="6520" mp="5541" physicalAttack="426" magicAttack="461" physicalDefend="504" magicDefend="504" fatal="0" tenacity="118" penetrate="0" stem="0" hit="75" avoid="98"/>
		<Monster level="13" hp="6980" mp="5969" physicalAttack="460" magicAttack="508" physicalDefend="553" magicDefend="553" fatal="0" tenacity="127" penetrate="0" stem="0" hit="81" avoid="106"/>
		<Monster level="14" hp="7440" mp="6393" physicalAttack="520" magicAttack="557" physicalDefend="602" magicDefend="602" fatal="0" tenacity="137" penetrate="0" stem="0" hit="87" avoid="115"/>
		<Monster level="15" hp="9900" mp="6820" physicalAttack="704" magicAttack="606" physicalDefend="653" magicDefend="653" fatal="0" tenacity="146" penetrate="0" stem="0" hit="93" avoid="123"/>
		<Monster level="16" hp="10360" mp="7244" physicalAttack="1143" magicAttack="1143" physicalDefend="1203" magicDefend="1203" fatal="0" tenacity="155" penetrate="0" stem="0" hit="98" avoid="131"/>
		<Monster level="17" hp="10820" mp="7673" physicalAttack="1312" magicAttack="1312" physicalDefend="1290" magicDefend="1290" fatal="0" tenacity="164" penetrate="0" stem="0" hit="104" avoid="139"/>
		<Monster level="18" hp="11280" mp="8096" physicalAttack="1497" magicAttack="1497" physicalDefend="1379" magicDefend="1379" fatal="0" tenacity="174" penetrate="0" stem="0" hit="110" avoid="147"/>
		<Monster level="19" hp="11740" mp="8524" physicalAttack="1698" magicAttack="1698" physicalDefend="1469" magicDefend="1469" fatal="0" tenacity="183" penetrate="0" stem="0" hit="116" avoid="155"/>
		<Monster level="20" hp="17400" mp="8955" physicalAttack="1915" magicAttack="1915" physicalDefend="1560" magicDefend="1560" fatal="0" tenacity="192" penetrate="0" stem="0" hit="122" avoid="163"/>
		<Monster level="21" hp="18020" mp="12091" physicalAttack="2112" magicAttack="2112" physicalDefend="1971" magicDefend="1971" fatal="0" tenacity="565" penetrate="0" stem="0" hit="360" avoid="171"/>
		<Monster level="22" hp="18640" mp="12645" physicalAttack="2287" magicAttack="2287" physicalDefend="2083" magicDefend="2083" fatal="0" tenacity="591" penetrate="0" stem="0" hit="375" avoid="179"/>
		<Monster level="23" hp="19260" mp="13187" physicalAttack="2471" magicAttack="2471" physicalDefend="2198" magicDefend="2198" fatal="0" tenacity="616" penetrate="0" stem="0" hit="391" avoid="187"/>
		<Monster level="24" hp="19880" mp="13742" physicalAttack="2667" magicAttack="2667" physicalDefend="2314" magicDefend="2314" fatal="0" tenacity="642" penetrate="0" stem="0" hit="408" avoid="196"/>
		<Monster level="25" hp="20500" mp="14287" physicalAttack="2874" magicAttack="2874" physicalDefend="2431" magicDefend="2431" fatal="0" tenacity="666" penetrate="0" stem="0" hit="423" avoid="204"/>
		<Monster level="26" hp="21120" mp="14841" physicalAttack="3092" magicAttack="3092" physicalDefend="2551" magicDefend="2551" fatal="0" tenacity="691" penetrate="0" stem="0" hit="438" avoid="212"/>
		<Monster level="27" hp="21740" mp="15384" physicalAttack="3321" magicAttack="3321" physicalDefend="2672" magicDefend="2672" fatal="0" tenacity="715" penetrate="0" stem="0" hit="453" avoid="220"/>
		<Monster level="28" hp="22360" mp="15938" physicalAttack="3561" magicAttack="3561" physicalDefend="2794" magicDefend="2794" fatal="0" tenacity="739" penetrate="0" stem="0" hit="470" avoid="228"/>
		<Monster level="29" hp="22980" mp="16491" physicalAttack="3813" magicAttack="3813" physicalDefend="2919" magicDefend="2919" fatal="0" tenacity="764" penetrate="0" stem="0" hit="486" avoid="236"/>
		<Monster level="30" hp="40500" mp="17038" physicalAttack="4078" magicAttack="4078" physicalDefend="3045" magicDefend="3045" fatal="0" tenacity="789" penetrate="0" stem="0" hit="499" avoid="244"/>
		<Monster level="31" hp="41550" mp="18463" physicalAttack="4720" magicAttack="4720" physicalDefend="4295" magicDefend="4295" fatal="0" tenacity="928" penetrate="0" stem="0" hit="588" avoid="252"/>
		<Monster level="32" hp="42600" mp="19037" physicalAttack="5022" magicAttack="5022" physicalDefend="4467" magicDefend="4467" fatal="0" tenacity="956" penetrate="0" stem="0" hit="606" avoid="260"/>
		<Monster level="33" hp="43650" mp="19618" physicalAttack="5337" magicAttack="5337" physicalDefend="4641" magicDefend="4641" fatal="0" tenacity="981" penetrate="0" stem="0" hit="623" avoid="269"/>
		<Monster level="34" hp="44700" mp="20192" physicalAttack="5665" magicAttack="5665" physicalDefend="4818" magicDefend="4818" fatal="0" tenacity="1010" penetrate="0" stem="0" hit="641" avoid="277"/>
		<Monster level="35" hp="45750" mp="20769" physicalAttack="6006" magicAttack="6006" physicalDefend="4996" magicDefend="4996" fatal="0" tenacity="1036" penetrate="0" stem="0" hit="656" avoid="285"/>
		<Monster level="36" hp="46800" mp="21343" physicalAttack="6361" magicAttack="6361" physicalDefend="5177" magicDefend="5177" fatal="0" tenacity="1062" penetrate="0" stem="0" hit="674" avoid="293"/>
		<Monster level="37" hp="47850" mp="21924" physicalAttack="6729" magicAttack="6729" physicalDefend="5359" magicDefend="5359" fatal="0" tenacity="1089" penetrate="0" stem="0" hit="689" avoid="301"/>
		<Monster level="38" hp="48900" mp="22498" physicalAttack="7110" magicAttack="7110" physicalDefend="5544" magicDefend="5544" fatal="0" tenacity="1115" penetrate="0" stem="0" hit="707" avoid="309"/>
		<Monster level="39" hp="49950" mp="23075" physicalAttack="7505" magicAttack="7505" physicalDefend="5731" magicDefend="5731" fatal="0" tenacity="1141" penetrate="0" stem="0" hit="723" avoid="317"/>
		<Monster level="40" hp="98000" mp="23657" physicalAttack="7914" magicAttack="7914" physicalDefend="5920" magicDefend="5920" fatal="0" tenacity="1167" penetrate="0" stem="0" hit="739" avoid="325"/>
		<Monster level="41" hp="100100" mp="25761" physicalAttack="8220" magicAttack="8220" physicalDefend="7593" magicDefend="7593" fatal="0" tenacity="1390" penetrate="0" stem="0" hit="880" avoid="333"/>
		<Monster level="42" hp="102200" mp="26379" physicalAttack="8614" magicAttack="8614" physicalDefend="7829" magicDefend="7829" fatal="0" tenacity="1421" penetrate="0" stem="0" hit="898" avoid="341"/>
		<Monster level="43" hp="104300" mp="26985" physicalAttack="9021" magicAttack="9021" physicalDefend="8067" magicDefend="8067" fatal="0" tenacity="1450" penetrate="0" stem="0" hit="917" avoid="350"/>
		<Monster level="44" hp="106400" mp="27603" physicalAttack="9440" magicAttack="9440" physicalDefend="8307" magicDefend="8307" fatal="0" tenacity="1478" penetrate="0" stem="0" hit="935" avoid="358"/>
		<Monster level="45" hp="108500" mp="28213" physicalAttack="9872" magicAttack="9872" physicalDefend="8550" magicDefend="8550" fatal="0" tenacity="1509" penetrate="0" stem="0" hit="953" avoid="366"/>
		<Monster level="46" hp="110600" mp="28831" physicalAttack="10317" magicAttack="10317" physicalDefend="8795" magicDefend="8795" fatal="0" tenacity="1538" penetrate="0" stem="0" hit="972" avoid="374"/>
		<Monster level="47" hp="112700" mp="29437" physicalAttack="10774" magicAttack="10774" physicalDefend="9043" magicDefend="9043" fatal="0" tenacity="1566" penetrate="0" stem="0" hit="990" avoid="382"/>
		<Monster level="48" hp="114800" mp="30055" physicalAttack="11244" magicAttack="11244" physicalDefend="9293" magicDefend="9293" fatal="0" tenacity="1594" penetrate="0" stem="0" hit="1008" avoid="390"/>
		<Monster level="49" hp="116900" mp="30673" physicalAttack="11727" magicAttack="11727" physicalDefend="9545" magicDefend="9545" fatal="0" tenacity="1621" penetrate="0" stem="0" hit="1025" avoid="398"/>
		<Monster level="50" hp="156000" mp="31283" physicalAttack="12223" magicAttack="12223" physicalDefend="9800" magicDefend="9800" fatal="0" tenacity="1650" penetrate="0" stem="0" hit="1043" avoid="406"/>
		<Monster level="51" hp="158700" mp="34119" physicalAttack="12436" magicAttack="12436" physicalDefend="11592" magicDefend="11592" fatal="0" tenacity="1959" penetrate="0" stem="0" hit="1237" avoid="414"/>
		<Monster level="52" hp="161400" mp="34771" physicalAttack="12876" magicAttack="12876" physicalDefend="11887" magicDefend="11887" fatal="0" tenacity="1990" penetrate="0" stem="0" hit="1258" avoid="423"/>
		<Monster level="53" hp="164100" mp="35428" physicalAttack="13326" magicAttack="13326" physicalDefend="12185" magicDefend="12185" fatal="0" tenacity="2021" penetrate="0" stem="0" hit="1278" avoid="431"/>
		<Monster level="54" hp="166800" mp="36084" physicalAttack="13786" magicAttack="13786" physicalDefend="12485" magicDefend="12485" fatal="0" tenacity="2054" penetrate="0" stem="0" hit="1299" avoid="439"/>
		<Monster level="55" hp="169500" mp="36741" physicalAttack="14257" magicAttack="14257" physicalDefend="12788" magicDefend="12788" fatal="0" tenacity="2086" penetrate="0" stem="0" hit="1318" avoid="447"/>
		<Monster level="56" hp="172200" mp="37393" physicalAttack="14738" magicAttack="14738" physicalDefend="13093" magicDefend="13093" fatal="0" tenacity="2117" penetrate="0" stem="0" hit="1337" avoid="455"/>
		<Monster level="57" hp="174900" mp="38050" physicalAttack="15230" magicAttack="15230" physicalDefend="13401" magicDefend="13401" fatal="0" tenacity="2148" penetrate="0" stem="0" hit="1356" avoid="463"/>
		<Monster level="58" hp="177600" mp="38706" physicalAttack="15733" magicAttack="15733" physicalDefend="13711" magicDefend="13711" fatal="0" tenacity="2178" penetrate="0" stem="0" hit="1375" avoid="471"/>
		<Monster level="59" hp="180300" mp="39363" physicalAttack="16246" magicAttack="16246" physicalDefend="14024" magicDefend="14024" fatal="0" tenacity="2209" penetrate="0" stem="0" hit="1394" avoid="479"/>
		<Monster level="60" hp="245000" mp="40022" physicalAttack="16769" magicAttack="16769" physicalDefend="14340" magicDefend="14340" fatal="0" tenacity="2238" penetrate="0" stem="0" hit="1413" avoid="487"/>
		<Monster level="61" hp="248500" mp="43580" physicalAttack="17364" magicAttack="17364" physicalDefend="16860" magicDefend="16860" fatal="0" tenacity="2626" penetrate="0" stem="0" hit="1658" avoid="495"/>
		<Monster level="62" hp="252000" mp="44290" physicalAttack="17875" magicAttack="17875" physicalDefend="17224" magicDefend="17224" fatal="0" tenacity="2662" penetrate="0" stem="0" hit="1680" avoid="504"/>
		<Monster level="63" hp="255500" mp="44984" physicalAttack="18395" magicAttack="18395" physicalDefend="17590" magicDefend="17590" fatal="0" tenacity="2695" penetrate="0" stem="0" hit="1699" avoid="512"/>
		<Monster level="64" hp="259000" mp="45695" physicalAttack="18926" magicAttack="18926" physicalDefend="17958" magicDefend="17958" fatal="0" tenacity="2728" penetrate="0" stem="0" hit="1721" avoid="520"/>
		<Monster level="65" hp="262500" mp="46389" physicalAttack="19467" magicAttack="19467" physicalDefend="18330" magicDefend="18330" fatal="0" tenacity="2761" penetrate="0" stem="0" hit="1743" avoid="528"/>
		<Monster level="66" hp="266000" mp="47099" physicalAttack="20017" magicAttack="20017" physicalDefend="18704" magicDefend="18704" fatal="0" tenacity="2797" penetrate="0" stem="0" hit="1763" avoid="536"/>
		<Monster level="67" hp="269500" mp="47794" physicalAttack="20577" magicAttack="20577" physicalDefend="19082" magicDefend="19082" fatal="0" tenacity="2830" penetrate="0" stem="0" hit="1782" avoid="544"/>
		<Monster level="68" hp="273000" mp="48504" physicalAttack="21148" magicAttack="21148" physicalDefend="19462" magicDefend="19462" fatal="0" tenacity="2860" penetrate="0" stem="0" hit="1804" avoid="552"/>
		<Monster level="69" hp="276500" mp="49210" physicalAttack="21728" magicAttack="21728" physicalDefend="19844" magicDefend="19844" fatal="0" tenacity="2893" penetrate="0" stem="0" hit="1823" avoid="560"/>
		<Monster level="70" hp="280000" mp="49909" physicalAttack="22319" magicAttack="22319" physicalDefend="20230" magicDefend="20230" fatal="0" tenacity="2927" penetrate="0" stem="0" hit="1843" avoid="568"/>
		<Monster level="71" hp="283500" mp="54288" physicalAttack="22919" magicAttack="22919" physicalDefend="20618" magicDefend="20618" fatal="0" tenacity="3398" penetrate="0" stem="0" hit="2141" avoid="577"/>
		<Monster level="72" hp="287000" mp="55040" physicalAttack="23530" magicAttack="23530" physicalDefend="21010" magicDefend="21010" fatal="0" tenacity="3433" penetrate="0" stem="0" hit="2163" avoid="585"/>
		<Monster level="73" hp="290500" mp="55795" physicalAttack="24151" magicAttack="24151" physicalDefend="21404" magicDefend="21404" fatal="0" tenacity="3471" penetrate="0" stem="0" hit="2185" avoid="593"/>
		<Monster level="74" hp="294000" mp="56547" physicalAttack="24782" magicAttack="24782" physicalDefend="21800" magicDefend="21800" fatal="0" tenacity="3506" penetrate="0" stem="0" hit="2208" avoid="601"/>
		<Monster level="75" hp="297500" mp="57303" physicalAttack="25424" magicAttack="25424" physicalDefend="22200" magicDefend="22200" fatal="0" tenacity="3540" penetrate="0" stem="0" hit="2229" avoid="609"/>
		<Monster level="76" hp="301000" mp="58054" physicalAttack="26076" magicAttack="26076" physicalDefend="22602" magicDefend="22602" fatal="0" tenacity="3575" penetrate="0" stem="0" hit="2252" avoid="617"/>
		<Monster level="77" hp="304500" mp="58810" physicalAttack="26738" magicAttack="26738" physicalDefend="23008" magicDefend="23008" fatal="0" tenacity="3613" penetrate="0" stem="0" hit="2273" avoid="625"/>
		<Monster level="78" hp="308000" mp="59561" physicalAttack="27411" magicAttack="27411" physicalDefend="23416" magicDefend="23416" fatal="0" tenacity="3645" penetrate="0" stem="0" hit="2293" avoid="633"/>
		<Monster level="79" hp="311500" mp="60317" physicalAttack="28094" magicAttack="28094" physicalDefend="23826" magicDefend="23826" fatal="0" tenacity="3680" penetrate="0" stem="0" hit="2315" avoid="641"/>
		<Monster level="80" hp="315000" mp="61076" physicalAttack="28787" magicAttack="28787" physicalDefend="24240" magicDefend="24240" fatal="0" tenacity="3714" penetrate="0" stem="0" hit="2337" avoid="649"/>
		<Monster level="81" hp="318500" mp="66350" physicalAttack="29492" magicAttack="29492" physicalDefend="24656" magicDefend="24656" fatal="0" tenacity="4273" penetrate="0" stem="0" hit="2685" avoid="658"/>
		<Monster level="82" hp="322000" mp="67166" physicalAttack="30206" magicAttack="30206" physicalDefend="25076" magicDefend="25076" fatal="0" tenacity="4312" penetrate="0" stem="0" hit="2710" avoid="666"/>
		<Monster level="83" hp="325500" mp="67970" physicalAttack="30932" magicAttack="30932" physicalDefend="25498" magicDefend="25498" fatal="0" tenacity="4348" penetrate="0" stem="0" hit="2732" avoid="674"/>
		<Monster level="84" hp="329000" mp="68783" physicalAttack="31667" magicAttack="31667" physicalDefend="25922" magicDefend="25922" fatal="0" tenacity="4388" penetrate="0" stem="0" hit="2757" avoid="682"/>
		<Monster level="85" hp="332500" mp="69586" physicalAttack="32414" magicAttack="32414" physicalDefend="26350" magicDefend="26350" fatal="0" tenacity="4424" penetrate="0" stem="0" hit="2778" avoid="690"/>
		<Monster level="86" hp="336000" mp="70403" physicalAttack="33171" magicAttack="33171" physicalDefend="26780" magicDefend="26780" fatal="0" tenacity="4460" penetrate="0" stem="0" hit="2800" avoid="698"/>
		<Monster level="87" hp="339500" mp="71203" physicalAttack="33940" magicAttack="33940" physicalDefend="27214" magicDefend="27214" fatal="0" tenacity="4496" penetrate="0" stem="0" hit="2825" avoid="706"/>
		<Monster level="88" hp="343000" mp="72019" physicalAttack="34718" magicAttack="34718" physicalDefend="27650" magicDefend="27650" fatal="0" tenacity="4532" penetrate="0" stem="0" hit="2847" avoid="714"/>
		<Monster level="89" hp="346500" mp="72831" physicalAttack="35508" magicAttack="35508" physicalDefend="28088" magicDefend="28088" fatal="0" tenacity="4568" penetrate="0" stem="0" hit="2868" avoid="722"/>
		<Monster level="90" hp="350000" mp="73635" physicalAttack="36309" magicAttack="36309" physicalDefend="28530" magicDefend="28530" fatal="0" tenacity="4604" penetrate="0" stem="0" hit="2890" avoid="731"/>
		<Monster level="91" hp="353500" mp="79909" physicalAttack="37120" magicAttack="37120" physicalDefend="28974" magicDefend="28974" fatal="0" tenacity="5251" penetrate="0" stem="0" hit="3295" avoid="739"/>
		<Monster level="92" hp="357000" mp="80777" physicalAttack="37942" magicAttack="37942" physicalDefend="29422" magicDefend="29422" fatal="0" tenacity="5292" penetrate="0" stem="0" hit="3320" avoid="747"/>
		<Monster level="93" hp="360500" mp="81645" physicalAttack="38776" magicAttack="38776" physicalDefend="29872" magicDefend="29872" fatal="0" tenacity="5333" penetrate="0" stem="0" hit="3344" avoid="755"/>
		<Monster level="94" hp="364000" mp="82513" physicalAttack="39620" magicAttack="39620" physicalDefend="30324" magicDefend="30324" fatal="0" tenacity="5370" penetrate="0" stem="0" hit="3369" avoid="763"/>
		<Monster level="95" hp="367500" mp="83382" physicalAttack="40475" magicAttack="40475" physicalDefend="30780" magicDefend="30780" fatal="0" tenacity="5411" penetrate="0" stem="0" hit="3389" avoid="771"/>
		<Monster level="96" hp="371000" mp="84250" physicalAttack="41342" magicAttack="41342" physicalDefend="31238" magicDefend="31238" fatal="0" tenacity="5448" penetrate="0" stem="0" hit="3413" avoid="779"/>
		<Monster level="97" hp="374500" mp="85118" physicalAttack="42219" magicAttack="42219" physicalDefend="31700" magicDefend="31700" fatal="0" tenacity="5488" penetrate="0" stem="0" hit="3438" avoid="787"/>
		<Monster level="98" hp="378000" mp="85986" physicalAttack="43108" magicAttack="43108" physicalDefend="32164" magicDefend="32164" fatal="0" tenacity="5525" penetrate="0" stem="0" hit="3458" avoid="795"/>
		<Monster level="99" hp="381500" mp="86854" physicalAttack="44008" magicAttack="44008" physicalDefend="32630" magicDefend="32630" fatal="0" tenacity="5562" penetrate="0" stem="0" hit="3483" avoid="803"/>
		<Monster level="100" hp="385000" mp="87730" physicalAttack="44919" magicAttack="44919" physicalDefend="33100" magicDefend="33100" fatal="0" tenacity="5598" penetrate="0" stem="0" hit="3503" avoid="812"/>
	</base>
	<elite>
		<Monster level="1" hp="3200" mp="716" physicalAttack="60" magicAttack="60" physicalDefend="156" magicDefend="156" fatal="0" tenacity="0" penetrate="0" stem="0" hit="15" avoid="11"/>
		<Monster level="2" hp="2800" mp="1079" physicalAttack="90" magicAttack="90" physicalDefend="104" magicDefend="104" fatal="0" tenacity="0" penetrate="0" stem="0" hit="29" avoid="21"/>
		<Monster level="3" hp="3600" mp="1431" physicalAttack="114" magicAttack="114" physicalDefend="104" magicDefend="104" fatal="0" tenacity="0" penetrate="0" stem="0" hit="42" avoid="31"/>
		<Monster level="4" hp="4000" mp="1794" physicalAttack="168" magicAttack="168" physicalDefend="104" magicDefend="104" fatal="0" tenacity="0" penetrate="0" stem="0" hit="55" avoid="41"/>
		<Monster level="5" hp="4800" mp="2147" physicalAttack="192" magicAttack="192" physicalDefend="117" magicDefend="117" fatal="0" tenacity="0" penetrate="0" stem="0" hit="69" avoid="50"/>
		<Monster level="6" hp="5600" mp="2510" physicalAttack="204" magicAttack="204" physicalDefend="130" magicDefend="130" fatal="0" tenacity="0" penetrate="0" stem="0" hit="82" avoid="60"/>
		<Monster level="7" hp="7600" mp="3352" physicalAttack="222" magicAttack="222" physicalDefend="169" magicDefend="169" fatal="0" tenacity="62" penetrate="0" stem="0" hit="95" avoid="70"/>
		<Monster level="8" hp="7200" mp="3776" physicalAttack="240" magicAttack="240" physicalDefend="130" magicDefend="130" fatal="0" tenacity="71" penetrate="0" stem="0" hit="109" avoid="80"/>
		<Monster level="9" hp="8800" mp="4198" physicalAttack="270" magicAttack="270" physicalDefend="143" magicDefend="143" fatal="0" tenacity="80" penetrate="0" stem="0" hit="122" avoid="90"/>
		<Monster level="10" hp="14000" mp="4615" physicalAttack="300" magicAttack="300" physicalDefend="195" magicDefend="195" fatal="0" tenacity="89" penetrate="0" stem="0" hit="136" avoid="100"/>
		<Monster level="11" hp="24240" mp="5117" physicalAttack="422" magicAttack="498" physicalDefend="594" magicDefend="594" fatal="0" tenacity="108" penetrate="0" stem="0" hit="149" avoid="109"/>
		<Monster level="12" hp="26080" mp="5541" physicalAttack="511" magicAttack="553" physicalDefend="655" magicDefend="655" fatal="0" tenacity="118" penetrate="0" stem="0" hit="162" avoid="119"/>
		<Monster level="13" hp="27920" mp="5969" physicalAttack="552" magicAttack="610" physicalDefend="719" magicDefend="719" fatal="0" tenacity="127" penetrate="0" stem="0" hit="176" avoid="129"/>
		<Monster level="14" hp="29760" mp="6393" physicalAttack="624" magicAttack="668" physicalDefend="783" magicDefend="783" fatal="0" tenacity="137" penetrate="0" stem="0" hit="189" avoid="139"/>
		<Monster level="15" hp="39600" mp="6820" physicalAttack="845" magicAttack="727" physicalDefend="849" magicDefend="849" fatal="0" tenacity="146" penetrate="0" stem="0" hit="203" avoid="149"/>
		<Monster level="16" hp="41440" mp="7244" physicalAttack="1372" magicAttack="1372" physicalDefend="1564" magicDefend="1564" fatal="0" tenacity="155" penetrate="0" stem="0" hit="216" avoid="159"/>
		<Monster level="17" hp="43280" mp="7673" physicalAttack="1574" magicAttack="1574" physicalDefend="1677" magicDefend="1677" fatal="0" tenacity="164" penetrate="0" stem="0" hit="229" avoid="168"/>
		<Monster level="18" hp="45120" mp="8096" physicalAttack="1796" magicAttack="1796" physicalDefend="1793" magicDefend="1793" fatal="0" tenacity="174" penetrate="0" stem="0" hit="243" avoid="178"/>
		<Monster level="19" hp="46960" mp="8524" physicalAttack="2038" magicAttack="2038" physicalDefend="1910" magicDefend="1910" fatal="0" tenacity="183" penetrate="0" stem="0" hit="256" avoid="188"/>
		<Monster level="20" hp="69600" mp="8955" physicalAttack="2298" magicAttack="2298" physicalDefend="2028" magicDefend="2028" fatal="0" tenacity="192" penetrate="0" stem="0" hit="270" avoid="198"/>
		<Monster level="21" hp="72080" mp="12091" physicalAttack="2534" magicAttack="2534" physicalDefend="2562" magicDefend="2562" fatal="0" tenacity="565" penetrate="0" stem="0" hit="283" avoid="208"/>
		<Monster level="22" hp="74560" mp="12645" physicalAttack="2744" magicAttack="2744" physicalDefend="2708" magicDefend="2708" fatal="0" tenacity="591" penetrate="0" stem="0" hit="296" avoid="218"/>
		<Monster level="23" hp="77040" mp="13187" physicalAttack="2965" magicAttack="2965" physicalDefend="2857" magicDefend="2857" fatal="0" tenacity="616" penetrate="0" stem="0" hit="310" avoid="227"/>
		<Monster level="24" hp="79520" mp="13742" physicalAttack="3200" magicAttack="3200" physicalDefend="3008" magicDefend="3008" fatal="0" tenacity="642" penetrate="0" stem="0" hit="323" avoid="237"/>
		<Monster level="25" hp="82000" mp="14287" physicalAttack="3449" magicAttack="3449" physicalDefend="3160" magicDefend="3160" fatal="0" tenacity="666" penetrate="0" stem="0" hit="337" avoid="247"/>
		<Monster level="26" hp="84480" mp="14841" physicalAttack="3710" magicAttack="3710" physicalDefend="3316" magicDefend="3316" fatal="0" tenacity="691" penetrate="0" stem="0" hit="350" avoid="257"/>
		<Monster level="27" hp="86960" mp="15384" physicalAttack="3985" magicAttack="3985" physicalDefend="3474" magicDefend="3474" fatal="0" tenacity="715" penetrate="0" stem="0" hit="363" avoid="267"/>
		<Monster level="28" hp="89440" mp="15938" physicalAttack="4273" magicAttack="4273" physicalDefend="3632" magicDefend="3632" fatal="0" tenacity="739" penetrate="0" stem="0" hit="377" avoid="277"/>
		<Monster level="29" hp="91920" mp="16491" physicalAttack="4576" magicAttack="4576" physicalDefend="3795" magicDefend="3795" fatal="0" tenacity="764" penetrate="0" stem="0" hit="390" avoid="286"/>
		<Monster level="30" hp="162000" mp="17038" physicalAttack="4894" magicAttack="4894" physicalDefend="3959" magicDefend="3959" fatal="0" tenacity="789" penetrate="0" stem="0" hit="403" avoid="296"/>
		<Monster level="31" hp="166200" mp="18463" physicalAttack="5664" magicAttack="5664" physicalDefend="5584" magicDefend="5584" fatal="0" tenacity="928" penetrate="0" stem="0" hit="417" avoid="306"/>
		<Monster level="32" hp="170400" mp="19037" physicalAttack="6026" magicAttack="6026" physicalDefend="5807" magicDefend="5807" fatal="0" tenacity="956" penetrate="0" stem="0" hit="430" avoid="316"/>
		<Monster level="33" hp="174600" mp="19618" physicalAttack="6404" magicAttack="6404" physicalDefend="6033" magicDefend="6033" fatal="0" tenacity="981" penetrate="0" stem="0" hit="444" avoid="326"/>
		<Monster level="34" hp="178800" mp="20192" physicalAttack="6798" magicAttack="6798" physicalDefend="6263" magicDefend="6263" fatal="0" tenacity="1010" penetrate="0" stem="0" hit="457" avoid="335"/>
		<Monster level="35" hp="183000" mp="20769" physicalAttack="7207" magicAttack="7207" physicalDefend="6495" magicDefend="6495" fatal="0" tenacity="1036" penetrate="0" stem="0" hit="470" avoid="345"/>
		<Monster level="36" hp="187200" mp="21343" physicalAttack="7633" magicAttack="7633" physicalDefend="6730" magicDefend="6730" fatal="0" tenacity="1062" penetrate="0" stem="0" hit="484" avoid="355"/>
		<Monster level="37" hp="191400" mp="21924" physicalAttack="8075" magicAttack="8075" physicalDefend="6967" magicDefend="6967" fatal="0" tenacity="1089" penetrate="0" stem="0" hit="497" avoid="365"/>
		<Monster level="38" hp="195600" mp="22498" physicalAttack="8532" magicAttack="8532" physicalDefend="7207" magicDefend="7207" fatal="0" tenacity="1115" penetrate="0" stem="0" hit="511" avoid="375"/>
		<Monster level="39" hp="199800" mp="23075" physicalAttack="9006" magicAttack="9006" physicalDefend="7450" magicDefend="7450" fatal="0" tenacity="1141" penetrate="0" stem="0" hit="524" avoid="385"/>
		<Monster level="40" hp="392000" mp="23657" physicalAttack="9497" magicAttack="9497" physicalDefend="7696" magicDefend="7696" fatal="0" tenacity="1167" penetrate="0" stem="0" hit="537" avoid="394"/>
		<Monster level="41" hp="400400" mp="25761" physicalAttack="9864" magicAttack="9864" physicalDefend="9871" magicDefend="9871" fatal="0" tenacity="1390" penetrate="0" stem="0" hit="551" avoid="404"/>
		<Monster level="42" hp="408800" mp="26379" physicalAttack="10337" magicAttack="10337" physicalDefend="10178" magicDefend="10178" fatal="0" tenacity="1421" penetrate="0" stem="0" hit="564" avoid="414"/>
		<Monster level="43" hp="417200" mp="26985" physicalAttack="10825" magicAttack="10825" physicalDefend="10487" magicDefend="10487" fatal="0" tenacity="1450" penetrate="0" stem="0" hit="578" avoid="424"/>
		<Monster level="44" hp="425600" mp="27603" physicalAttack="11328" magicAttack="11328" physicalDefend="10799" magicDefend="10799" fatal="0" tenacity="1478" penetrate="0" stem="0" hit="591" avoid="434"/>
		<Monster level="45" hp="434000" mp="28213" physicalAttack="11846" magicAttack="11846" physicalDefend="11115" magicDefend="11115" fatal="0" tenacity="1509" penetrate="0" stem="0" hit="604" avoid="444"/>
		<Monster level="46" hp="442400" mp="28831" physicalAttack="12380" magicAttack="12380" physicalDefend="11434" magicDefend="11434" fatal="0" tenacity="1538" penetrate="0" stem="0" hit="618" avoid="453"/>
		<Monster level="47" hp="450800" mp="29437" physicalAttack="12929" magicAttack="12929" physicalDefend="11756" magicDefend="11756" fatal="0" tenacity="1566" penetrate="0" stem="0" hit="631" avoid="463"/>
		<Monster level="48" hp="459200" mp="30055" physicalAttack="13493" magicAttack="13493" physicalDefend="12081" magicDefend="12081" fatal="0" tenacity="1594" penetrate="0" stem="0" hit="645" avoid="473"/>
		<Monster level="49" hp="467600" mp="30673" physicalAttack="14072" magicAttack="14072" physicalDefend="12409" magicDefend="12409" fatal="0" tenacity="1621" penetrate="0" stem="0" hit="658" avoid="483"/>
		<Monster level="50" hp="624000" mp="31283" physicalAttack="14668" magicAttack="14668" physicalDefend="12740" magicDefend="12740" fatal="0" tenacity="1650" penetrate="0" stem="0" hit="671" avoid="493"/>
		<Monster level="51" hp="634800" mp="34119" physicalAttack="14923" magicAttack="14923" physicalDefend="15070" magicDefend="15070" fatal="0" tenacity="1959" penetrate="0" stem="0" hit="685" avoid="503"/>
		<Monster level="52" hp="645600" mp="34771" physicalAttack="15451" magicAttack="15451" physicalDefend="15453" magicDefend="15453" fatal="0" tenacity="1990" penetrate="0" stem="0" hit="698" avoid="512"/>
		<Monster level="53" hp="656400" mp="35428" physicalAttack="15991" magicAttack="15991" physicalDefend="15841" magicDefend="15841" fatal="0" tenacity="2021" penetrate="0" stem="0" hit="711" avoid="522"/>
		<Monster level="54" hp="667200" mp="36084" physicalAttack="16543" magicAttack="16543" physicalDefend="16231" magicDefend="16231" fatal="0" tenacity="2054" penetrate="0" stem="0" hit="725" avoid="532"/>
		<Monster level="55" hp="678000" mp="36741" physicalAttack="17108" magicAttack="17108" physicalDefend="16624" magicDefend="16624" fatal="0" tenacity="2086" penetrate="0" stem="0" hit="738" avoid="542"/>
		<Monster level="56" hp="688800" mp="37393" physicalAttack="17686" magicAttack="17686" physicalDefend="17021" magicDefend="17021" fatal="0" tenacity="2117" penetrate="0" stem="0" hit="752" avoid="552"/>
		<Monster level="57" hp="699600" mp="38050" physicalAttack="18276" magicAttack="18276" physicalDefend="17421" magicDefend="17421" fatal="0" tenacity="2148" penetrate="0" stem="0" hit="765" avoid="562"/>
		<Monster level="58" hp="710400" mp="38706" physicalAttack="18880" magicAttack="18880" physicalDefend="17824" magicDefend="17824" fatal="0" tenacity="2178" penetrate="0" stem="0" hit="778" avoid="571"/>
		<Monster level="59" hp="721200" mp="39363" physicalAttack="19495" magicAttack="19495" physicalDefend="18231" magicDefend="18231" fatal="0" tenacity="2209" penetrate="0" stem="0" hit="792" avoid="581"/>
		<Monster level="60" hp="980000" mp="40022" physicalAttack="20123" magicAttack="20123" physicalDefend="18642" magicDefend="18642" fatal="0" tenacity="2238" penetrate="0" stem="0" hit="805" avoid="591"/>
		<Monster level="61" hp="994000" mp="43580" physicalAttack="20837" magicAttack="20837" physicalDefend="21918" magicDefend="21918" fatal="0" tenacity="2626" penetrate="0" stem="0" hit="819" avoid="601"/>
		<Monster level="62" hp="1008000" mp="44290" physicalAttack="21450" magicAttack="21450" physicalDefend="22391" magicDefend="22391" fatal="0" tenacity="2662" penetrate="0" stem="0" hit="832" avoid="611"/>
		<Monster level="63" hp="1022000" mp="44984" physicalAttack="22074" magicAttack="22074" physicalDefend="22867" magicDefend="22867" fatal="0" tenacity="2695" penetrate="0" stem="0" hit="845" avoid="621"/>
		<Monster level="64" hp="1036000" mp="45695" physicalAttack="22711" magicAttack="22711" physicalDefend="23345" magicDefend="23345" fatal="0" tenacity="2728" penetrate="0" stem="0" hit="859" avoid="630"/>
		<Monster level="65" hp="1050000" mp="46389" physicalAttack="23360" magicAttack="23360" physicalDefend="23829" magicDefend="23829" fatal="0" tenacity="2761" penetrate="0" stem="0" hit="872" avoid="640"/>
		<Monster level="66" hp="1064000" mp="47099" physicalAttack="24020" magicAttack="24020" physicalDefend="24315" magicDefend="24315" fatal="0" tenacity="2797" penetrate="0" stem="0" hit="886" avoid="650"/>
		<Monster level="67" hp="1078000" mp="47794" physicalAttack="24692" magicAttack="24692" physicalDefend="24807" magicDefend="24807" fatal="0" tenacity="2830" penetrate="0" stem="0" hit="899" avoid="660"/>
		<Monster level="68" hp="1092000" mp="48504" physicalAttack="25378" magicAttack="25378" physicalDefend="25301" magicDefend="25301" fatal="0" tenacity="2860" penetrate="0" stem="0" hit="912" avoid="670"/>
		<Monster level="69" hp="1106000" mp="49210" physicalAttack="26074" magicAttack="26074" physicalDefend="25797" magicDefend="25797" fatal="0" tenacity="2893" penetrate="0" stem="0" hit="926" avoid="680"/>
		<Monster level="70" hp="1120000" mp="49909" physicalAttack="26783" magicAttack="26783" physicalDefend="26299" magicDefend="26299" fatal="0" tenacity="2927" penetrate="0" stem="0" hit="939" avoid="689"/>
		<Monster level="71" hp="1134000" mp="54288" physicalAttack="27503" magicAttack="27503" physicalDefend="26803" magicDefend="26803" fatal="0" tenacity="3398" penetrate="0" stem="0" hit="953" avoid="699"/>
		<Monster level="72" hp="1148000" mp="55040" physicalAttack="28236" magicAttack="28236" physicalDefend="27313" magicDefend="27313" fatal="0" tenacity="3433" penetrate="0" stem="0" hit="966" avoid="709"/>
		<Monster level="73" hp="1162000" mp="55795" physicalAttack="28981" magicAttack="28981" physicalDefend="27825" magicDefend="27825" fatal="0" tenacity="3471" penetrate="0" stem="0" hit="979" avoid="719"/>
		<Monster level="74" hp="1176000" mp="56547" physicalAttack="29738" magicAttack="29738" physicalDefend="28340" magicDefend="28340" fatal="0" tenacity="3506" penetrate="0" stem="0" hit="993" avoid="729"/>
		<Monster level="75" hp="1190000" mp="57303" physicalAttack="30509" magicAttack="30509" physicalDefend="28860" magicDefend="28860" fatal="0" tenacity="3540" penetrate="0" stem="0" hit="1006" avoid="739"/>
		<Monster level="76" hp="1204000" mp="58054" physicalAttack="31291" magicAttack="31291" physicalDefend="29383" magicDefend="29383" fatal="0" tenacity="3575" penetrate="0" stem="0" hit="1019" avoid="748"/>
		<Monster level="77" hp="1218000" mp="58810" physicalAttack="32086" magicAttack="32086" physicalDefend="29910" magicDefend="29910" fatal="0" tenacity="3613" penetrate="0" stem="0" hit="1033" avoid="758"/>
		<Monster level="78" hp="1232000" mp="59561" physicalAttack="32893" magicAttack="32893" physicalDefend="30441" magicDefend="30441" fatal="0" tenacity="3645" penetrate="0" stem="0" hit="1046" avoid="768"/>
		<Monster level="79" hp="1246000" mp="60317" physicalAttack="33713" magicAttack="33713" physicalDefend="30974" magicDefend="30974" fatal="0" tenacity="3680" penetrate="0" stem="0" hit="1060" avoid="778"/>
		<Monster level="80" hp="1260000" mp="61076" physicalAttack="34544" magicAttack="34544" physicalDefend="31512" magicDefend="31512" fatal="0" tenacity="3714" penetrate="0" stem="0" hit="1073" avoid="788"/>
		<Monster level="81" hp="1274000" mp="66350" physicalAttack="35390" magicAttack="35390" physicalDefend="32053" magicDefend="32053" fatal="0" tenacity="4273" penetrate="0" stem="0" hit="1086" avoid="797"/>
		<Monster level="82" hp="1288000" mp="67166" physicalAttack="36247" magicAttack="36247" physicalDefend="32599" magicDefend="32599" fatal="0" tenacity="4312" penetrate="0" stem="0" hit="1100" avoid="807"/>
		<Monster level="83" hp="1302000" mp="67970" physicalAttack="37118" magicAttack="37118" physicalDefend="33147" magicDefend="33147" fatal="0" tenacity="4348" penetrate="0" stem="0" hit="1113" avoid="817"/>
		<Monster level="84" hp="1316000" mp="68783" physicalAttack="38000" magicAttack="38000" physicalDefend="33699" magicDefend="33699" fatal="0" tenacity="4388" penetrate="0" stem="0" hit="1127" avoid="827"/>
		<Monster level="85" hp="1330000" mp="69586" physicalAttack="38897" magicAttack="38897" physicalDefend="34255" magicDefend="34255" fatal="0" tenacity="4424" penetrate="0" stem="0" hit="1140" avoid="837"/>
		<Monster level="86" hp="1344000" mp="70403" physicalAttack="39805" magicAttack="39805" physicalDefend="34814" magicDefend="34814" fatal="0" tenacity="4460" penetrate="0" stem="0" hit="1153" avoid="847"/>
		<Monster level="87" hp="1358000" mp="71203" physicalAttack="40728" magicAttack="40728" physicalDefend="35378" magicDefend="35378" fatal="0" tenacity="4496" penetrate="0" stem="0" hit="1167" avoid="856"/>
		<Monster level="88" hp="1372000" mp="72019" physicalAttack="41662" magicAttack="41662" physicalDefend="35945" magicDefend="35945" fatal="0" tenacity="4532" penetrate="0" stem="0" hit="1180" avoid="866"/>
		<Monster level="89" hp="1386000" mp="72831" physicalAttack="42610" magicAttack="42610" physicalDefend="36514" magicDefend="36514" fatal="0" tenacity="4568" penetrate="0" stem="0" hit="1194" avoid="876"/>
		<Monster level="90" hp="1400000" mp="73635" physicalAttack="43571" magicAttack="43571" physicalDefend="37089" magicDefend="37089" fatal="0" tenacity="4604" penetrate="0" stem="0" hit="1207" avoid="886"/>
		<Monster level="91" hp="1414000" mp="79909" physicalAttack="44544" magicAttack="44544" physicalDefend="37666" magicDefend="37666" fatal="0" tenacity="5251" penetrate="0" stem="0" hit="1220" avoid="896"/>
		<Monster level="92" hp="1428000" mp="80777" physicalAttack="45530" magicAttack="45530" physicalDefend="38249" magicDefend="38249" fatal="0" tenacity="5292" penetrate="0" stem="0" hit="1234" avoid="906"/>
		<Monster level="93" hp="1442000" mp="81645" physicalAttack="46531" magicAttack="46531" physicalDefend="38834" magicDefend="38834" fatal="0" tenacity="5333" penetrate="0" stem="0" hit="1247" avoid="915"/>
		<Monster level="94" hp="1456000" mp="82513" physicalAttack="47544" magicAttack="47544" physicalDefend="39421" magicDefend="39421" fatal="0" tenacity="5370" penetrate="0" stem="0" hit="1261" avoid="925"/>
		<Monster level="95" hp="1470000" mp="83382" physicalAttack="48570" magicAttack="48570" physicalDefend="40014" magicDefend="40014" fatal="0" tenacity="5411" penetrate="0" stem="0" hit="1274" avoid="935"/>
		<Monster level="96" hp="1484000" mp="84250" physicalAttack="49610" magicAttack="49610" physicalDefend="40609" magicDefend="40609" fatal="0" tenacity="5448" penetrate="0" stem="0" hit="1287" avoid="945"/>
		<Monster level="97" hp="1498000" mp="85118" physicalAttack="50663" magicAttack="50663" physicalDefend="41210" magicDefend="41210" fatal="0" tenacity="5488" penetrate="0" stem="0" hit="1301" avoid="955"/>
		<Monster level="98" hp="1512000" mp="85986" physicalAttack="51730" magicAttack="51730" physicalDefend="41813" magicDefend="41813" fatal="0" tenacity="5525" penetrate="0" stem="0" hit="1314" avoid="965"/>
		<Monster level="99" hp="1526000" mp="86854" physicalAttack="52810" magicAttack="52810" physicalDefend="42419" magicDefend="42419" fatal="0" tenacity="5562" penetrate="0" stem="0" hit="1327" avoid="974"/>
		<Monster level="100" hp="1540000" mp="87730" physicalAttack="53903" magicAttack="53903" physicalDefend="43030" magicDefend="43030" fatal="0" tenacity="5598" penetrate="0" stem="0" hit="1341" avoid="984"/>
	</elite>
	<boss>
		<Monster level="1" hp="2000" mp="7160" physicalAttack="70" magicAttack="70" physicalDefend="50" magicDefend="50" fatal="0" tenacity="0" penetrate="0" stem="0" hit="19" avoid="15"/>
		<Monster level="2" hp="3000" mp="10790" physicalAttack="90" magicAttack="90" physicalDefend="80" magicDefend="80" fatal="0" tenacity="0" penetrate="0" stem="0" hit="36" avoid="29"/>
		<Monster level="3" hp="4000" mp="14310" physicalAttack="110" magicAttack="110" physicalDefend="110" magicDefend="110" fatal="0" tenacity="0" penetrate="0" stem="0" hit="54" avoid="42"/>
		<Monster level="4" hp="5000" mp="17940" physicalAttack="130" magicAttack="130" physicalDefend="120" magicDefend="120" fatal="0" tenacity="0" penetrate="0" stem="0" hit="71" avoid="55"/>
		<Monster level="5" hp="6000" mp="21470" physicalAttack="150" magicAttack="150" physicalDefend="130" magicDefend="130" fatal="0" tenacity="0" penetrate="0" stem="0" hit="88" avoid="69"/>
		<Monster level="6" hp="7000" mp="25100" physicalAttack="170" magicAttack="170" physicalDefend="140" magicDefend="140" fatal="0" tenacity="0" penetrate="0" stem="0" hit="105" avoid="82"/>
		<Monster level="7" hp="8000" mp="33520" physicalAttack="170" magicAttack="170" physicalDefend="140" magicDefend="140" fatal="0" tenacity="109" penetrate="0" stem="0" hit="122" avoid="95"/>
		<Monster level="8" hp="10000" mp="37760" physicalAttack="210" magicAttack="210" physicalDefend="150" magicDefend="150" fatal="0" tenacity="124" penetrate="0" stem="0" hit="139" avoid="109"/>
		<Monster level="9" hp="12000" mp="41980" physicalAttack="230" magicAttack="230" physicalDefend="170" magicDefend="170" fatal="0" tenacity="140" penetrate="0" stem="0" hit="156" avoid="122"/>
		<Monster level="10" hp="28000" mp="46150" physicalAttack="300" magicAttack="300" physicalDefend="180" magicDefend="180" fatal="0" tenacity="156" penetrate="0" stem="0" hit="173" avoid="136"/>
		<Monster level="11" hp="48480" mp="51170" physicalAttack="422" magicAttack="498" physicalDefend="548" magicDefend="548" fatal="0" tenacity="189" penetrate="0" stem="0" hit="190" avoid="149"/>
		<Monster level="12" hp="52160" mp="55410" physicalAttack="511" magicAttack="553" physicalDefend="605" magicDefend="605" fatal="0" tenacity="207" penetrate="0" stem="0" hit="208" avoid="162"/>
		<Monster level="13" hp="50260" mp="59690" physicalAttack="552" magicAttack="610" physicalDefend="664" magicDefend="664" fatal="0" tenacity="222" penetrate="0" stem="0" hit="225" avoid="176"/>
		<Monster level="14" hp="53570" mp="63930" physicalAttack="624" magicAttack="668" physicalDefend="722" magicDefend="722" fatal="0" tenacity="240" penetrate="0" stem="0" hit="242" avoid="189"/>
		<Monster level="15" hp="79200" mp="68200" physicalAttack="845" magicAttack="727" physicalDefend="784" magicDefend="784" fatal="0" tenacity="256" penetrate="0" stem="0" hit="259" avoid="203"/>
		<Monster level="16" hp="82880" mp="72440" physicalAttack="1372" magicAttack="1372" physicalDefend="1444" magicDefend="1444" fatal="0" tenacity="271" penetrate="0" stem="0" hit="276" avoid="216"/>
		<Monster level="17" hp="86560" mp="76730" physicalAttack="1574" magicAttack="1574" physicalDefend="1548" magicDefend="1548" fatal="0" tenacity="287" penetrate="0" stem="0" hit="293" avoid="229"/>
		<Monster level="18" hp="90240" mp="80960" physicalAttack="1796" magicAttack="1796" physicalDefend="1655" magicDefend="1655" fatal="0" tenacity="305" penetrate="0" stem="0" hit="310" avoid="243"/>
		<Monster level="19" hp="93920" mp="85240" physicalAttack="2038" magicAttack="2038" physicalDefend="1763" magicDefend="1763" fatal="0" tenacity="320" penetrate="0" stem="0" hit="327" avoid="256"/>
		<Monster level="20" hp="139200" mp="89550" physicalAttack="2298" magicAttack="2298" physicalDefend="1872" magicDefend="1872" fatal="0" tenacity="336" penetrate="0" stem="0" hit="344" avoid="270"/>
		<Monster level="21" hp="144160" mp="120910" physicalAttack="2534" magicAttack="2534" physicalDefend="2365" magicDefend="2365" fatal="0" tenacity="989" penetrate="0" stem="0" hit="362" avoid="283"/>
		<Monster level="22" hp="149120" mp="126450" physicalAttack="2744" magicAttack="2744" physicalDefend="2500" magicDefend="2500" fatal="0" tenacity="1034" penetrate="0" stem="0" hit="379" avoid="296"/>
		<Monster level="23" hp="154080" mp="131870" physicalAttack="2965" magicAttack="2965" physicalDefend="2638" magicDefend="2638" fatal="0" tenacity="1078" penetrate="0" stem="0" hit="396" avoid="310"/>
		<Monster level="24" hp="159040" mp="137420" physicalAttack="3200" magicAttack="3200" physicalDefend="2777" magicDefend="2777" fatal="0" tenacity="1124" penetrate="0" stem="0" hit="413" avoid="323"/>
		<Monster level="25" hp="164000" mp="142870" physicalAttack="3449" magicAttack="3449" physicalDefend="2917" magicDefend="2917" fatal="0" tenacity="1166" penetrate="0" stem="0" hit="430" avoid="337"/>
		<Monster level="26" hp="168960" mp="148410" physicalAttack="3710" magicAttack="3710" physicalDefend="3061" magicDefend="3061" fatal="0" tenacity="1209" penetrate="0" stem="0" hit="447" avoid="350"/>
		<Monster level="27" hp="173920" mp="153840" physicalAttack="3985" magicAttack="3985" physicalDefend="3206" magicDefend="3206" fatal="0" tenacity="1251" penetrate="0" stem="0" hit="464" avoid="363"/>
		<Monster level="28" hp="178880" mp="159380" physicalAttack="4273" magicAttack="4273" physicalDefend="3353" magicDefend="3353" fatal="0" tenacity="1293" penetrate="0" stem="0" hit="481" avoid="377"/>
		<Monster level="29" hp="183840" mp="164910" physicalAttack="4576" magicAttack="4576" physicalDefend="3503" magicDefend="3503" fatal="0" tenacity="1337" penetrate="0" stem="0" hit="498" avoid="390"/>
		<Monster level="30" hp="324000" mp="170380" physicalAttack="4894" magicAttack="4894" physicalDefend="3654" magicDefend="3654" fatal="0" tenacity="1381" penetrate="0" stem="0" hit="516" avoid="403"/>
		<Monster level="31" hp="332400" mp="184630" physicalAttack="5664" magicAttack="5664" physicalDefend="5154" magicDefend="5154" fatal="0" tenacity="1624" penetrate="0" stem="0" hit="533" avoid="417"/>
		<Monster level="32" hp="340800" mp="190370" physicalAttack="6026" magicAttack="6026" physicalDefend="5360" magicDefend="5360" fatal="0" tenacity="1673" penetrate="0" stem="0" hit="550" avoid="430"/>
		<Monster level="33" hp="349200" mp="196180" physicalAttack="6404" magicAttack="6404" physicalDefend="5569" magicDefend="5569" fatal="0" tenacity="1717" penetrate="0" stem="0" hit="567" avoid="444"/>
		<Monster level="34" hp="357600" mp="201920" physicalAttack="6798" magicAttack="6798" physicalDefend="5782" magicDefend="5782" fatal="0" tenacity="1768" penetrate="0" stem="0" hit="584" avoid="457"/>
		<Monster level="35" hp="366000" mp="207690" physicalAttack="7207" magicAttack="7207" physicalDefend="5995" magicDefend="5995" fatal="0" tenacity="1813" penetrate="0" stem="0" hit="601" avoid="470"/>
		<Monster level="36" hp="374400" mp="213430" physicalAttack="7633" magicAttack="7633" physicalDefend="6212" magicDefend="6212" fatal="0" tenacity="1859" penetrate="0" stem="0" hit="618" avoid="484"/>
		<Monster level="37" hp="382800" mp="219240" physicalAttack="8075" magicAttack="8075" physicalDefend="6431" magicDefend="6431" fatal="0" tenacity="1906" penetrate="0" stem="0" hit="635" avoid="497"/>
		<Monster level="38" hp="391200" mp="224980" physicalAttack="8532" magicAttack="8532" physicalDefend="6653" magicDefend="6653" fatal="0" tenacity="1951" penetrate="0" stem="0" hit="652" avoid="511"/>
		<Monster level="39" hp="399600" mp="230750" physicalAttack="9006" magicAttack="9006" physicalDefend="6877" magicDefend="6877" fatal="0" tenacity="1997" penetrate="0" stem="0" hit="670" avoid="524"/>
		<Monster level="40" hp="784000" mp="236570" physicalAttack="9497" magicAttack="9497" physicalDefend="7104" magicDefend="7104" fatal="0" tenacity="2042" penetrate="0" stem="0" hit="687" avoid="537"/>
		<Monster level="41" hp="800800" mp="257610" physicalAttack="9864" magicAttack="9864" physicalDefend="9112" magicDefend="9112" fatal="0" tenacity="2433" penetrate="0" stem="0" hit="704" avoid="551"/>
		<Monster level="42" hp="817600" mp="263790" physicalAttack="10337" magicAttack="10337" physicalDefend="9395" magicDefend="9395" fatal="0" tenacity="2487" penetrate="0" stem="0" hit="721" avoid="564"/>
		<Monster level="43" hp="834400" mp="269850" physicalAttack="10825" magicAttack="10825" physicalDefend="9680" magicDefend="9680" fatal="0" tenacity="2538" penetrate="0" stem="0" hit="738" avoid="578"/>
		<Monster level="44" hp="851200" mp="276030" physicalAttack="11328" magicAttack="11328" physicalDefend="9968" magicDefend="9968" fatal="0" tenacity="2587" penetrate="0" stem="0" hit="755" avoid="591"/>
		<Monster level="45" hp="868000" mp="282130" physicalAttack="11846" magicAttack="11846" physicalDefend="10260" magicDefend="10260" fatal="0" tenacity="2641" penetrate="0" stem="0" hit="772" avoid="604"/>
		<Monster level="46" hp="884800" mp="288310" physicalAttack="12380" magicAttack="12380" physicalDefend="10554" magicDefend="10554" fatal="0" tenacity="2692" penetrate="0" stem="0" hit="789" avoid="618"/>
		<Monster level="47" hp="901600" mp="294370" physicalAttack="12929" magicAttack="12929" physicalDefend="10852" magicDefend="10852" fatal="0" tenacity="2741" penetrate="0" stem="0" hit="806" avoid="631"/>
		<Monster level="48" hp="918400" mp="300550" physicalAttack="13493" magicAttack="13493" physicalDefend="11152" magicDefend="11152" fatal="0" tenacity="2790" penetrate="0" stem="0" hit="824" avoid="645"/>
		<Monster level="49" hp="935200" mp="306730" physicalAttack="14072" magicAttack="14072" physicalDefend="11454" magicDefend="11454" fatal="0" tenacity="2837" penetrate="0" stem="0" hit="841" avoid="658"/>
		<Monster level="50" hp="1248000" mp="312830" physicalAttack="14668" magicAttack="14668" physicalDefend="11760" magicDefend="11760" fatal="0" tenacity="2888" penetrate="0" stem="0" hit="858" avoid="671"/>
		<Monster level="51" hp="1269600" mp="341190" physicalAttack="14923" magicAttack="14923" physicalDefend="13910" magicDefend="13910" fatal="0" tenacity="3428" penetrate="0" stem="0" hit="875" avoid="685"/>
		<Monster level="52" hp="1291200" mp="347710" physicalAttack="15451" magicAttack="15451" physicalDefend="14264" magicDefend="14264" fatal="0" tenacity="3483" penetrate="0" stem="0" hit="892" avoid="698"/>
		<Monster level="53" hp="1312800" mp="354280" physicalAttack="15991" magicAttack="15991" physicalDefend="14622" magicDefend="14622" fatal="0" tenacity="3537" penetrate="0" stem="0" hit="909" avoid="711"/>
		<Monster level="54" hp="1334400" mp="360840" physicalAttack="16543" magicAttack="16543" physicalDefend="14982" magicDefend="14982" fatal="0" tenacity="3595" penetrate="0" stem="0" hit="926" avoid="725"/>
		<Monster level="55" hp="1356000" mp="367410" physicalAttack="17108" magicAttack="17108" physicalDefend="15346" magicDefend="15346" fatal="0" tenacity="3651" penetrate="0" stem="0" hit="943" avoid="738"/>
		<Monster level="56" hp="1377600" mp="373930" physicalAttack="17686" magicAttack="17686" physicalDefend="15712" magicDefend="15712" fatal="0" tenacity="3705" penetrate="0" stem="0" hit="960" avoid="752"/>
		<Monster level="57" hp="1399200" mp="380500" physicalAttack="18276" magicAttack="18276" physicalDefend="16081" magicDefend="16081" fatal="0" tenacity="3759" penetrate="0" stem="0" hit="978" avoid="765"/>
		<Monster level="58" hp="1420800" mp="387060" physicalAttack="18880" magicAttack="18880" physicalDefend="16453" magicDefend="16453" fatal="0" tenacity="3812" penetrate="0" stem="0" hit="995" avoid="778"/>
		<Monster level="59" hp="1442400" mp="393630" physicalAttack="19495" magicAttack="19495" physicalDefend="16829" magicDefend="16829" fatal="0" tenacity="3866" penetrate="0" stem="0" hit="1012" avoid="792"/>
		<Monster level="60" hp="1960000" mp="400220" physicalAttack="20123" magicAttack="20123" physicalDefend="17208" magicDefend="17208" fatal="0" tenacity="3917" penetrate="0" stem="0" hit="1029" avoid="805"/>
		<Monster level="61" hp="1988000" mp="435800" physicalAttack="20837" magicAttack="20837" physicalDefend="20232" magicDefend="20232" fatal="0" tenacity="4596" penetrate="0" stem="0" hit="1046" avoid="819"/>
		<Monster level="62" hp="2016000" mp="442900" physicalAttack="21450" magicAttack="21450" physicalDefend="20669" magicDefend="20669" fatal="0" tenacity="4659" penetrate="0" stem="0" hit="1063" avoid="832"/>
		<Monster level="63" hp="2044000" mp="449840" physicalAttack="22074" magicAttack="22074" physicalDefend="21108" magicDefend="21108" fatal="0" tenacity="4716" penetrate="0" stem="0" hit="1080" avoid="845"/>
		<Monster level="64" hp="2072000" mp="456950" physicalAttack="22711" magicAttack="22711" physicalDefend="21550" magicDefend="21550" fatal="0" tenacity="4774" penetrate="0" stem="0" hit="1097" avoid="859"/>
		<Monster level="65" hp="2100000" mp="463890" physicalAttack="23360" magicAttack="23360" physicalDefend="21996" magicDefend="21996" fatal="0" tenacity="4832" penetrate="0" stem="0" hit="1114" avoid="872"/>
		<Monster level="66" hp="2128000" mp="470990" physicalAttack="24020" magicAttack="24020" physicalDefend="22445" magicDefend="22445" fatal="0" tenacity="4895" penetrate="0" stem="0" hit="1132" avoid="886"/>
		<Monster level="67" hp="2156000" mp="477940" physicalAttack="24692" magicAttack="24692" physicalDefend="22898" magicDefend="22898" fatal="0" tenacity="4953" penetrate="0" stem="0" hit="1149" avoid="899"/>
		<Monster level="68" hp="2184000" mp="485040" physicalAttack="25378" magicAttack="25378" physicalDefend="23354" magicDefend="23354" fatal="0" tenacity="5005" penetrate="0" stem="0" hit="1166" avoid="912"/>
		<Monster level="69" hp="2212000" mp="492100" physicalAttack="26074" magicAttack="26074" physicalDefend="23813" magicDefend="23813" fatal="0" tenacity="5063" penetrate="0" stem="0" hit="1183" avoid="926"/>
		<Monster level="70" hp="2240000" mp="499090" physicalAttack="26783" magicAttack="26783" physicalDefend="24276" magicDefend="24276" fatal="0" tenacity="5122" penetrate="0" stem="0" hit="1200" avoid="939"/>
		<Monster level="71" hp="2268000" mp="542880" physicalAttack="27503" magicAttack="27503" physicalDefend="24742" magicDefend="24742" fatal="0" tenacity="5947" penetrate="0" stem="0" hit="1217" avoid="953"/>
		<Monster level="72" hp="2296000" mp="550400" physicalAttack="28236" magicAttack="28236" physicalDefend="25212" magicDefend="25212" fatal="0" tenacity="6008" penetrate="0" stem="0" hit="1234" avoid="966"/>
		<Monster level="73" hp="2324000" mp="557950" physicalAttack="28981" magicAttack="28981" physicalDefend="25685" magicDefend="25685" fatal="0" tenacity="6074" penetrate="0" stem="0" hit="1251" avoid="979"/>
		<Monster level="74" hp="2352000" mp="565470" physicalAttack="29738" magicAttack="29738" physicalDefend="26160" magicDefend="26160" fatal="0" tenacity="6136" penetrate="0" stem="0" hit="1268" avoid="993"/>
		<Monster level="75" hp="2380000" mp="573030" physicalAttack="30509" magicAttack="30509" physicalDefend="26640" magicDefend="26640" fatal="0" tenacity="6195" penetrate="0" stem="0" hit="1286" avoid="1006"/>
		<Monster level="76" hp="2408000" mp="580540" physicalAttack="31291" magicAttack="31291" physicalDefend="27122" magicDefend="27122" fatal="0" tenacity="6256" penetrate="0" stem="0" hit="1303" avoid="1019"/>
		<Monster level="77" hp="2436000" mp="588100" physicalAttack="32086" magicAttack="32086" physicalDefend="27610" magicDefend="27610" fatal="0" tenacity="6323" penetrate="0" stem="0" hit="1320" avoid="1033"/>
		<Monster level="78" hp="2464000" mp="595610" physicalAttack="32893" magicAttack="32893" physicalDefend="28099" magicDefend="28099" fatal="0" tenacity="6379" penetrate="0" stem="0" hit="1337" avoid="1046"/>
		<Monster level="79" hp="2492000" mp="603170" physicalAttack="33713" magicAttack="33713" physicalDefend="28591" magicDefend="28591" fatal="0" tenacity="6440" penetrate="0" stem="0" hit="1354" avoid="1060"/>
		<Monster level="80" hp="2520000" mp="610760" physicalAttack="34544" magicAttack="34544" physicalDefend="29088" magicDefend="29088" fatal="0" tenacity="6500" penetrate="0" stem="0" hit="1371" avoid="1073"/>
		<Monster level="81" hp="2548000" mp="663500" physicalAttack="35390" magicAttack="35390" physicalDefend="29587" magicDefend="29587" fatal="0" tenacity="7478" penetrate="0" stem="0" hit="1388" avoid="1086"/>
		<Monster level="82" hp="2576000" mp="671660" physicalAttack="36247" magicAttack="36247" physicalDefend="30091" magicDefend="30091" fatal="0" tenacity="7546" penetrate="0" stem="0" hit="1405" avoid="1100"/>
		<Monster level="83" hp="2604000" mp="679700" physicalAttack="37118" magicAttack="37118" physicalDefend="30598" magicDefend="30598" fatal="0" tenacity="7609" penetrate="0" stem="0" hit="1422" avoid="1113"/>
		<Monster level="84" hp="2632000" mp="687830" physicalAttack="38000" magicAttack="38000" physicalDefend="31106" magicDefend="31106" fatal="0" tenacity="7679" penetrate="0" stem="0" hit="1440" avoid="1127"/>
		<Monster level="85" hp="2660000" mp="695860" physicalAttack="38897" magicAttack="38897" physicalDefend="31620" magicDefend="31620" fatal="0" tenacity="7742" penetrate="0" stem="0" hit="1457" avoid="1140"/>
		<Monster level="86" hp="2688000" mp="704030" physicalAttack="39805" magicAttack="39805" physicalDefend="32136" magicDefend="32136" fatal="0" tenacity="7805" penetrate="0" stem="0" hit="1474" avoid="1153"/>
		<Monster level="87" hp="2716000" mp="712030" physicalAttack="40728" magicAttack="40728" physicalDefend="32657" magicDefend="32657" fatal="0" tenacity="7868" penetrate="0" stem="0" hit="1491" avoid="1167"/>
		<Monster level="88" hp="2744000" mp="720190" physicalAttack="41662" magicAttack="41662" physicalDefend="33180" magicDefend="33180" fatal="0" tenacity="7931" penetrate="0" stem="0" hit="1508" avoid="1180"/>
		<Monster level="89" hp="2772000" mp="728310" physicalAttack="42610" magicAttack="42610" physicalDefend="33706" magicDefend="33706" fatal="0" tenacity="7994" penetrate="0" stem="0" hit="1525" avoid="1194"/>
		<Monster level="90" hp="2800000" mp="736350" physicalAttack="43571" magicAttack="43571" physicalDefend="34236" magicDefend="34236" fatal="0" tenacity="8057" penetrate="0" stem="0" hit="1542" avoid="1207"/>
		<Monster level="91" hp="2828000" mp="799090" physicalAttack="44544" magicAttack="44544" physicalDefend="34769" magicDefend="34769" fatal="0" tenacity="9189" penetrate="0" stem="0" hit="1559" avoid="1220"/>
		<Monster level="92" hp="2856000" mp="807770" physicalAttack="45530" magicAttack="45530" physicalDefend="35306" magicDefend="35306" fatal="0" tenacity="9261" penetrate="0" stem="0" hit="1576" avoid="1234"/>
		<Monster level="93" hp="2884000" mp="816450" physicalAttack="46531" magicAttack="46531" physicalDefend="35846" magicDefend="35846" fatal="0" tenacity="9333" penetrate="0" stem="0" hit="1594" avoid="1247"/>
		<Monster level="94" hp="2912000" mp="825130" physicalAttack="47544" magicAttack="47544" physicalDefend="36389" magicDefend="36389" fatal="0" tenacity="9398" penetrate="0" stem="0" hit="1611" avoid="1261"/>
		<Monster level="95" hp="2940000" mp="833820" physicalAttack="48570" magicAttack="48570" physicalDefend="36936" magicDefend="36936" fatal="0" tenacity="9469" penetrate="0" stem="0" hit="1628" avoid="1274"/>
		<Monster level="96" hp="2968000" mp="842500" physicalAttack="49610" magicAttack="49610" physicalDefend="37486" magicDefend="37486" fatal="0" tenacity="9534" penetrate="0" stem="0" hit="1645" avoid="1287"/>
		<Monster level="97" hp="2996000" mp="851180" physicalAttack="50663" magicAttack="50663" physicalDefend="38040" magicDefend="38040" fatal="0" tenacity="9604" penetrate="0" stem="0" hit="1662" avoid="1301"/>
		<Monster level="98" hp="3024000" mp="859860" physicalAttack="51730" magicAttack="51730" physicalDefend="38597" magicDefend="38597" fatal="0" tenacity="9669" penetrate="0" stem="0" hit="1679" avoid="1314"/>
		<Monster level="99" hp="3052000" mp="868540" physicalAttack="52810" magicAttack="52810" physicalDefend="39156" magicDefend="39156" fatal="0" tenacity="9734" penetrate="0" stem="0" hit="1696" avoid="1327"/>
		<Monster level="100" hp="3080000" mp="877300" physicalAttack="53903" magicAttack="53903" physicalDefend="39720" magicDefend="39720" fatal="0" tenacity="9797" penetrate="0" stem="0" hit="1713" avoid="1341"/>
	</boss>
</Monsters>
