<maps>
	<map id="30101" area="1" type="1" name="绿篱走廊">
		<mmap id="301011" mapid="20102011"  name="绿篱走廊A" initx="392" inity="518" smallMap="12" boss="0"> 
			<passDoors>
				<passDoor id="2010206301" x="1730" y="478" to="20102012" />
			</passDoors>
		</mmap>
		<mmap id="301012" mapid="20102012"  name="绿篱走廊B" initx="392" inity="518" smallMap="13" boss="0"> 
			<passDoors>
				<passDoor id="2010206302" x="1730" y="478" to="20102011" /> 
				<passDoor id="2010206303" x="1730" y="478" to="20102013" /> 
			</passDoors>
		</mmap>
		<mmap id="301013" mapid="20102013"  name="绿篱走廊C" initx="392" inity="518" smallMap="14" boss="1"> 
			<passDoors>
				<passDoor id="2010206304" x="1730" y="478" to="20102012" /> 
			</passDoors>
		</mmap>
	</map>
	<map id="30102" area="1" type="1" name="国王大道">
		<mmap id="301021" mapid="20102041"  name="国王大道A" initx="392" inity="518" smallMap="12" boss="0"> 
			<passDoors>
				<passDoor id="2010207101" x="1730" y="478" to="20102042" />
			</passDoors>
		</mmap>
		<mmap id="301022" mapid="20102042"  name="国王大道B" initx="392" inity="518" smallMap="13" boss="0"> 
			<passDoors>
				<passDoor id="2010207102" x="1730" y="478" to="20102041" /> 
				<passDoor id="2010207103" x="1730" y="478" to="20102043" /> 
			</passDoors>
		</mmap>
		<mmap id="301023" mapid="20102043"  name="国王大道C" initx="392" inity="518" smallMap="14" boss="0"> 
			<passDoors>
				<passDoor id="2010207104" x="1730" y="478" to="20102042" /> 
			</passDoors>
		</mmap>
	</map>
	<map id="30103" area="1" type="1" name="隐蔽点">
		<mmap id="301031" mapid="20102071"  name="隐蔽点A" initx="392" inity="518" smallMap="12" boss="0"> 
			<passDoors>
				<passDoor id="20102071" x="1730" y="478" to="20102072" />
			</passDoors>
		</mmap>
		<mmap id="301032" mapid="20102072"  name="隐蔽点B" initx="392" inity="518" smallMap="13" boss="0"> 
			<passDoors>
				<passDoor id="2010207202" x="1730" y="478" to="20102071" /> 
				<passDoor id="2010207203" x="1730" y="478" to="20102073" /> 
			</passDoors>
		</mmap>
		<mmap id="301031" mapid="20102073"  name="隐蔽点C" initx="392" inity="518" smallMap="14" boss="0"> 
			<passDoors>
				<passDoor id="2010207204" x="1730" y="478" to="20102072" /> 
			</passDoors>
		</mmap>
	</map>
	<map id="30104" area="1" type="1" name="子午回归路">
		<mmap id="301041" mapid="20102011"  name="子午回归路A" initx="392" inity="518" smallMap="12" boss="0"> 
			<passDoors>
				<passDoor id="2010207301" x="1730" y="478" to="20102071" />
			</passDoors>
		</mmap>
		<mmap id="301042" mapid="20102071"  name="子午回归路B" initx="392" inity="518" smallMap="13" boss="0"> 
			<passDoors>
				<passDoor id="2010207302" x="1730" y="478" to="20102011" /> 
				<passDoor id="2010207303" x="1730" y="478" to="20102072" /> 
			</passDoors>
		</mmap>
		<mmap id="301043" mapid="20102072"  name="子午回归路C" initx="392" inity="518" smallMap="14" boss="1"> 
			<passDoors>
				<passDoor id="2010207304" x="1730" y="478" to="20102071" /> 
			</passDoors>
		</mmap>
	</map>
	<map id="30105" area="1" type="1" name="法戈斯小路">
		<mmap id="301051" mapid="20102012"  name="法戈斯小路A" initx="392" inity="518" smallMap="12" boss="0"> 
			<passDoors>
				<passDoor id="2010207301" x="1730" y="478" to="20102013" />
			</passDoors>
		</mmap>
		<mmap id="301052" mapid="20102013"  name="法戈斯小路B" initx="392" inity="518" smallMap="13" boss="0"> 
			<passDoors>
				<passDoor id="2010207302" x="1730" y="478" to="20102012" /> 
				<passDoor id="2010207303" x="1730" y="478" to="20102011" /> 
			</passDoors>
		</mmap>
		<mmap id="301053" mapid="20102011"  name="法戈斯小路C" initx="392" inity="518" smallMap="14" boss="0"> 
			<passDoors>
				<passDoor id="2010207304" x="1730" y="478" to="20102013" /> 
			</passDoors>
		</mmap>
	</map>
	<map id="30106" area="1" type="1" name="深凿裂牙">
		<mmap id="301061" mapid="20102051"  name="深凿裂牙A" initx="392" inity="518" smallMap="12" boss="0"> 
			<passDoors>
				<passDoor id="2010208201" x="1730" y="478" to="20102052" />
			</passDoors>
		</mmap>
		<mmap id="301061" mapid="20102052"  name="深凿裂牙B" initx="392" inity="518" smallMap="13" boss="0"> 
			<passDoors>
				<passDoor id="2010208202" x="1730" y="478" to="20102051" /> 
				<passDoor id="2010208203" x="1730" y="478" to="20102053" /> 
			</passDoors>
		</mmap>
		<mmap id="301061" mapid="20102053"  name="深凿裂牙C" initx="392" inity="518" smallMap="14" boss="0"> 
			<passDoors>
				<passDoor id="2010208204" x="1730" y="478" to="20102052" /> 
			</passDoors>
		</mmap>
	</map>
</maps>