<GameReward>
		<Scoress><!--这里是设定每一个等级的副本中，各种评价需要的最低积分-->
			<Scores level="10" sss="10400" ss="9000" s="7500" a="6000" b="5000" c="4500" d="0" />
			<Scores level="20" sss="10400" ss="9000" s="7500" a="6000" b="5000" c="4500" d="0" />
			<Scores level="30" sss="10400" ss="9000" s="7500" a="6000" b="5000" c="4500" d="0" />
			<Scores level="40" sss="10400" ss="9000" s="7500" a="6000" b="5000" c="4500" d="0" />
			<Scores level="50" sss="10400" ss="9000" s="7500" a="6000" b="5000" c="4500" d="0" />
			<Scores level="60" sss="10400" ss="9000" s="7500" a="6000" b="5000" c="4500" d="0" />
			<Scores level="60" sss="10400" ss="9000" s="7500" a="6000" b="5000" c="4500" d="0" />
		</Scoress>
		<LevelCoefficient>
			<Coefficient scorelevel="1" value="1.5" iron="0" copper="0" silver="4" gold="4" />
			<Coefficient scorelevel="2" value="1.2" iron="0" copper="1" silver="4" gold="3"/>
			<Coefficient scorelevel="3" value="1.1" iron="0" copper="1" silver="5" gold="2"/>
			<Coefficient scorelevel="4" value="1" iron="0" copper="2" silver="4" gold="2"/>
			<Coefficient scorelevel="5" value="0.8" iron="1" copper="3" silver="3" gold="1"/>
			<Coefficient scorelevel="6" value="0.6" iron="2" copper="4" silver="2" gold="0"/>
			<Coefficient scorelevel="7" value="0.5" iron="2" copper="5" silver="1" gold="0"/>
		</LevelCoefficient>	
		<CopyRewards> <!-- 副本奖励系数值 -->
			<Copy level="10" exp="15000" money="10000"/>	
			<Copy level="20" exp="29900" money="20500"/>				
            <Copy level="30" exp="35200" money="33500"/>
            <Copy level="40" exp="70200" money="43000"/>
            <Copy level="50" exp="85100" money="59900"/>
            <Copy level="60" exp="129700" money="73200"/>
            <Copy level="70" exp="154100" money="93900"/>
            <Copy level="80" exp="208400" money="111100"/>
            <Copy level="90" exp="242400" money="135700"/>
            <Copy level="100" exp="256400" money="156600"/>
		</CopyRewards>		
		<RewardsBox> <!-- 评分对应箱子-->
		    <Box level="1" iron="0"  copper="0"  silver="2"  gold="6"  /><!-- scoreLevel为副本等级1SSS,2SS,3S,4A,5B,6C,7D -->
		    <Box level="2" iron="0"  copper="2"  silver="2"  gold="4"  />
		    <Box level="3" iron="0"  copper="2"  silver="4"  gold="2"  />
		    <Box level="4" iron="0"  copper="2"  silver="4"  gold="2"  />
		    <Box level="5" iron="2"  copper="0"  silver="4"  gold="2"  />
		    <Box level="6" iron="2"  copper="4"  silver="2"  gold="0"  />
		    <Box level="7" iron="2"  copper="4"  silver="2"  gold="0"  />
		</RewardsBox>
</GameReward>

