<gamemonster>
	<gamecopy id="30101" name="绿篱走廊">
		<map id="301011">
		<Monster id="210001" name ="魔化蜘蛛" x="1104" y="432" />
		<Monster id="210001" name ="魔化蜘蛛" x="1424" y="412" />
		<Monster id="210001" name ="魔化蜘蛛" x="1102" y="550" />
		<Monster id="210001" name ="魔化蜘蛛" x="1094" y="382" />
		<Monster id="210001" name ="魔化蜘蛛" x="1104" y="432" />
		<Monster id="210001" name ="魔化蜘蛛" x="1424" y="412" />
		<Monster id="210002" name ="魔化的猩猩" x="1102" y="550" />
		<Monster id="210002" name ="魔化的猩猩" x="1094" y="382" />
		<Monster id="210002" name ="魔化的猩猩" x="1104" y="432" />
		<Monster id="210002" name ="魔化的猩猩" x="1424" y="412" />
		<Monster id="210002" name ="感染的豺狼" x="1102" y="550" />
		<Monster id="210002" name ="感染的豺狼" x="1094" y="382" />
		<Monster id="210002" name ="感染的豺狼" x="1104" y="432" />
		<Monster id="210002" name ="感染的豺狼" x="1424" y="412" />
		<Monster id="200568" name ="感染的豺狼" x="1102" y="550" />
		</map>
        <map id="301012">
		<Monster id="210001" name ="魔化蜘蛛" x="1104" y="432" />
		<Monster id="210001" name ="魔化蜘蛛" x="1424" y="412" />
		<Monster id="210001" name ="魔化蜘蛛" x="1102" y="550" />
		<Monster id="210001" name ="魔化蜘蛛" x="1094" y="382" />
		<Monster id="210001" name ="魔化蜘蛛" x="1104" y="432" />
		<Monster id="210001" name ="魔化蜘蛛" x="1424" y="412" />
		<Monster id="210002" name ="魔化的猩猩" x="1102" y="550" />
		<Monster id="210002" name ="魔化的猩猩" x="1094" y="382" />
		<Monster id="210002" name ="魔化的猩猩" x="1104" y="432" />
		<Monster id="210002" name ="魔化的猩猩" x="1424" y="412" />
		<Monster id="210003" name ="感染的豺狼" x="1102" y="550" />
		<Monster id="210003" name ="感染的豺狼" x="1094" y="382" />
		<Monster id="210003" name ="感染的豺狼" x="1104" y="432" />
		<Monster id="210003" name ="感染的豺狼" x="1424" y="412" />
		<Monster id="210003" name ="感染的豺狼" x="1102" y="550" />
		</map>
        <map id="301013">
		<Monster id="210001" name ="魔化蜘蛛" x="1104" y="432" />
		<Monster id="210001" name ="魔化蜘蛛" x="1424" y="412" />
		<Monster id="210001" name ="魔化蜘蛛" x="1102" y="550" />
		<Monster id="210001" name ="魔化蜘蛛" x="1094" y="382" />
		<Monster id="210001" name ="魔化蜘蛛" x="1104" y="432" />
		<Monster id="210001" name ="魔化蜘蛛" x="1424" y="412" />
		<Monster id="210002" name ="魔化的猩猩" x="1102" y="550" />
		<Monster id="210002" name ="魔化的猩猩" x="1094" y="382" />
		<Monster id="210002" name ="魔化的猩猩" x="1104" y="432" />
		<Monster id="210002" name ="魔化的猩猩" x="1424" y="412" />
		<Monster id="210003" name ="感染的豺狼" x="1102" y="550" />
		<Monster id="210003" name ="感染的豺狼" x="1094" y="382" />
		<Monster id="210003" name ="感染的豺狼" x="1104" y="432" />
		<Monster id="210003" name ="感染的豺狼" x="1424" y="412" />
		<Monster id="210003" name ="感染的豺狼" x="1102" y="550" />
		<Monster id="210004" name ="魔狼王" x="1094" y="382" />
		</map>
	</gamecopy>
   	<gamecopy id="30102" name="国王大道">
		<map id="20102041">
		<Monster id="210005" name ="毒刺花" x="1104" y="432" />
		<Monster id="210005" name ="毒刺花" x="1424" y="412" />
		<Monster id="210005" name ="毒刺花" x="1102" y="550" />
		<Monster id="210005" name ="毒刺花" x="1094" y="382" />
		<Monster id="210005" name ="毒刺花" x="1104" y="432" />
		<Monster id="210006" name ="魔化的守卫" x="1424" y="412" />
		<Monster id="210006" name ="魔化的守卫" x="1102" y="550" />
		<Monster id="210006" name ="魔化的守卫" x="1094" y="382" />
		<Monster id="210006" name ="魔化的守卫" x="1104" y="432" />
		<Monster id="210007" name ="黑暗魔兵" x="1424" y="412" />
		<Monster id="210007" name ="黑暗魔兵" x="1102" y="550" />
		<Monster id="210007" name ="黑暗魔兵" x="1094" y="382" />
		<Monster id="210007" name ="黑暗魔兵" x="1104" y="432" />
		<Monster id="210008" name ="蜘蛛怪" x="1424" y="412" />
		<Monster id="210008" name ="蜘蛛怪" x="1102" y="550" />
		</map>
		<map id="20102042">
		<Monster id="210005" name ="毒刺花" x="1104" y="432" />
		<Monster id="210005" name ="毒刺花" x="1102" y="550" />
		<Monster id="210005" name ="毒刺花" x="1094" y="382" />
		<Monster id="210005" name ="毒刺花" x="1104" y="432" />
		<Monster id="210006" name ="魔化的守卫" x="1424" y="412" />
		<Monster id="210006" name ="魔化的守卫" x="1102" y="550" />
		<Monster id="210006" name ="魔化的守卫" x="1094" y="382" />
		<Monster id="210006" name ="魔化的守卫" x="1104" y="432" />
		<Monster id="210007" name ="黑暗魔兵" x="1424" y="412" />
		<Monster id="210007" name ="黑暗魔兵" x="1102" y="550" />
		<Monster id="210007" name ="黑暗魔兵" x="1094" y="382" />
		<Monster id="210007" name ="黑暗魔兵" x="1104" y="432" />
		<Monster id="210008" name ="蜘蛛怪" x="1424" y="412" />
		<Monster id="210008" name ="蜘蛛怪" x="1102" y="550" />
		</map>
        <map id="20102043">
		<Monster id="210005" name ="毒刺花" x="1104" y="432" />
		<Monster id="210005" name ="毒刺花" x="1424" y="412" />
		<Monster id="210005" name ="毒刺花" x="1102" y="550" />
		<Monster id="210005" name ="毒刺花" x="1094" y="382" />
		<Monster id="210005" name ="毒刺花" x="1104" y="432" />
		<Monster id="210006" name ="魔化的守卫" x="1424" y="412" />
		<Monster id="210006" name ="魔化的守卫" x="1102" y="550" />
		<Monster id="210006" name ="魔化的守卫" x="1094" y="382" />
		<Monster id="210006" name ="魔化的守卫" x="1104" y="432" />
		<Monster id="210007" name ="黑暗魔兵" x="1424" y="412" />
		<Monster id="210007" name ="黑暗魔兵" x="1102" y="550" />
		<Monster id="210007" name ="黑暗魔兵" x="1094" y="382" />
		<Monster id="210007" name ="黑暗魔兵" x="1104" y="432" />
		<Monster id="210008" name ="蜘蛛怪" x="1424" y="412" />
		<Monster id="210008" name ="蜘蛛怪" x="1102" y="550" />
		<Monster id="210009" name ="魔化将领" x="1102" y="550" />
		</map>
   </gamecopy>
   	<gamecopy id="30103" name="隐蔽点">
		<map id="20102071">
		<Monster id="210010" name ="火焰怪" x="1104" y="432" />
		<Monster id="210010" name ="火焰怪" x="1424" y="412" />
		<Monster id="210010" name ="火焰怪" x="1102" y="550" />
		<Monster id="210010" name ="火焰怪" x="1094" y="382" />
		<Monster id="210010" name ="火焰怪" x="1104" y="432" />
		<Monster id="200576" name ="火焰魔狼" x="1424" y="412" />
		<Monster id="200576" name ="火焰魔狼" x="1102" y="550" />
		<Monster id="200576" name ="火焰魔狼" x="1094" y="382" />
		<Monster id="200576" name ="火焰魔狼" x="1104" y="432" />
		<Monster id="200577" name ="不死射手" x="1424" y="412" />
		<Monster id="200577" name ="不死射手" x="1102" y="550" />
		<Monster id="200577" name ="不死射手" x="1094" y="382" />
		<Monster id="200577" name ="不死射手" x="1104" y="432" />
		<Monster id="210013" name ="邪恶蜘蛛" x="1424" y="412" />
		<Monster id="210013" name ="邪恶蜘蛛" x="1102" y="550" />
		</map>
		<map id="20102072">
		<Monster id="210010" name ="火焰怪" x="1104" y="432" />
		<Monster id="210010" name ="火焰怪" x="1424" y="412" />
		<Monster id="210010" name ="火焰怪" x="1102" y="550" />
		<Monster id="210010" name ="火焰怪" x="1094" y="382" />
		<Monster id="210010" name ="火焰怪" x="1104" y="432" />
		<Monster id="210011" name ="火焰魔狼" x="1424" y="412" />
		<Monster id="210011" name ="火焰魔狼" x="1102" y="550" />
		<Monster id="210011" name ="火焰魔狼" x="1094" y="382" />
		<Monster id="210011" name ="火焰魔狼" x="1104" y="432" />
		<Monster id="210012" name ="不死射手" x="1424" y="412" />
		<Monster id="210012" name ="不死射手" x="1102" y="550" />
		<Monster id="210012" name ="不死射手" x="1094" y="382" />
		<Monster id="210012" name ="不死射手" x="1104" y="432" />
		<Monster id="210013" name ="邪恶蜘蛛" x="1424" y="412" />
		<Monster id="210013" name ="邪恶蜘蛛" x="1102" y="550" />
		</map>
		<map id="20102073">
		<Monster id="210010" name ="火焰怪" x="1104" y="432" />
		<Monster id="210010" name ="火焰怪" x="1424" y="412" />
		<Monster id="210010" name ="火焰怪" x="1102" y="550" />
		<Monster id="210010" name ="火焰怪" x="1094" y="382" />
		<Monster id="210010" name ="火焰怪" x="1104" y="432" />
		<Monster id="210011" name ="火焰魔狼" x="1424" y="412" />
		<Monster id="210011" name ="火焰魔狼" x="1102" y="550" />
		<Monster id="210011" name ="火焰魔狼" x="1094" y="382" />
		<Monster id="210011" name ="火焰魔狼" x="1104" y="432" />
		<Monster id="210012" name ="不死射手" x="1424" y="412" />
		<Monster id="210012" name ="不死射手" x="1102" y="550" />
		<Monster id="210012" name ="不死射手" x="1094" y="382" />
		<Monster id="210012" name ="不死射手" x="1104" y="432" />
		<Monster id="210013" name ="邪恶蜘蛛" x="1424" y="412" />
		<Monster id="210013" name ="邪恶蜘蛛" x="1102" y="550" />
		<Monster id="210014" name ="守卫将领" x="1102" y="550" />
		</map>
   </gamecopy>
	<gamecopy id="30104" name="子午回归路">
		<map id="20102011">
		<Monster id="210015" name ="流窜的土匪" x="1104" y="432" />
		<Monster id="210015" name ="流窜的土匪" x="1424" y="412" />
		<Monster id="210015" name ="流窜的土匪" x="1102" y="550" />
		<Monster id="210015" name ="流窜的土匪" x="1094" y="382" />
		<Monster id="210015" name ="流窜的土匪" x="1104" y="432" />
		<Monster id="210016" name ="沼泽怪" x="1424" y="412" />
		<Monster id="210016" name ="沼泽怪" x="1102" y="550" />
		<Monster id="210016" name ="沼泽怪" x="1094" y="382" />
		<Monster id="210016" name ="沼泽怪" x="1104" y="432" />
		<Monster id="210017" name ="沼泽魔兵" x="1424" y="412" />
		<Monster id="210017" name ="沼泽魔兵" x="1102" y="550" />
		<Monster id="210017" name ="沼泽魔兵" x="1094" y="382" />
		<Monster id="210017" name ="沼泽魔兵" x="1104" y="432" />
		<Monster id="210017" name ="沼泽魔兵" x="1424" y="412" />
		<Monster id="210017" name ="沼泽魔兵" x="1102" y="550" />
		</map>
        <map id="20102012">
		<Monster id="210015" name ="流窜的土匪" x="1104" y="432" />
		<Monster id="210015" name ="流窜的土匪" x="1424" y="412" />
		<Monster id="210015" name ="流窜的土匪" x="1102" y="550" />
		<Monster id="210015" name ="流窜的土匪" x="1094" y="382" />
		<Monster id="210015" name ="流窜的土匪" x="1104" y="432" />
		<Monster id="210016" name ="沼泽怪" x="1424" y="412" />
		<Monster id="210016" name ="沼泽怪" x="1102" y="550" />
		<Monster id="210016" name ="沼泽怪" x="1094" y="382" />
		<Monster id="210016" name ="沼泽怪" x="1104" y="432" />
		<Monster id="210017" name ="沼泽魔兵" x="1424" y="412" />
		<Monster id="210017" name ="沼泽魔兵" x="1102" y="550" />
		<Monster id="210017" name ="沼泽魔兵" x="1094" y="382" />
		<Monster id="210017" name ="沼泽魔兵" x="1104" y="432" />
		<Monster id="210017" name ="沼泽魔兵" x="1424" y="412" />
		<Monster id="210017" name ="沼泽魔兵" x="1102" y="550" />
		</map>
        <map id="20102013">
		<Monster id="210015" name ="流窜的土匪" x="1104" y="432" />
		<Monster id="210015" name ="流窜的土匪" x="1424" y="412" />
		<Monster id="210015" name ="流窜的土匪" x="1102" y="550" />
		<Monster id="210015" name ="流窜的土匪" x="1094" y="382" />
		<Monster id="210015" name ="流窜的土匪" x="1104" y="432" />
		<Monster id="210016" name ="沼泽怪" x="1424" y="412" />
		<Monster id="210016" name ="沼泽怪" x="1102" y="550" />
		<Monster id="210016" name ="沼泽怪" x="1094" y="382" />
		<Monster id="210016" name ="沼泽怪" x="1104" y="432" />
		<Monster id="210017" name ="沼泽魔兵" x="1424" y="412" />
		<Monster id="210017" name ="沼泽魔兵" x="1102" y="550" />
		<Monster id="210017" name ="沼泽魔兵" x="1094" y="382" />
		<Monster id="210017" name ="沼泽魔兵" x="1104" y="432" />
		<Monster id="210017" name ="沼泽魔兵" x="1424" y="412" />
		<Monster id="210017" name ="沼泽魔兵" x="1102" y="550" />
		<Monster id="210018" name ="指挥官" x="1102" y="550" />
		</map>
	</gamecopy>
   	<gamecopy id="30105" name="法戈斯小路">
		<map id="20102012">
		<Monster id="210020" name ="巨熊" x="1104" y="432" />
		<Monster id="210020" name ="巨熊" x="1424" y="412" />
		<Monster id="210020" name ="巨熊" x="1102" y="550" />
		<Monster id="210020" name ="巨熊" x="1094" y="382" />
		<Monster id="210020" name ="巨熊" x="1104" y="432" />
		<Monster id="210020" name ="巨狼" x="1424" y="412" />
		<Monster id="210020" name ="巨狼" x="1102" y="550" />
		<Monster id="210020" name ="巨狼" x="1094" y="382" />
		<Monster id="210020" name ="巨狼" x="1104" y="432" />
		<Monster id="210021" name ="守洞狼怪" x="1424" y="412" />
		<Monster id="210021" name ="守洞狼怪" x="1102" y="550" />
		<Monster id="210021" name ="守洞狼怪" x="1094" y="382" />
		<Monster id="210021" name ="守洞狼怪" x="1104" y="432" />
		<Monster id="210021" name ="守洞狼怪" x="1424" y="412" />
		<Monster id="210021" name ="守洞狼怪" x="1102" y="550" />
		</map>
		<map id="20102013">
		<Monster id="210020" name ="巨熊" x="1104" y="432" />
		<Monster id="210020" name ="巨熊" x="1424" y="412" />
		<Monster id="210020" name ="巨熊" x="1102" y="550" />
		<Monster id="210020" name ="巨熊" x="1094" y="382" />
		<Monster id="210020" name ="巨熊" x="1104" y="432" />
		<Monster id="210020" name ="巨狼" x="1424" y="412" />
		<Monster id="210020" name ="巨狼" x="1102" y="550" />
		<Monster id="210020" name ="巨狼" x="1094" y="382" />
		<Monster id="210020" name ="巨狼" x="1104" y="432" />
		<Monster id="210021" name ="守洞狼怪" x="1424" y="412" />
		<Monster id="210021" name ="守洞狼怪" x="1102" y="550" />
		<Monster id="210021" name ="守洞狼怪" x="1094" y="382" />
		<Monster id="210021" name ="守洞狼怪" x="1104" y="432" />
		<Monster id="210021" name ="守洞狼怪" x="1424" y="412" />
		<Monster id="210021" name ="守洞狼怪" x="1102" y="550" />
		</map>
        <map id="20102011">
		<Monster id="210020" name ="巨熊" x="1104" y="432" />
		<Monster id="210020" name ="巨熊" x="1424" y="412" />
		<Monster id="210020" name ="巨熊" x="1102" y="550" />
		<Monster id="210020" name ="巨熊" x="1094" y="382" />
		<Monster id="210020" name ="巨熊" x="1104" y="432" />
		<Monster id="210020" name ="巨狼" x="1424" y="412" />
		<Monster id="210020" name ="巨狼" x="1102" y="550" />
		<Monster id="210020" name ="巨狼" x="1094" y="382" />
		<Monster id="210020" name ="巨狼" x="1104" y="432" />
		<Monster id="210021" name ="守洞狼怪" x="1424" y="412" />
		<Monster id="210021" name ="守洞狼怪" x="1102" y="550" />
		<Monster id="210021" name ="守洞狼怪" x="1094" y="382" />
		<Monster id="210021" name ="守洞狼怪" x="1104" y="432" />
		<Monster id="210021" name ="守洞狼怪" x="1424" y="412" />
		<Monster id="210021" name ="守洞狼怪" x="1102" y="550" />
		<Monster id="210022" name ="大地之熊" x="1102" y="550" />
		</map>
   </gamecopy>
   	<gamecopy id="30106" name="深凿裂牙">
		<map id="20102051">
		<Monster id="210023" name ="火焰怪" x="1104" y="432" />
		<Monster id="210023" name ="火焰怪" x="1424" y="412" />
		<Monster id="210023" name ="火焰怪" x="1102" y="550" />
		<Monster id="210023" name ="火焰怪" x="1094" y="382" />
		<Monster id="210023" name ="火焰怪" x="1104" y="432" />
		<Monster id="210024" name ="火焰巨人" x="1424" y="412" />
		<Monster id="210024" name ="火焰巨人" x="1102" y="550" />
		<Monster id="210024" name ="火焰巨人" x="1094" y="382" />
		<Monster id="210024" name ="火焰巨人" x="1104" y="432" />
		<Monster id="210025" name ="双头火魔狼" x="1424" y="412" />
		<Monster id="210025" name ="双头火魔狼" x="1102" y="550" />
		<Monster id="210025" name ="双头火魔狼" x="1094" y="382" />
		<Monster id="210025" name ="双头火魔狼" x="1104" y="432" />
		<Monster id="210025" name ="双头火魔狼" x="1424" y="412" />
		<Monster id="210025" name ="双头火魔狼" x="1102" y="550" />
		</map>
		<map id="20102052">
		<Monster id="210023" name ="火焰怪" x="1104" y="432" />
		<Monster id="210023" name ="火焰怪" x="1424" y="412" />
		<Monster id="210023" name ="火焰怪" x="1102" y="550" />
		<Monster id="210023" name ="火焰怪" x="1094" y="382" />
		<Monster id="210023" name ="火焰怪" x="1104" y="432" />
		<Monster id="210024" name ="火焰巨人" x="1424" y="412" />
		<Monster id="210024" name ="火焰巨人" x="1102" y="550" />
		<Monster id="210024" name ="火焰巨人" x="1094" y="382" />
		<Monster id="210024" name ="火焰巨人" x="1104" y="432" />
		<Monster id="210025" name ="双头火魔狼" x="1424" y="412" />
		<Monster id="210025" name ="双头火魔狼" x="1102" y="550" />
		<Monster id="210025" name ="双头火魔狼" x="1094" y="382" />
		<Monster id="210025" name ="双头火魔狼" x="1104" y="432" />
		<Monster id="210025" name ="双头火魔狼" x="1424" y="412" />
		<Monster id="210025" name ="双头火魔狼" x="1102" y="550" />
		</map>
        <map id="20102053">
		<Monster id="210023" name ="火焰怪" x="1104" y="432" />
		<Monster id="210023" name ="火焰怪" x="1424" y="412" />
		<Monster id="210023" name ="火焰怪" x="1102" y="550" />
		<Monster id="210023" name ="火焰怪" x="1094" y="382" />
		<Monster id="210023" name ="火焰怪" x="1104" y="432" />
		<Monster id="210024" name ="火焰巨人" x="1424" y="412" />
		<Monster id="210024" name ="火焰巨人" x="1102" y="550" />
		<Monster id="210024" name ="火焰巨人" x="1094" y="382" />
		<Monster id="210024" name ="火焰巨人" x="1104" y="432" />
		<Monster id="210025" name ="双头火魔狼" x="1424" y="412" />
		<Monster id="210025" name ="双头火魔狼" x="1102" y="550" />
		<Monster id="210025" name ="双头火魔狼" x="1094" y="382" />
		<Monster id="210025" name ="双头火魔狼" x="1104" y="432" />
		<Monster id="210025" name ="双头火魔狼" x="1424" y="412" />
		<Monster id="210025" name ="双头火魔狼" x="1102" y="550" />
		<Monster id="210026" name ="地狱双头狼" x="1102" y="550" />
		</map>
   </gamecopy>
</gamemonster>