<GameReward>
		<Scoress><!--这里是设定每一个等级的副本中，各种评价需要的最低积分-->
			<Scores level="1" sss="1200" ss="1000" s="800" a="400" b="300" c="200" d="0" />
			<Scores level="2" sss="1200" ss="1000" s="800" a="500" b="400" c="300" d="0" />
			<Scores level="3" sss="1200" ss="1000" s="800" a="600" b="500" c="400" d="0" />
			<Scores level="4" sss="1300" ss="1200" s="1000" a="700" b="600" c="500" d="0" />
			<Scores level="5" sss="2300" ss="1200" s="1000" a="800" b="700" c="600" d="0" />
			<Scores level="6" sss="3300" ss="1200" s="2000" a="900" b="800" c="700" d="0" />
			<Scores level="7" sss="4400" ss="1300" s="2000" a="1000" b="900" c="800" d="0" />
			<Scores level="8" sss="5400" ss="1300" s="2000" a="1000" b="900" c="800" d="0" />
			<Scores level="9" sss="7000" ss="2700" s="2000" a="1000" b="900" c="800" d="0" />
			<Scores level="10" sss="7500" ss="3500" s="2000" a="1000" b="900" c="800" d="0" />
			<Scores level="11" sss="7500" ss="3500" s="2000" a="1000" b="900" c="800" d="0" />
			<Scores level="12" sss="7500" ss="3500" s="2000" a="1000" b="900" c="800" d="0" />
			<Scores level="13" sss="7500" ss="3500" s="2000" a="1000" b="900" c="800" d="0" />
			<Scores level="14" sss="10000" ss="8600" s="7500" a="4000" b="3000" c="1500" d="0" />
			<Scores level="15" sss="10000" ss="8600" s="7500" a="4000" b="3000" c="1500" d="0" />
			<Scores level="16" sss="10000" ss="8600" s="7500" a="4000" b="3000" c="1500" d="0" />
			<Scores level="17" sss="10000" ss="8600" s="7500" a="4000" b="3000" c="1500" d="0" />
			<Scores level="18" sss="10000" ss="8600" s="7500" a="4000" b="3000" c="1500" d="0" />
			<Scores level="19" sss="10000" ss="8600" s="7500" a="4000" b="3000" c="1500" d="0" />
			<Scores level="20" sss="10000" ss="8600" s="7500" a="4000" b="3000" c="1500" d="0" />
			<Scores level="21" sss="10000" ss="8600" s="7500" a="4000" b="3000" c="1500" d="0" />
			<Scores level="22" sss="10000" ss="8600" s="7500" a="4000" b="3000" c="1500" d="0" />
			<Scores level="23" sss="10000" ss="8600" s="7500" a="4000" b="3000" c="1500" d="0" />
			<Scores level="24" sss="10000" ss="8600" s="7500" a="4000" b="3000" c="1500" d="0" />
			<Scores level="25" sss="10000" ss="8600" s="7500" a="4000" b="3000" c="1500" d="0" />
			<Scores level="26" sss="10000" ss="8600" s="7500" a="4000" b="3000" c="1500" d="0" />
			<Scores level="27" sss="10000" ss="8600" s="7500" a="4000" b="3000" c="1500" d="0" />
			<Scores level="28" sss="10000" ss="8600" s="7500" a="4000" b="3000" c="1500" d="0" />
			<Scores level="29" sss="10000" ss="8600" s="7500" a="4000" b="3000" c="1500" d="0" />
			<Scores level="30" sss="10000" ss="8600" s="7500" a="4000" b="3000" c="1500" d="0" />
			<Scores level="31" sss="10000" ss="8600" s="7500" a="4000" b="3000" c="1500" d="0" />
			<Scores level="32" sss="10000" ss="8600" s="7500" a="4000" b="3000" c="1500" d="0" />
			<Scores level="33" sss="10000" ss="8600" s="7500" a="4000" b="3000" c="1500" d="0" />
			<Scores level="34" sss="10000" ss="8600" s="7500" a="4000" b="3000" c="1500" d="0" />
			<Scores level="35" sss="10000" ss="8600" s="7500" a="4000" b="3000" c="1500" d="0" />
			<Scores level="36" sss="10000" ss="8600" s="7500" a="4000" b="3000" c="1500" d="0" />
			<Scores level="37" sss="10000" ss="8600" s="7500" a="4000" b="3000" c="1500" d="0" />
			<Scores level="38" sss="10000" ss="8600" s="7500" a="4000" b="3000" c="1500" d="0" />
			<Scores level="39" sss="10000" ss="8600" s="7500" a="4000" b="3000" c="1500" d="0" />
			<Scores level="40" sss="10000" ss="8600" s="7500" a="4000" b="3000" c="1500" d="0" />
			<Scores level="41" sss="10000" ss="8600" s="7500" a="4000" b="3000" c="1500" d="0" />
			<Scores level="42" sss="10000" ss="8600" s="7500" a="4000" b="3000" c="1500" d="0" />
			<Scores level="43" sss="10000" ss="8600" s="7500" a="4000" b="3000" c="1500" d="0" />
			<Scores level="44" sss="10000" ss="8600" s="7500" a="4000" b="3000" c="1500" d="0" />
			<Scores level="45" sss="10000" ss="8600" s="7500" a="4000" b="3000" c="1500" d="0" />
			<Scores level="46" sss="10000" ss="8600" s="7500" a="4000" b="3000" c="1500" d="0" />
			<Scores level="47" sss="10000" ss="8600" s="7500" a="4000" b="3000" c="1500" d="0" />
			<Scores level="48" sss="10000" ss="8600" s="7500" a="4000" b="3000" c="1500" d="0" />
			<Scores level="49" sss="10000" ss="8600" s="7500" a="4000" b="3000" c="1500" d="0" />
			<Scores level="50" sss="10000" ss="8600" s="7500" a="4000" b="3000" c="1500" d="0" />
			<Scores level="51" sss="10000" ss="8600" s="7500" a="4000" b="3000" c="1500" d="0" />
			<Scores level="52" sss="10000" ss="8600" s="7500" a="4000" b="3000" c="1500" d="0" />
			<Scores level="53" sss="10000" ss="8600" s="7500" a="4000" b="3000" c="1500" d="0" />
			<Scores level="54" sss="10000" ss="8600" s="7500" a="4000" b="3000" c="1500" d="0" />
			<Scores level="55" sss="10000" ss="8600" s="7500" a="4000" b="3000" c="1500" d="0" />
			<Scores level="56" sss="10000" ss="8600" s="7500" a="4000" b="3000" c="1500" d="0" />
			<Scores level="57" sss="10000" ss="8600" s="7500" a="4000" b="3000" c="1500" d="0" />
			<Scores level="58" sss="10000" ss="8600" s="7500" a="4000" b="3000" c="1500" d="0" />
			<Scores level="59" sss="10000" ss="8600" s="7500" a="4000" b="3000" c="1500" d="0" />
			<Scores level="60" sss="10000" ss="8600" s="7500" a="4000" b="3000" c="1500" d="0" />
			<Scores level="61" sss="10000" ss="8600" s="7500" a="4000" b="3000" c="1500" d="0" />
			<Scores level="62" sss="10000" ss="8600" s="7500" a="4000" b="3000" c="1500" d="0" />
			<Scores level="63" sss="10000" ss="8600" s="7500" a="4000" b="3000" c="1500" d="0" />
			<Scores level="64" sss="10000" ss="8600" s="7500" a="4000" b="3000" c="1500" d="0" />
			<Scores level="65" sss="10000" ss="8600" s="7500" a="4000" b="3000" c="1500" d="0" />
			<Scores level="66" sss="10000" ss="8600" s="7500" a="4000" b="3000" c="1500" d="0" />
			<Scores level="67" sss="10000" ss="8600" s="7500" a="4000" b="3000" c="1500" d="0" />
			<Scores level="68" sss="10000" ss="8600" s="7500" a="4000" b="3000" c="1500" d="0" />
			<Scores level="69" sss="10000" ss="8600" s="7500" a="4000" b="3000" c="1500" d="0" />
			<Scores level="70" sss="10000" ss="8600" s="7500" a="4000" b="3000" c="1500" d="0" />
			<Scores level="71" sss="10000" ss="8600" s="7500" a="4000" b="3000" c="1500" d="0" />
			<Scores level="72" sss="10000" ss="8600" s="7500" a="4000" b="3000" c="1500" d="0" />
			<Scores level="73" sss="10000" ss="8600" s="7500" a="4000" b="3000" c="1500" d="0" />
			<Scores level="74" sss="10000" ss="8600" s="7500" a="4000" b="3000" c="1500" d="0" />
			<Scores level="75" sss="10000" ss="8600" s="7500" a="4000" b="3000" c="1500" d="0" />
			<Scores level="76" sss="10000" ss="8600" s="7500" a="4000" b="3000" c="1500" d="0" />
			<Scores level="77" sss="10000" ss="8600" s="7500" a="4000" b="3000" c="1500" d="0" />
			<Scores level="78" sss="10000" ss="8600" s="7500" a="4000" b="3000" c="1500" d="0" />
			<Scores level="79" sss="10000" ss="8600" s="7500" a="4000" b="3000" c="1500" d="0" />
			<Scores level="80" sss="10000" ss="8600" s="7500" a="4000" b="3000" c="1500" d="0" />
			<Scores level="81" sss="10000" ss="8600" s="7500" a="4000" b="3000" c="1500" d="0" />
			<Scores level="82" sss="10000" ss="8600" s="7500" a="4000" b="3000" c="1500" d="0" />
			<Scores level="83" sss="10000" ss="8600" s="7500" a="4000" b="3000" c="1500" d="0" />
			<Scores level="84" sss="10000" ss="8600" s="7500" a="4000" b="3000" c="1500" d="0" />
			<Scores level="85" sss="10000" ss="8600" s="7500" a="4000" b="3000" c="1500" d="0" />
			<Scores level="86" sss="10000" ss="8600" s="7500" a="4000" b="3000" c="1500" d="0" />
			<Scores level="87" sss="10000" ss="8600" s="7500" a="4000" b="3000" c="1500" d="0" />
			<Scores level="88" sss="10000" ss="8600" s="7500" a="4000" b="3000" c="1500" d="0" />
			<Scores level="89" sss="10000" ss="8600" s="7500" a="4000" b="3000" c="1500" d="0" />
			<Scores level="90" sss="10000" ss="8600" s="7500" a="4000" b="3000" c="1500" d="0" />
			<Scores level="91" sss="10000" ss="8600" s="7500" a="4000" b="3000" c="1500" d="0" />
			<Scores level="92" sss="10000" ss="8600" s="7500" a="4000" b="3000" c="1500" d="0" />
			<Scores level="93" sss="10000" ss="8600" s="7500" a="4000" b="3000" c="1500" d="0" />
			<Scores level="94" sss="10000" ss="8600" s="7500" a="4000" b="3000" c="1500" d="0" />
			<Scores level="95" sss="10000" ss="8600" s="7500" a="4000" b="3000" c="1500" d="0" />
			<Scores level="96" sss="10000" ss="8600" s="7500" a="4000" b="3000" c="1500" d="0" />
			<Scores level="97" sss="10000" ss="8600" s="7500" a="4000" b="3000" c="1500" d="0" />
			<Scores level="98" sss="10000" ss="8600" s="7500" a="4000" b="3000" c="1500" d="0" />
			<Scores level="99" sss="10000" ss="8600" s="7500" a="4000" b="3000" c="1500" d="0" />
			<Scores level="100" sss="10000" ss="8600" s="7500" a="4000" b="3000" c="1500" d="0" />
		</Scoress>
		<LevelCoefficient>
			    <Coefficient scorelevel="1" value="1.1" iron="0" copper="1" silver="1" gold="2"/>
			    <Coefficient scorelevel="2" value="1" iron="0" copper="1" silver="2" gold="1"/>
			    <Coefficient scorelevel="3" value="0.9" iron="0" copper="1" silver="2" gold="1"/>
			    <Coefficient scorelevel="4" value="0.8" iron="0" copper="1" silver="2" gold="1"/>
			    <Coefficient scorelevel="5" value="0.7" iron="1" copper="2" silver="0" gold="1"/>
			    <Coefficient scorelevel="6" value="0.6" iron="1" copper="2" silver="1" gold="0"/>
			    <Coefficient scorelevel="7" value="0.5" iron="1" copper="2" silver="1" gold="0"/>
		</LevelCoefficient>
		<CopyRewards> <!-- 副本奖励系数值 -->
			<Copy level="1" exp="40" money="42"/>	
			<Copy level="2" exp="140" money="43"/>				
            <Copy level="3" exp="260" money="53"/>
            <Copy level="4" exp="460" money="73"/>
            <Copy level="5" exp="840" money="94"/>
            <Copy level="6" exp="1350" money="135"/>
            <Copy level="7" exp="2330" money="188"/>
            <Copy level="8" exp="3790" money="254"/>
            <Copy level="9" exp="4200" money="167"/>
            <Copy level="10" exp="5500" money="219"/>
            <Copy level="11" exp="6390" money="569"/>
            <Copy level="12" exp="7000" money="486"/>
            <Copy level="13" exp="8060" money="612"/>
            <Copy level="14" exp="9100" money="569"/>
            <Copy level="15" exp="10470" money="702"/>
            <Copy level="16" exp="12000" money="687"/>
            <Copy level="17" exp="13770" money="690"/>
            <Copy level="18" exp="14350" money="706"/>
            <Copy level="19" exp="15220" money="735"/>
            <Copy level="20" exp="16360" money="768"/>
            <Copy level="21" exp="17610" money="1212"/>
            <Copy level="22" exp="19060" money="1176"/>
            <Copy level="23" exp="19500" money="1256"/>
            <Copy level="24" exp="20790" money="1250"/>
            <Copy level="25" exp="21180" money="1264"/>
            <Copy level="26" exp="21870" money="1288"/>
            <Copy level="27" exp="22760" money="1321"/>
            <Copy level="28" exp="23790" money="1362"/>
            <Copy level="29" exp="25000" money="1411"/>
            <Copy level="30" exp="24770" money="1413"/>
            <Copy level="31" exp="25220" money="1902"/>
            <Copy level="32" exp="25870" money="1932"/>
            <Copy level="33" exp="26680" money="1971"/>
            <Copy level="34" exp="27620" money="2021"/>
            <Copy level="35" exp="28710" money="2077"/>
            <Copy level="36" exp="29900" money="2093"/>
            <Copy level="37" exp="30510" money="2121"/>
            <Copy level="38" exp="31280" money="2158"/>
            <Copy level="39" exp="32210" money="2202"/>
            <Copy level="40" exp="32170" money="2217"/>
            <Copy level="41" exp="32740" money="2802"/>
            <Copy level="42" exp="33440" money="2843"/>
            <Copy level="43" exp="34270" money="2892"/>
            <Copy level="44" exp="35200" money="2949"/>
            <Copy level="45" exp="36220" money="2979"/>
            <Copy level="46" exp="36920" money="3019"/>
            <Copy level="47" exp="37730" money="3066"/>
            <Copy level="48" exp="38640" money="3120"/>
            <Copy level="49" exp="39640" money="3153"/>
            <Copy level="50" exp="39030" money="3194"/>
            <Copy level="51" exp="39830" money="3860"/>
            <Copy level="52" exp="40400" money="3926"/>
            <Copy level="53" exp="41390" money="3971"/>
            <Copy level="54" exp="42140" money="4024"/>
            <Copy level="55" exp="42990" money="4059"/>
            <Copy level="56" exp="43640" money="4126"/>
            <Copy level="57" exp="44640" money="4176"/>
            <Copy level="58" exp="45460" money="4211"/>
            <Copy level="59" exp="46100" money="4255"/>
            <Copy level="60" exp="45250" money="4304"/>
            <Copy level="61" exp="46030" money="5088"/>
            <Copy level="62" exp="46890" money="5138"/>
            <Copy level="63" exp="47600" money="5196"/>
            <Copy level="64" exp="48380" money="5262"/>
            <Copy level="65" exp="49240" money="5314"/>
            <Copy level="66" exp="49970" money="5373"/>
            <Copy level="67" exp="50760" money="5421"/>
            <Copy level="68" exp="51440" money="5475"/>
            <Copy level="69" exp="52190" money="5537"/>
            <Copy level="70" exp="53010" money="5587"/>
            <Copy level="71" exp="53730" money="6451"/>
            <Copy level="72" exp="54510" money="6524"/>
            <Copy level="73" exp="55340" money="6585"/>
            <Copy level="74" exp="56090" money="6654"/>
            <Copy level="75" exp="56890" money="6713"/>
            <Copy level="76" exp="57610" money="6779"/>
            <Copy level="77" exp="58390" money="6835"/>
            <Copy level="78" exp="59090" money="6899"/>
            <Copy level="79" exp="59850" money="6969"/>
            <Copy level="80" exp="60670" money="7030"/>
            <Copy level="81" exp="61410" money="7986"/>
            <Copy level="82" exp="62210" money="8054"/>
            <Copy level="83" exp="62950" money="8129"/>
            <Copy level="84" exp="63730" money="8195"/>
            <Copy level="85" exp="64460" money="8269"/>
            <Copy level="86" exp="65240" money="8349"/>
            <Copy level="87" exp="66070" money="8422"/>
            <Copy level="88" exp="66840" money="8488"/>
            <Copy level="89" exp="67560" money="8561"/>
            <Copy level="90" exp="68330" money="8640"/>
            <Copy level="91" exp="69150" money="9680"/>
            <Copy level="92" exp="69910" money="9753"/>
            <Copy level="93" exp="70630" money="9834"/>
            <Copy level="94" exp="71400" money="9909"/>
            <Copy level="95" exp="72130" money="9990"/>
            <Copy level="96" exp="72900" money="10078"/>
            <Copy level="97" exp="73720" money="10159"/>
            <Copy level="98" exp="74500" money="10236"/>
            <Copy level="99" exp="75240" money="10319"/>
            <Copy level="100" exp="76020" money="10396"/>
		</CopyRewards>		
		<RewardsBox> <!-- 评分对应箱子-->
		    <Box level="1" iron="0" copper="1" silver="1" gold="2" /><!-- scoreLevel为副本等级1SSS,2SS,3S,4A,5B,6C,7D -->
		    <Box level="2" iron="0" copper="1" silver="2" gold="1" />
		    <Box level="3" iron="0" copper="1" silver="2" gold="1" />
		    <Box level="4" iron="0" copper="1" silver="2" gold="1" />
		    <Box level="5" iron="1" copper="2" silver="0" gold="1" />
		    <Box level="6" iron="1" copper="2" silver="1" gold="0" />
		    <Box level="7" iron="1" copper="2" silver="1" gold="0" />
		</RewardsBox>
</GameReward>

