<activities>

	<!--技能造成伤害=(skillHurt/100)*玩家血量上限-->
	<!--活动一开始后Boss技能默认全部都进入CD(毫秒)，CD冷却完后才可释放技能-->
	<!--priority=技能优先级，当同时处于可释放状态时，优先级高的技能先释放-->
	<!--hitEffect=技能击中后对目标的受击效果  受击=0,击飞=1,击倒=2,击退=3,冰冻=4,晕眩=5 -->
	<!--damageRange=伤害范围，这里按圆形半径配置伤害范围大小-->
	<skill ID="22991" skillName="拳头" skillHurt="20" skillCD="3000" priority="1" hitEffect="0" damageRange="100"/> 
	<skill ID="22992" skillName="落石" skillHurt="20" skillCD="5000" priority="2" hitEffect="0" damageRange="150"/> 
	<skill ID="22993" skillName="吹气" skillHurt="60" skillCD="20000" priority="3" hitEffect="3" damageRange="1000"/> 
	
	<deadth bindGold="20" time="20" /><!--死亡复活时间，消耗礼券数量-->
	<half time="0"/><!--中途进入场景准备时间-->
	<starInspire number="20000" fight="10" /><!--鼓舞-->
	<goldInspire number="20" fight="10" />
	
	<bossInfo><!--BOSS信息,1-49级信息不读，留着是服务器容错-->
		<data level="1"   tenacity="0" hurt="0" blood="100000" /><!--hurt受伤比，万分比.（玩家实际伤害=玩家攻击力*hurt/10000）-->
		<data level="2"   tenacity="0" hurt="0" blood="110000" />
		<data level="3"   tenacity="0" hurt="0" blood="120000" />
		<data level="4"   tenacity="0" hurt="0" blood="130000" />
		<data level="5"   tenacity="0" hurt="0" blood="140000" />
		<data level="6"   tenacity="0" hurt="0" blood="150000" />
		<data level="7"   tenacity="0" hurt="0" blood="160000" />
		<data level="8"   tenacity="0" hurt="0" blood="170000" />
		<data level="9"   tenacity="0" hurt="0" blood="180000" />
		<data level="10"  tenacity="0" hurt="0" blood="230000" />
		<data level="11"  tenacity="0" hurt="0" blood="200000" />
		<data level="12"  tenacity="0" hurt="0" blood="210000" />
		<data level="13"  tenacity="0" hurt="0" blood="220000" />
		<data level="14"  tenacity="0" hurt="0" blood="230000" />
		<data level="15"  tenacity="0" hurt="0" blood="240000" />
		<data level="16"  tenacity="0" hurt="0" blood="250000" />
		<data level="17"  tenacity="0" hurt="0" blood="200000" />
		<data level="18"  tenacity="0" hurt="0" blood="210000" />
		<data level="19"  tenacity="0" hurt="0" blood="220000" />
		<data level="20"  tenacity="0" hurt="0" blood="320000" />
		<data level="21"  tenacity="0" hurt="0" blood="300000" />
		<data level="22"  tenacity="0" hurt="0" blood="310000" />
		<data level="23"  tenacity="0" hurt="0" blood="320000" />
		<data level="24"  tenacity="0" hurt="0" blood="330000" />
		<data level="25"  tenacity="0" hurt="0" blood="340000" />
		<data level="26"  tenacity="0" hurt="0" blood="350000" />
		<data level="27"  tenacity="0" hurt="0" blood="300000" />
		<data level="28"  tenacity="0" hurt="0" blood="310000" />
		<data level="29"  tenacity="0" hurt="0" blood="320000" />
		<data level="30"  tenacity="0" hurt="0" blood="420000" />
		<data level="31"  tenacity="0" hurt="0" blood="400000" />
		<data level="32"  tenacity="0" hurt="0" blood="410000" />
		<data level="33"  tenacity="0" hurt="0" blood="420000" />
		<data level="34"  tenacity="0" hurt="0" blood="430000" />
		<data level="35"  tenacity="0" hurt="0" blood="440000" />
		<data level="36"  tenacity="0" hurt="0" blood="450000" />
		<data level="37"  tenacity="0" hurt="0" blood="400000" />
		<data level="38"  tenacity="0" hurt="0" blood="410000" />
		<data level="39"  tenacity="0" hurt="0" blood="420000" />
		<data level="40"  tenacity="0" hurt="0" blood="520000" />
		<data level="41"  tenacity="0" hurt="0" blood="500000" />
		<data level="42"  tenacity="0" hurt="0" blood="510000" />
		<data level="43"  tenacity="0" hurt="0" blood="520000" />
		<data level="44"  tenacity="0" hurt="0" blood="530000" />
		<data level="45"  tenacity="0" hurt="0" blood="540000" />
		<data level="46"  tenacity="0" hurt="0" blood="550000" />
		<data level="47"  tenacity="0" hurt="0" blood="500000" />
		<data level="48"  tenacity="0" hurt="0" blood="510000" />
		<data level="49"  tenacity="0" hurt="0" blood="520000" />
		<data level="50"  tenacity="7720" hurt="0" blood="60000000" />
		<data level="51"  tenacity="7874" hurt="300" blood="110000000" />
		<data level="52"  tenacity="8028" hurt="500" blood="150000000" />
		<data level="53"  tenacity="8182" hurt="700" blood="190000000" />
		<data level="54"  tenacity="8336" hurt="900" blood="230000000" />
		<data level="55"  tenacity="8490" hurt="1100" blood="270000000" />
		<data level="56"  tenacity="8644" hurt="1290" blood="310000000" />
		<data level="57"  tenacity="8798" hurt="2286" blood="350000000" />
		<data level="58"  tenacity="8952" hurt="3077" blood="390000000" />
		<data level="59"  tenacity="9106" hurt="3721"  blood="430000000" />
		<data level="60"  tenacity="9260" hurt="4255"  blood="470000000" />
		<data level="61"  tenacity="9414" hurt="4706"  blood="510000000" />
		<data level="62"  tenacity="9568" hurt="5091"  blood="550000000" />
		<data level="63"  tenacity="9722" hurt="5424"  blood="590000000" />
		<data level="64"  tenacity="9876" hurt="5714"  blood="630000000" />
		<data level="65"  tenacity="10030" hurt="5970"  blood="670000000" />
		<data level="66"  tenacity="10184" hurt="6197"  blood="710000000" />
		<data level="67"  tenacity="10338" hurt="6400"  blood="750000000" />
		<data level="68"  tenacity="10492" hurt="6582"  blood="790000000" />
		<data level="69"  tenacity="10646" hurt="6747"  blood="830000000" />
		<data level="70"  tenacity="10800" hurt="6897"  blood="870000000" />
		<data level="71"  tenacity="10954" hurt="7033"  blood="910000000" />
		<data level="72"  tenacity="11108" hurt="7158"  blood="950000000" />
		<data level="73"  tenacity="11262" hurt="7273"  blood="990000000" />
		<data level="74"  tenacity="11416" hurt="7379"  blood="1030000000" />
		<data level="75"  tenacity="11570" hurt="7477"  blood="1070000000" />
		<data level="76"  tenacity="11724" hurt="7568"  blood="1110000000" />
		<data level="77"  tenacity="11878" hurt="7652"  blood="1150000000" />
		<data level="78"  tenacity="12032" hurt="7731"  blood="1190000000" />
		<data level="79"  tenacity="12186" hurt="7805"  blood="1230000000" />
		<data level="80"  tenacity="12340" hurt="7874"  blood="1270000000" />
		<data level="81"  tenacity="12494" hurt="7939"  blood="1310000000" />
		<data level="82"  tenacity="12648" hurt="8000"  blood="1350000000" />
		<data level="83"  tenacity="12802" hurt="8058"  blood="1390000000" />
		<data level="84"  tenacity="12956" hurt="8112"  blood="1430000000" />
		<data level="85"  tenacity="13110" hurt="8163"  blood="1470000000" />
		<data level="86"  tenacity="13264" hurt="8212"  blood="1510000000" />
		<data level="87"  tenacity="13418" hurt="8258"  blood="1550000000" />
		<data level="88"  tenacity="13572" hurt="8302"  blood="1590000000" />
		<data level="89"  tenacity="13726" hurt="8344"  blood="1630000000" />
		<data level="90"  tenacity="13880" hurt="8383"  blood="1670000000" />
		<data level="91"  tenacity="14034" hurt="8421"  blood="1710000000" />
		<data level="92"  tenacity="14188" hurt="8457"  blood="1750000000" />
		<data level="93"  tenacity="14342" hurt="8492"  blood="1790000000" />
		<data level="94"  tenacity="14496" hurt="8525"  blood="1830000000" />
		<data level="95"  tenacity="14650" hurt="8556"  blood="1870000000" />
		<data level="96"  tenacity="14804" hurt="8586"  blood="1910000000" />
		<data level="97"  tenacity="14958" hurt="8615"  blood="1950000000" />
		<data level="98"  tenacity="15112" hurt="8643"  blood="1990000000" />
		<data level="99"  tenacity="15266" hurt="8670"  blood="2030000000" />
		<data level="100" tenacity="15420" hurt="8696"  blood="2070000000" />
	</bossInfo>
	<Rewards><!--暂时不考虑系数-->   
		<proportion><!--前几名奖励，不参与计算万分比-->
			<pro id="1" pronum="3"/><!--第一名是第五名的三倍-->
			<pro id="2" pronum="2.5"/><!--第2名是第五名的2.5倍-->
			<pro id="3" pronum="2"/><!--第3名是第五名的2倍-->
			<pro id="4" pronum="1.5"/><!--第4名是第五名的1.5倍-->
			<pro id="5" pronum="1"/><!--第5名是第五名的1倍-->
			<pro id="6" pronum="5"/><!--最后一击是第五名的5倍-->		
		</proportion>
		<reward><!--前面level对应的boss等级，num为万分之一伤害对应的奖励，five、four、three、two、one、last为名次和最后一击奖励-->
			<data level="50" num="2990007,1000#2990001,4000" five="2990007,100000#2990001,1000000" four="2990007,150000#2990001,1500000" three="2990007,200000#2990001,2000000" two="2990007,250000#2990001,2500000" one="2990007,300000#2990001,3000000" last="2990001,5000000"/>
			<data level="51" num="2990007,1000#2990001,4000" five="2990007,100000#2990001,1000000" four="2990007,150000#2990001,1500000" three="2990007,200000#2990001,2000000" two="2990007,250000#2990001,2500000" one="2990007,300000#2990001,3000000" last="2990001,5000000"/>
			<data level="52" num="2990007,1000#2990001,4000" five="2990007,100000#2990001,1000000" four="2990007,150000#2990001,1500000" three="2990007,200000#2990001,2000000" two="2990007,250000#2990001,2500000" one="2990007,300000#2990001,3000000" last="2990001,5000000"/>
			<data level="53" num="2990007,1000#2990001,4000" five="2990007,100000#2990001,1000000" four="2990007,150000#2990001,1500000" three="2990007,200000#2990001,2000000" two="2990007,250000#2990001,2500000" one="2990007,300000#2990001,3000000" last="2990001,5000000"/>
			<data level="54" num="2990007,1000#2990001,4000" five="2990007,100000#2990001,1000000" four="2990007,150000#2990001,1500000" three="2990007,200000#2990001,2000000" two="2990007,250000#2990001,2500000" one="2990007,300000#2990001,3000000" last="2990001,5000000"/>
			<data level="55" num="2990007,1000#2990001,4000" five="2990007,100000#2990001,1000000" four="2990007,150000#2990001,1500000" three="2990007,200000#2990001,2000000" two="2990007,250000#2990001,2500000" one="2990007,300000#2990001,3000000" last="2990001,5000000"/>
			<data level="56" num="2990007,1000#2990001,4000" five="2990007,100000#2990001,1000000" four="2990007,150000#2990001,1500000" three="2990007,200000#2990001,2000000" two="2990007,250000#2990001,2500000" one="2990007,300000#2990001,3000000" last="2990001,5000000"/>
			<data level="57" num="2990007,1000#2990001,4000" five="2990007,100000#2990001,1000000" four="2990007,150000#2990001,1500000" three="2990007,200000#2990001,2000000" two="2990007,250000#2990001,2500000" one="2990007,300000#2990001,3000000" last="2990001,5000000"/>
			<data level="58" num="2990007,1000#2990001,4000" five="2990007,100000#2990001,1000000" four="2990007,150000#2990001,1500000" three="2990007,200000#2990001,2000000" two="2990007,250000#2990001,2500000" one="2990007,300000#2990001,3000000" last="2990001,5000000"/>	
			<data level="59" num="2990007,1000#2990001,4000" five="2990007,100000#2990001,1000000" four="2990007,150000#2990001,1500000" three="2990007,200000#2990001,2000000" two="2990007,250000#2990001,2500000" one="2990007,300000#2990001,3000000" last="2990001,5000000"/>
			<data level="60" num="2990007,1000#2990001,4000" five="2990007,100000#2990001,1000000" four="2990007,150000#2990001,1500000" three="2990007,200000#2990001,2000000" two="2990007,250000#2990001,2500000" one="2990007,300000#2990001,3000000" last="2990001,5000000"/>
			<data level="61" num="2990007,1000#2990001,4000" five="2990007,100000#2990001,1000000" four="2990007,150000#2990001,1500000" three="2990007,200000#2990001,2000000" two="2990007,250000#2990001,2500000" one="2990007,300000#2990001,3000000" last="2990001,5000000"/>
			<data level="62" num="2990007,1000#2990001,4000" five="2990007,100000#2990001,1000000" four="2990007,150000#2990001,1500000" three="2990007,200000#2990001,2000000" two="2990007,250000#2990001,2500000" one="2990007,300000#2990001,3000000" last="2990001,5000000"/>
			<data level="63" num="2990007,1000#2990001,4000" five="2990007,100000#2990001,1000000" four="2990007,150000#2990001,1500000" three="2990007,200000#2990001,2000000" two="2990007,250000#2990001,2500000" one="2990007,300000#2990001,3000000" last="2990001,5000000"/>
			<data level="64" num="2990007,1000#2990001,4000" five="2990007,100000#2990001,1000000" four="2990007,150000#2990001,1500000" three="2990007,200000#2990001,2000000" two="2990007,250000#2990001,2500000" one="2990007,300000#2990001,3000000" last="2990001,5000000"/>
			<data level="65" num="2990007,1000#2990001,4000" five="2990007,100000#2990001,1000000" four="2990007,150000#2990001,1500000" three="2990007,200000#2990001,2000000" two="2990007,250000#2990001,2500000" one="2990007,300000#2990001,3000000" last="2990001,5000000"/>
			<data level="66" num="2990007,1000#2990001,4000" five="2990007,100000#2990001,1000000" four="2990007,150000#2990001,1500000" three="2990007,200000#2990001,2000000" two="2990007,250000#2990001,2500000" one="2990007,300000#2990001,3000000" last="2990001,5000000"/>
			<data level="67" num="2990007,1000#2990001,4000" five="2990007,100000#2990001,1000000" four="2990007,150000#2990001,1500000" three="2990007,200000#2990001,2000000" two="2990007,250000#2990001,2500000" one="2990007,300000#2990001,3000000" last="2990001,5000000"/>
			<data level="68" num="2990007,1000#2990001,4000" five="2990007,100000#2990001,1000000" four="2990007,150000#2990001,1500000" three="2990007,200000#2990001,2000000" two="2990007,250000#2990001,2500000" one="2990007,300000#2990001,3000000" last="2990001,5000000"/>	
			<data level="69" num="2990007,1000#2990001,4000" five="2990007,100000#2990001,1000000" four="2990007,150000#2990001,1500000" three="2990007,200000#2990001,2000000" two="2990007,250000#2990001,2500000" one="2990007,300000#2990001,3000000" last="2990001,5000000"/>
			<data level="70" num="2990007,33000#2990001,18100" five="2990007,330000#2990001,181000" four="2990007,150000#2990001,1500000" three="2990007,200000#2990001,2000000" two="2990007,250000#2990001,2500000" one="2990007,300000#2990001,3000000" last="2990001,5000000"/>
			<data level="71" num="2990007,34100#2990001,18600" five="2990007,340000#2990001,186000" four="2990007,150000#2990001,1500000" three="2990007,200000#2990001,2000000" two="2990007,250000#2990001,2500000" one="2990007,300000#2990001,3000000" last="2990001,5000000"/>
			<data level="72" num="2990007,35300#2990001,19100" five="2990007,350000#2990001,191000" four="2990007,150000#2990001,1500000" three="2990007,200000#2990001,2000000" two="2990007,250000#2990001,2500000" one="2990007,300000#2990001,3000000" last="2990001,5000000"/>
			<data level="73" num="2990007,36600#2990001,19600" five="2990007,370000#2990001,196000" four="2990007,150000#2990001,1500000" three="2990007,200000#2990001,2000000" two="2990007,250000#2990001,2500000" one="2990007,300000#2990001,3000000" last="2990001,5000000"/>
			<data level="74" num="2990007,37800#2990001,20100" five="2990007,380000#2990001,201000" four="2990007,150000#2990001,1500000" three="2990007,200000#2990001,2000000" two="2990007,250000#2990001,2500000" one="2990007,300000#2990001,3000000" last="2990001,5000000"/>
			<data level="75" num="2990007,39200#2990001,20700" five="2990007,390000#2990001,207000" four="2990007,150000#2990001,1500000" three="2990007,200000#2990001,2000000" two="2990007,250000#2990001,2500000" one="2990007,300000#2990001,3000000" last="2990001,5000000"/>
			<data level="76" num="2990007,40500#2990001,21200" five="2990007,410000#2990001,212000" four="2990007,150000#2990001,1500000" three="2990007,200000#2990001,2000000" two="2990007,250000#2990001,2500000" one="2990007,300000#2990001,3000000" last="2990001,5000000"/>
			<data level="77" num="2990007,41900#2990001,21800" five="2990007,420000#2990001,218000" four="2990007,150000#2990001,1500000" three="2990007,200000#2990001,2000000" two="2990007,250000#2990001,2500000" one="2990007,300000#2990001,3000000" last="2990001,5000000"/>
			<data level="78" num="2990007,43300#2990001,22300" five="2990007,430000#2990001,223000" four="2990007,150000#2990001,1500000" three="2990007,200000#2990001,2000000" two="2990007,250000#2990001,2500000" one="2990007,300000#2990001,3000000" last="2990001,5000000"/>	
			<data level="79" num="2990007,44700#2990001,22900" five="2990007,450000#2990001,229000" four="2990007,150000#2990001,1500000" three="2990007,200000#2990001,2000000" two="2990007,250000#2990001,2500000" one="2990007,300000#2990001,3000000" last="2990001,5000000"/>
			<data level="80" num="2990007,46200#2990001,23400" five="2990007,460000#2990001,234000" four="2990007,150000#2990001,1500000" three="2990007,200000#2990001,2000000" two="2990007,250000#2990001,2500000" one="2990007,300000#2990001,3000000" last="2990001,5000000"/>
			<data level="81" num="2990007,47700#2990001,24000" five="2990007,480000#2990001,240000" four="2990007,150000#2990001,1500000" three="2990007,200000#2990001,2000000" two="2990007,250000#2990001,2500000" one="2990007,300000#2990001,3000000" last="2990001,5000000"/>
			<data level="82" num="2990007,49300#2990001,24600" five="2990007,490000#2990001,246000" four="2990007,150000#2990001,1500000" three="2990007,200000#2990001,2000000" two="2990007,250000#2990001,2500000" one="2990007,300000#2990001,3000000" last="2990001,5000000"/>
			<data level="83" num="2990007,50800#2990001,25200" five="2990007,510000#2990001,252000" four="2990007,150000#2990001,1500000" three="2990007,200000#2990001,2000000" two="2990007,250000#2990001,2500000" one="2990007,300000#2990001,3000000" last="2990001,5000000"/>
			<data level="84" num="2990007,52400#2990001,25800" five="2990007,520000#2990001,258000" four="2990007,150000#2990001,1500000" three="2990007,200000#2990001,2000000" two="2990007,250000#2990001,2500000" one="2990007,300000#2990001,3000000" last="2990001,5000000"/>
			<data level="85" num="2990007,54100#2990001,26400" five="2990007,540000#2990001,264000" four="2990007,150000#2990001,1500000" three="2990007,200000#2990001,2000000" two="2990007,250000#2990001,2500000" one="2990007,300000#2990001,3000000" last="2990001,5000000"/>
			<data level="86" num="2990007,55800#2990001,27100" five="2990007,560000#2990001,271000" four="2990007,150000#2990001,1500000" three="2990007,200000#2990001,2000000" two="2990007,250000#2990001,2500000" one="2990007,300000#2990001,3000000" last="2990001,5000000"/>
			<data level="87" num="2990007,57500#2990001,27700" five="2990007,580000#2990001,277000" four="2990007,150000#2990001,1500000" three="2990007,200000#2990001,2000000" two="2990007,250000#2990001,2500000" one="2990007,300000#2990001,3000000" last="2990001,5000000"/>
			<data level="88" num="2990007,59300#2990001,28300" five="2990007,590000#2990001,283000" four="2990007,150000#2990001,1500000" three="2990007,200000#2990001,2000000" two="2990007,250000#2990001,2500000" one="2990007,300000#2990001,3000000" last="2990001,5000000"/>	
			<data level="89" num="2990007,61100#2990001,28900" five="2990007,610000#2990001,289000" four="2990007,150000#2990001,1500000" three="2990007,200000#2990001,2000000" two="2990007,250000#2990001,2500000" one="2990007,300000#2990001,3000000" last="2990001,5000000"/>
			<data level="90" num="2990007,62900#2990001,29600" five="2990007,630000#2990001,296000" four="2990007,150000#2990001,1500000" three="2990007,200000#2990001,2000000" two="2990007,250000#2990001,2500000" one="2990007,300000#2990001,3000000" last="2990001,5000000"/>
			<data level="91" num="2990007,64800#2990001,30300" five="2990007,650000#2990001,303000" four="2990007,150000#2990001,1500000" three="2990007,200000#2990001,2000000" two="2990007,250000#2990001,2500000" one="2990007,300000#2990001,3000000" last="2990001,5000000"/>
			<data level="92" num="2990007,66700#2990001,30900" five="2990007,670000#2990001,309000" four="2990007,150000#2990001,1500000" three="2990007,200000#2990001,2000000" two="2990007,250000#2990001,2500000" one="2990007,300000#2990001,3000000" last="2990001,5000000"/>
			<data level="93" num="2990007,68700#2990001,31500" five="2990007,690000#2990001,315000" four="2990007,150000#2990001,1500000" three="2990007,200000#2990001,2000000" two="2990007,250000#2990001,2500000" one="2990007,300000#2990001,3000000" last="2990001,5000000"/>
			<data level="94" num="2990007,70600#2990001,32200" five="2990007,710000#2990001,322000" four="2990007,150000#2990001,1500000" three="2990007,200000#2990001,2000000" two="2990007,250000#2990001,2500000" one="2990007,300000#2990001,3000000" last="2990001,5000000"/>
			<data level="95" num="2990007,72700#2990001,32900" five="2990007,730000#2990001,329000" four="2990007,150000#2990001,1500000" three="2990007,200000#2990001,2000000" two="2990007,250000#2990001,2500000" one="2990007,300000#2990001,3000000" last="2990001,5000000"/>
			<data level="96" num="2990007,74700#2990001,33600" five="2990007,750000#2990001,336000" four="2990007,150000#2990001,1500000" three="2990007,200000#2990001,2000000" two="2990007,250000#2990001,2500000" one="2990007,300000#2990001,3000000" last="2990001,5000000"/>
			<data level="97" num="2990007,76900#2990001,34300" five="2990007,770000#2990001,343000" four="2990007,150000#2990001,1500000" three="2990007,200000#2990001,2000000" two="2990007,250000#2990001,2500000" one="2990007,300000#2990001,3000000" last="2990001,5000000"/>
			<data level="98" num="2990007,79000#2990001,35000" five="2990007,790000#2990001,350000" four="2990007,150000#2990001,1500000" three="2990007,200000#2990001,2000000" two="2990007,250000#2990001,2500000" one="2990007,300000#2990001,3000000" last="2990001,5000000"/>	
			<data level="99" num="2990007,81300#2990001,35700" five="2990007,810000#2990001,357000" four="2990007,150000#2990001,1500000" three="2990007,200000#2990001,2000000" two="2990007,250000#2990001,2500000" one="2990007,300000#2990001,3000000" last="2990001,5000000"/>
			<data level="100" num="2990007,87100#2990001,36400" five="2990007,870000#2990001,364000" four="2990007,150000#2990001,1500000" three="2990007,200000#2990001,2000000" two="2990007,250000#2990001,2500000" one="2990007,300000#2990001,3000000" last="2990001,5000000"/>
		</reward>
	</Rewards>
</activities>