<activities>
<!--type代表活动的类型，1表示玩家等级，2等级排名，3战斗力排名，4累计充值排名，5层数id，6充值金额，7首次开启VIP月数，8开启/续费VIP月数，9强化等级
10代表一次性充值金额，11累计消费金额，12收集道具数量，13合成宝石等级，14累计获得金色符文数量，15军团等级，16军团人数，17VIP等级，18星座等级
19活跃值，20代表击杀怪物数量，21砸彩蛋数量，22击杀指定怪物数量-->
<!--characteristic代表领取方式,1代表由玩家点击领取按钮领取奖励,2代表由服务器通过系统邮件的方式发送奖励-->
<!--times代表领取次数,1代表活动只能获得一次奖励；2代表每个奖励都可获得一次；3代表可重复每天获得一次奖励 4代表可重复领取奖励-->
	<activity id="101" type="1" openTime="2013/3/15" overTime="2014/4/15" characteristic="1" times="1" name="开服大礼包" describe="为了让玩家能够更好的体验魔幻之旅，帮助玩家在新手路途上更快的成长，我们为每一位玩家准备了丰厚的奖励" rule="活动期间，玩家登陆游戏即可领取奖励，该奖励只可领取一次">
		<data value="1" number="0" item="2010101,10#2010201,10#2020101,10#2990001,10000#2990002,100"/><!--玩家领取奖励的条件-->
	</activity>
	<activity id="102" type="1" openTime="2013/3/15" overTime="2014/4/15" characteristic="1" times="1" name="冲级得大奖" describe="彪悍的人生不需要解释！我们为每一位强大的玩家提供了丰富的奖励" rule="活动期间，玩家等级达到50级即可领取奖励，该奖励只可领取一次">
		<data value="50" number="0" item="2010101,10#2010201,10#2020101,10#2990001,10000#2990002,100"/>
	</activity>
	<activity id="103" type="1" openTime="2013/3/15" overTime="2014/4/15" characteristic="2" times="3" name="排名向前冲" describe="各路英豪汇聚于此，成为整个世界关注的焦点。勇于付出，努力拼搏，相信总有一天你的名字也会铭刻于排行榜。" rule="以开服第七天24时排行榜数据为准，等级排名前3的玩家，每天将获得丰厚的排行榜英雄奖励。">
		<data value="1" number="0" item="2010103,10#2010203,10#2020103,10#2990001,30000"/><!--等级排名区间对应的物品奖励-->
		<data value="2" number="0" item="2010102,10#2010202,10#2020102,10#2990001,20000"/>
		<data value="3" number="0" item="2010101,10#2010201,10#2020101,10#2990001,10000"/>					
	</activity>
	<activity id="104" type="3" openTime="2013/3/15" overTime="2014/4/15" characteristic="2" times="3" name="战斗力排名向前冲" describe="各路英豪汇聚于此，成为整个世界关注的焦点。勇于付出，努力拼搏，相信总有一天你的名字也会铭刻于排行榜。" rule="以开服第七天24时排行榜数据为准，个人战斗力排名前3的玩家，每天将获得丰厚的排行榜英雄奖励。">
	    <data value="1" number="0" item="2010103,10#2010203,10#2020103,10#2990002,30000"/><!--战斗力排名区间对应的物品奖励-->
		<data value="2" number="0" item="2010102,10#2010202,10#2020102,10#2990001,20000"/>
		<data value="3" number="0" item="2010101,10#2010201,10#2020101,10#2990001,10000"/>						
	</activity>	
	<!--<activity id="105" type="5" openTime="2013/3/15" overTime="2014/4/15" characteristic="2" times="2" name="远征深渊" describe="各路英豪汇聚于此，成为整个世界关注的焦点……" rule="以开服第七天24时玩家远征深渊通过层数为准，达到指定层数即可获得相应奖励。">
	    <data value="1425" number="0" item="2010105,10#2010205,10#2020105,10#2990001,50000"/>玩家通过相应层数对应的物品奖励
	    <data value="1325" number="0" item="2010104,10#2010204,10#2020104,10#2990001,40000"/>
		<data value="1220" number="0" item="2010103,10#2010203,10#2020103,10#2990001,30000"/>
		<data value="1115" number="0" item="2010102,10#2010202,10#2020102,10#2990001,20000"/>
		<data value="1010" number="0" item="2010101,10#2010201,10#2020101,10#2990001,10000"/>
	</activity>-->
	<activity id="106" type="3" openTime="2013/3/15" overTime="2014/4/15" characteristic="1" times="3" name="每日登陆奖励" describe="为了让玩家能够更好的体验魔幻之旅，我们为玩家提供了每日登陆奖励" rule="活动期间，玩家登陆游戏即可领取奖励，该奖励每天只可领取一次">
		<data value="1" number="0" item="2030109,1#2030110,1#2020101,10#2990001,10000#2990002,100"/>
	</activity>
	<activity id="107" type="1" openTime="2013/3/15" overTime="2014/4/15" characteristic="1" times="1" name="双倍经验奖励" describe="为了让玩家能够更快的成长，我们为玩家提供了双倍经验奖励" rule="活动期间，玩家登陆游戏即可领取奖励，该奖励只可领取一次">
		<data value="1" number="0" item="2050105,1"/><!--玩家领取奖励的条件-->
	</activity>	
	<activity id="108" type="6" openTime="2013/3/15" overTime="2014/4/15" characteristic="1" times="1" name="首充大礼包" describe="我们为每一个首次充值的玩家提供了丰富的奖励" rule="首次充值达到规定额度即可领取奖励，该奖励只可领取一次">
		<data value="100" number="0" item="2010101,10#2050105,1"/>
	</activity>
	<activity id="109" type="7" openTime="2013/3/15" overTime="2014/4/15" characteristic="1" times="1" name="首开VIP大礼包" describe="我们为每一个首次开启VIP的玩家提供了丰富的奖励" rule="首次开启VIP即可领取奖励，该奖励只可领取一次">
		<data value="6" number="0" item="2010101,1#2050105,3"/><!--首次开启VIP月数对应的奖励-->
		<data value="3" number="0" item="2010101,2#2050105,2"/>
		<data value="1" number="0" item="2010101,3#2050105,1"/>
	</activity>
	<activity id="110" type="9" openTime="2013/3/15" overTime="2014/4/15" characteristic="2" times="2" name="装备强化" describe="没有神兵利器怎可降妖除魔？" rule="玩家将装备强化到指定等级即可获得相应奖励，每个奖励只可分别获得一次。">
	    <data value="12" number="0" item="2010104,10#2010204,10#2020104,10#2990001,40000"/><!--装备强化等级对应的物品奖励-->
	    <data value="11" number="0" item="2010103,10#2010203,10#2020103,10#2990001,30000"/>
	    <data value="10" number="0" item="2010102,10#2010202,10#2020102,10#2990001,20000"/>
	    <data value="9" number="0" item="2010101,10#2010201,10#2020101,10#2990001,10000"/>
	</activity>
	<activity id="111" type="10" openTime="2013/3/15" overTime="2014/4/15" characteristic="2" times="2" name="充值送大礼" describe="超值给力的回馈活动开始了，还有更多浪漫的礼物等着您！" rule="活动期间，玩家单笔一次性充值达到指定额度即可获得奖励">
	    <data value="100" number="0" item="2010101,10#2010201,10#2020101,10#2990001,10000"/><!--玩家一次性充值金额对应的物品奖励-->
	    <data value="1000" number="0" item="2010102,10#2010202,10#2020102,10#2990001,20000"/>
	    <data value="5000" number="0" item="2010103,10#2010203,10#2020103,10#2990001,30000"/>
	    <data value="10000" number="0" item="2010104,10#2010204,10#2020104,10#2990001,40000"/>	
	</activity>
	<activity id="112" type="11" openTime="2013/3/15" overTime="2013/3/22" characteristic="2" times="2" name="消费送大礼" describe="超值给力的消费返利活动开始了，你买我就送，消费越多，奖励越为丰厚！" rule="活动期间，玩家累计消费达到指定额度即可获得奖励（只可获得一次）">
	    <data value="100000" number="0" item="2030109,2#2030110,2#2030209,2#2030210,2"/><!--玩家累计消费金额对应的物品奖励-->	
	    <data value="50000" number="0" item="2030109,1#2030110,1#2030209,1#2030210,1"/>
	    <data value="1000" number="0" item="2020105,2#2020104,2"/>
	    <data value="100" number="0" item="2020105,1#2020104,1"/>
	</activity>
	<activity id="113" type="8" openTime="2013/3/15" overTime="2014/4/15" characteristic="1" times="2" name="开启/续费VIP送大礼" describe="超值给力的活动开始了" rule="活动期间，玩家开启或续费VIP即可获得奖励（只可获得一次）">
		<data value="6" number="0" item="2010101,10#2010201,10#2020101,10#2990001,10000"/><!--玩家开启/续费VIP月份对应的物品奖励-->	
		<data value="3" number="0" item="2010102,10#2010202,10#2020102,10#2990001,20000"/>
		<data value="1" number="0" item="2010103,10#2010203,10#2020103,10#2990001,30000"/>				
	</activity>
	<activity id="114" type="12" openTime="2013/3/15" overTime="2014/4/15" characteristic="1" times="4" name="收集道具送大礼" describe="玩家通过多人副本或竞技场都有机会获得神秘道具" rule="活动期间，收集神秘道具达指定数量即可领取奖励，该奖励可重复领取">
	    <data value="2010101" number="200" item="2010101,10#2010201,10#2020101,10#2990001,10000"/><!--玩家收集道具数量对应的物品奖励-->
	    <data value="2010101" number="200" item="2010102,10#2010202,10#2020102,10#2990001,20000"/>		
	    <data value="2010101" number="200" item="2010103,10#2010203,10#2020103,10#2990001,30000"/>			
	</activity>
	<activity id="115" type="13" openTime="2013/3/15" overTime="2014/4/15" characteristic="2" times="4" name="合成宝石送大礼" describe="玩家任意合成指定等级的宝石可领取丰富的奖励哦~~" rule="活动期间，任意合成指定等级的宝石即可领取奖励，该奖励可重复领取">
		<data value="7" number="0" item="2010101,10#2010201,10#2020101,10"/><!--玩家合成宝石等级对应的物品奖励-->		
		<data value="8" number="0" item="2010102,10#2010202,10#2020102,10"/>
		<data value="9" number="0" item="2010103,10#2010203,10#2020103,10"/>	
		<data value="10" number="0" item="2010104,10#2010204,10#2020104,10"/>			
	</activity>
	<activity id="116" type="14" openTime="2013/3/15" overTime="2014/4/15" characteristic="1" times="2" name="金色符文送大礼" describe="玩家获得金色符文达到指定数量可领取丰富的奖励哦~~" rule="活动期间，玩家累计获得金色符文达到指定数量即可领取奖励">
		<data value="1" number="0" item="2010101,10#2010201,10#2020101,10"/><!--玩家累计获得金色符文数量对应的物品奖励-->		
		<data value="3" number="0" item="2010102,10#2010202,10#2020102,10"/>
		<data value="5" number="0" item="2010103,10#2010203,10#2020103,10"/>	
		<data value="10" number="0" item="2010104,10#2010204,10#2020104,10"/>
	</activity>
	<activity id="117" type="15" openTime="2013/3/15" overTime="2014/4/15" characteristic="2" times="2" name="军团冲级得大奖" describe="彪悍的军团不需要解释！我们为每一个强大的军团提供了丰富的奖励" rule="活动期间，军团等级达到指定等级所有成员都可获得奖励，该奖励只可获得一次">
		<data value="10" number="0" item="2010101,10#2010201,10#2020101,10"/><!--军团达到相应等级领取的物品奖励-->
		<data value="9" number="0" item="2010101,20#2010201,20#2020101,20"/>
		<data value="8" number="0" item="2010101,30#2010201,30#2020101,30"/>	
		<data value="7" number="0" item="2010101,40#2010201,40#2020101,40"/>
		<data value="6" number="0" item="2010101,50#2010201,50#2020101,50"/>
		<data value="5" number="0" item="2010101,60#2010201,60#2020101,60"/>
		<data value="4" number="0" item="2010101,70#2010201,70#2020101,70"/>
		<data value="3" number="0" item="2010101,80#2010201,80#2020101,80"/>
	</activity>
	<activity id="118" type="16" openTime="2013/3/15" overTime="2014/4/15" characteristic="2" times="2" name="军团规模大比拼" describe="庞大的军团规模令人震撼！我们为每一个强大的军团提供了丰富的奖励" rule="活动期间，军团人数达到指定数量即可获得奖励，该奖励只可获得一次">
		<data value="300" number="0" item="2010101,10#2010201,10#2020101,10"/><!--军团人数对应的物品奖励-->
		<data value="250" number="0" item="2010101,20#2010201,20#2020101,20"/>
		<data value="200" number="0" item="2010101,30#2010201,30#2020101,30"/>
		<data value="150" number="0" item="2010101,40#2010201,40#2020101,40"/>
		<data value="100" number="0" item="2010101,50#2010201,50#2020101,50"/>
		<data value="50" number="0" item="2010101,60#2010201,60#2020101,60"/>
		<data value="30" number="0" item="2010101,70#2010201,70#2020101,70"/>
	</activity>	
	<activity id="119" type="17" openTime="2013/3/15" overTime="2014/4/15" characteristic="1" times="2" name="VIP等级大比拼" describe="拥有VIP是一件无上荣耀的事情，VIP等级越高越令人羡慕！" rule="活动期间，玩家VIP达到相应等级即可获得豪华大礼，每个级别的奖励只可获得一次">
		<data value="12" number="0" item="2010101,10#2010201,10#2020101,10"/><!--玩家VIP达到相应等级对应的物品奖励-->
		<data value="11" number="0" item="2010101,20#2010201,20#2020101,20"/>
		<data value="10" number="0" item="2010101,30#2010201,30#2020101,30"/>
		<data value="9" number="0" item="2010101,40#2010201,40#2020101,40"/>
		<data value="8" number="0" item="2010101,50#2010201,50#2020101,50"/>
		<data value="7" number="0" item="2010101,60#2010201,60#2020101,60"/>
	</activity>		
	<activity id="120" type="18" openTime="2013/3/15" overTime="2014/4/15" characteristic="1" times="2" name="星座等级大比拼" describe="强大的星座能更好的辅助我们进行战斗" rule="活动期间，玩家星座达到相应等级即可获得豪华大礼，每个级别的奖励只可获得一次">
		<data value="10" number="0" item="2010101,10#2010201,10#2020101,10"/><!--玩家星座达到相应等级对应的物品奖励-->
		<data value="20" number="0" item="2010101,20#2010201,20#2020101,20"/>
		<data value="30" number="0" item="2010101,30#2010201,30#2020101,30"/>
		<data value="40" number="0" item="2010101,40#2010201,40#2020101,40"/>
		<data value="50" number="0" item="2010101,50#2010201,50#2020101,50"/>
		<data value="60" number="0" item="2010101,60#2010201,60#2020101,60"/>
	</activity>	
	<activity id="121" type="19" openTime="2013/3/15" overTime="2014/4/15" characteristic="1" times="3" name="活跃之星" describe="总有那么些人在我们中间异常活跃" rule="活动期间，玩家活跃值达到规定值即可获得奖励，每天可获得一次">
		<data value="80" number="0" item="2010101,10#2010201,10#2020101,10"/><!--玩家活跃度达到相应值领取的物品奖励-->
	</activity>
	<activity id="122" type="20" openTime="2013/3/15" overTime="2014/4/15" characteristic="1" times="2" name="怪物终结者" describe="为了保卫世界的和平，莱尔大陆的英雄纷纷拿起武器消灭怪物，于是有了一大批怪物终结者" rule="活动期间，玩家击杀怪物数量达到一定值即可获得奖励，每个奖励可获得一次">
		<data value="10" number="0" item="2010101,10#2010201,10#2020101,10"/><!--玩家击杀怪物数量对应的物品奖励-->
		<data value="20" number="0" item="2010102,10#2010202,10#2020102,10"/>
		<data value="30" number="0" item="2010103,10#2010203,10#2020103,10"/>
		<data value="40" number="0" item="2010104,10#2010204,10#2020104,10"/>
		<data value="50" number="0" item="2010105,10#2010205,10#2020105,10"/>
	</activity>	
	<!--<activity id="123" type="21" openTime="2013/3/15" overTime="2014/4/15" characteristic="1" times="2" name="欢乐砸一砸" describe="彩蛋为我们提供了丰厚的奖励，砸砸更欢乐" rule="活动期间，玩家砸彩蛋数量达到一定值即可获得奖励，每个奖励可获得一次">
	<data value="10" number="0" item="2010101,10#2010201,10#2020101,10"/>玩家砸彩蛋数量对应的物品奖励
	<data value="20" number="0" item="2010102,10#2010202,10#2020102,10"/>
	<data value="30" number="0" item="2010103,10#2010203,10#2020103,10"/> 
	<data value="40" number="0" item="2010104,10#2010204,10#2020104,10"/>
	</activity>-->
	<activity id="124" type="4" openTime="2013/3/15" overTime="2014/4/15" characteristic="2" times="1" name="充值送大礼" describe="超值给力的回馈活动开始了，还有更多浪漫的礼物等着您！"  rule="活动期间，累计充值前3名的玩家可获得额外丰厚的奖励">
	    <data value="1" number="0" item="2010101,10#2010201,10#2020101,10#2990001,10000"/><!--累计充值前3名的玩家对应的物品奖励-->
	    <data value="2" number="0" item="2010102,10#2010202,10#2020102,10#2990001,20000"/>		
	    <data value="3" number="0" item="2010103,10#2010203,10#2020103,10#2990001,30000"/>					
	</activity>	
	<activity id="125" type="22" openTime="2013/3/15" overTime="2014/4/15" characteristic="1" times="2" name="怪物终结者" describe="为了保卫世界的和平，莱尔大陆的英雄纷纷拿起武器消灭怪物，于是有了一大批怪物终结者" rule="活动期间，玩家击杀指定怪物的数量达到一定值即可获得奖励，每个奖励可获得一次">
		<data value="200001" number="1000" item="2010101,10#2010201,10#2020101,10"/><!--玩家击杀指定怪物数量对应的物品奖励-->
		<data value="200001" number="100" item="2010102,10#2010202,10#2020102,10"/>
		<data value="200001" number="10" item="2010103,10#2010203,10#2020103,10"/>
		<data value="200001" number="5" item="2010104,10#2010204,10#2020104,10"/>
		<data value="200001" number="5" item="2010105,10#2010205,10#2020105,10"/>
	</activity>
</activities>	
