<?xml version="1.0" encoding="UTF-8"?>
<Arena>
   <MapMessage><!--	mapid代表竞技场模块所使用的地图id  ainitx代表A队X坐标 ainity代表B队X坐标 binitx代表B队X坐标 binity代表B队Y坐标-->
		<map id="80002" mapid="9000001" ainitx="562#347#347" ainity="529#454#614" binitx="1529#1647#1647" binity="529#454#614"/>	
   </MapMessage>
   <ArenaConditions><!--openlevel代表竞技场开启的房间位置 num代表竞技场奖励荣誉和战勋的次数-->
 		<conditions openlevel1="12,1" openlevel2="15,2" openlevel3="20,3" num="15" />
   </ArenaConditions>
   <award><!--这里设置竞技场胜利后获得的战勋与失败后获得的战勋,num代表每日可以获得奖励对应的次数，奖励包括战勋、经验、金钱。不包括荣誉，荣誉可以无限制的获得-->
		<value result="1" exploit="3" /><!--result=1代表胜利，exploit代表获得的战勋值-->
		<value result="0" exploit="1" /><!--result=0代表失败，exploit代表获得的战勋值-->
   </award>
   <ArenaReward><!--minimum代表双方荣誉差值的最小值 uppermost代表双发荣誉差值的最大值 combatratio代表战斗力高出对方的百分比 reward代表奖励荣誉-->
		<reward minimum="301" uppermost="999999999">
			<combatratio value="10" reduce="1" maxReward="10" minReward="5" /><!--以10%的战斗力为标准，每比对方高出10%，则胜利后获得积分减少1点，最多获得10点，最少获得5点-->
		</reward>
		<reward minimum="101" uppermost="300">
		    <combatratio value="10" reduce="1" maxReward="14" minReward="8" /><!--以10%的战斗力为标准，每比对方高出10%，则胜利后获得积分减少1点，最多获得14点，最少获得8点-->	
		</reward>
		<reward minimum="-100" uppermost="100">
		    <combatratio value="10" reduce="1" maxReward="18" minReward="12" /><!--以10%的战斗力为标准，每比对方高出10%，则胜利后获得积分减少1点，最多获得18点，最少获得12点-->	
		</reward>
		<reward minimum="-300" uppermost="-99">	
            <combatratio value="10" reduce="1" maxReward="22" minReward="14" /><!--以10%的战斗力为标准，每比对方高出10%，则胜利后获得积分减少1点，最多获得22点，最少获得14点-->				
		</reward>		
		<reward minimum="-999999999" uppermost="-301">	
            <combatratio value="10" reduce="1" maxReward="25" minReward="18" /><!--以10%的战斗力为标准，每比对方高出10%，则胜利后获得积分减少1点，最多获得25点，最少获得18点-->						
		</reward>				
   </ArenaReward>  
    <nobility><!--Level代表爵位等级 name代表爵位名称 Reward代表升到该爵位所需荣誉 例：侍从是0—600 -->
	    <NobilityLevel Level="1" name="侍从" Reward="0" />
	    <NobilityLevel Level="2" name="帝国骑士" Reward="600" />		
	    <NobilityLevel Level="3" name="自由男爵" Reward="1800" />
	    <NobilityLevel Level="4" name="荒原子爵" Reward="7000" />
	    <NobilityLevel Level="5" name="边番伯爵" Reward="16000" />
	    <NobilityLevel Level="6" name="封邦侯爵" Reward="22000" />
	    <NobilityLevel Level="7" name="大公爵" Reward="30000" />
	    <NobilityLevel Level="8" name="帝选诸侯" Reward="48000" />		
    </nobility>  
	<awardRatio><!--战斗胜利与失败后获得奖励的比例。胜利为type1，失败为type0。然后value是获得奖励的比例，具体数值在下面的awards里-->
		<ratio type="1" value="1" />
		<ratio type="0" value="0.2" />
	</awardRatio>
	<awards><!--胜利奖励金钱与经验-->
		<award lv="1" item="2990007,0#2990001,0"/>
		<award lv="2" item="2990007,0#2990001,0"/>
		<award lv="3" item="2990007,0#2990001,0"/>
		<award lv="4" item="2990007,0#2990001,0"/>
		<award lv="5" item="2990007,0#2990001,0"/>
		<award lv="6" item="2990007,0#2990001,0"/>
		<award lv="7" item="2990007,0#2990001,0"/>
		<award lv="8" item="2990007,0#2990001,0"/>
		<award lv="9" item="2990007,0#2990001,0"/>
		<award lv="10" item="2990007,0#2990001,0"/>
		<award lv="11" item="2990007,0#2990001,0"/>
		<award lv="12" item="2990007,4380#2990001,4840"/>
		<award lv="13" item="2990007,4770#2990001,4960"/>
		<award lv="14" item="2990007,5150#2990001,5070"/>
		<award lv="15" item="2990007,5530#2990001,5190"/>
		<award lv="16" item="2990007,5920#2990001,5300"/>
		<award lv="17" item="2990007,6300#2990001,5420"/>
		<award lv="18" item="2990007,6690#2990001,5530"/>
		<award lv="19" item="2990007,7070#2990001,5650"/>
		<award lv="20" item="2990007,7450#2990001,5760"/>
		<award lv="21" item="2990007,7840#2990001,5880"/>
		<award lv="22" item="2990007,8220#2990001,6000"/>
		<award lv="23" item="2990007,8610#2990001,6110"/>
		<award lv="24" item="2990007,8990#2990001,6230"/>
		<award lv="25" item="2990007,9370#2990001,6340"/>
		<award lv="26" item="2990007,9760#2990001,6460"/>
		<award lv="27" item="2990007,10140#2990001,6570"/>
		<award lv="28" item="2990007,10530#2990001,6690"/>
		<award lv="29" item="2990007,10910#2990001,6800"/>
		<award lv="30" item="2990007,11290#2990001,6920"/>
		<award lv="31" item="2990007,11680#2990001,7030"/>
		<award lv="32" item="2990007,12060#2990001,7150"/>
		<award lv="33" item="2990007,12450#2990001,7260"/>
		<award lv="34" item="2990007,12830#2990001,7380"/>
		<award lv="35" item="2990007,13210#2990001,7490"/>
		<award lv="36" item="2990007,13600#2990001,7610"/>
		<award lv="37" item="2990007,13980#2990001,7720"/>
		<award lv="38" item="2990007,14370#2990001,7840"/>
		<award lv="39" item="2990007,14750#2990001,7950"/>
		<award lv="40" item="2990007,15130#2990001,8070"/>
		<award lv="41" item="2990007,15520#2990001,8180"/>
		<award lv="42" item="2990007,15900#2990001,8300"/>
		<award lv="43" item="2990007,16290#2990001,8410"/>
		<award lv="44" item="2990007,16670#2990001,8530"/>
		<award lv="45" item="2990007,17050#2990001,8640"/>
		<award lv="46" item="2990007,17440#2990001,8760"/>
		<award lv="47" item="2990007,17820#2990001,8880"/>
		<award lv="48" item="2990007,18210#2990001,8990"/>
		<award lv="49" item="2990007,18590#2990001,9110"/>
		<award lv="50" item="2990007,18970#2990001,9220"/>
		<award lv="51" item="2990007,19360#2990001,9340"/>
		<award lv="52" item="2990007,19740#2990001,9450"/>
		<award lv="53" item="2990007,20130#2990001,9570"/>
		<award lv="54" item="2990007,20510#2990001,9680"/>
		<award lv="55" item="2990007,20890#2990001,9800"/>
		<award lv="56" item="2990007,21280#2990001,9910"/>
		<award lv="57" item="2990007,21660#2990001,10030"/>
		<award lv="58" item="2990007,22050#2990001,10140"/>
		<award lv="59" item="2990007,22430#2990001,10260"/>
		<award lv="60" item="2990007,22810#2990001,10370"/>
		<award lv="61" item="2990007,23200#2990001,10490"/>
		<award lv="62" item="2990007,23580#2990001,10600"/>
		<award lv="63" item="2990007,23970#2990001,10720"/>
		<award lv="64" item="2990007,24350#2990001,10830"/>
		<award lv="65" item="2990007,24730#2990001,10950"/>
		<award lv="66" item="2990007,25120#2990001,11060"/>
		<award lv="67" item="2990007,25500#2990001,11180"/>
		<award lv="68" item="2990007,25890#2990001,11290"/>
		<award lv="69" item="2990007,26270#2990001,11410"/>
		<award lv="70" item="2990007,26650#2990001,11520"/>
		<award lv="71" item="2990007,27040#2990001,11640"/>
		<award lv="72" item="2990007,27420#2990001,11760"/>
		<award lv="73" item="2990007,27810#2990001,11870"/>
		<award lv="74" item="2990007,28190#2990001,11990"/>
		<award lv="75" item="2990007,28570#2990001,12100"/>
		<award lv="76" item="2990007,28960#2990001,12220"/>
		<award lv="77" item="2990007,29340#2990001,12330"/>
		<award lv="78" item="2990007,29730#2990001,12450"/>
		<award lv="79" item="2990007,30110#2990001,12560"/>
		<award lv="80" item="2990007,30490#2990001,12680"/>
		<award lv="81" item="2990007,30880#2990001,12790"/>
		<award lv="82" item="2990007,31260#2990001,12910"/>
		<award lv="83" item="2990007,31650#2990001,13020"/>
		<award lv="84" item="2990007,32030#2990001,13140"/>
		<award lv="85" item="2990007,32410#2990001,13250"/>
		<award lv="86" item="2990007,32800#2990001,13370"/>
		<award lv="87" item="2990007,33180#2990001,13480"/>
		<award lv="88" item="2990007,33570#2990001,13600"/>
		<award lv="89" item="2990007,33950#2990001,13710"/>
		<award lv="90" item="2990007,34330#2990001,13830"/>
		<award lv="91" item="2990007,34720#2990001,13940"/>
		<award lv="92" item="2990007,35100#2990001,14060"/>
		<award lv="93" item="2990007,35490#2990001,14170"/>
		<award lv="94" item="2990007,35870#2990001,14290"/>
		<award lv="95" item="2990007,36250#2990001,14400"/>
		<award lv="96" item="2990007,36640#2990001,14520"/>
		<award lv="97" item="2990007,37020#2990001,14640"/>
		<award lv="98" item="2990007,37410#2990001,14750"/>
		<award lv="99" item="2990007,37790#2990001,14870"/>
		<award lv="100" item="2990007,38170#2990001,14980"/>
	</awards>
 </Arena>  
