<?xml version="1.0" encoding="UTF-8"?>
<root>
	<Matchs id="1">
		<Match id="0" min="0.7" max="0.75" />
		<Match id="1" min="0.7" max="0.75" />
		<Match id="2" min="1" max="1.05" />
		<Match id="3" min="0.75" max="0.8" />
		<Match id="4" min="0.75" max="0.8" />
		<Match id="5" min="1.05" max="1.1" />
		<Match id="6" min="0.8" max="0.85" />
		<Match id="7" min="0.8" max="0.85" />
		<Match id="8" min="1.1" max="1.15" />
		<Match id="9" min="0.9" max="0.95" />
		<Match id="10" min="0.9" max="0.95" />
		<Match id="11" min="1.15" max="1.2" />
		<Match id="12" min="1" max="1.05" />
		<Match id="13" min="1" max="1.05" />
		<Match id="14" min="1.2" max="1.25" />
		<Match id="15" min="1.1" max="1.15" />
		<Match id="16" min="1.1" max="1.15" />
		<Match id="17" min="1.3" max="1.35" />
		<Match id="18" min="1.2" max="1.25" />
		<Match id="19" min="1.2" max="1.25" />
		<Match id="20" min="1.4" max="1.45" />
		<Match id="21" min="1.3" max="1.35" />
		<Match id="22" min="1.3" max="1.35" />
		<Match id="23" min="1.5" max="1.55" />
		<Match id="24" min="1.4" max="1.45" />
		<Match id="25" min="1.4" max="1.45" />
		<Match id="26" min="1.6" max="1.65" />
		<Match id="27" min="1.5" max="1.55" />
		<Match id="28" min="1.5" max="1.55" />
		<Match id="29" min="1.7" max="1.75" />
		<Match id="30" min="1.7" max="1.75" />
	</Matchs>
	<Matchs id="2">
		<Match id="0" min="0.8" max="0.85" />
		<Match id="1" min="0.9" max="0.95" />
		<Match id="2" min="1.1" max="1.15" />
		<Match id="3" min="0.9" max="0.95" />
		<Match id="4" min="1" max="1.05" />
		<Match id="5" min="1.2" max="1.25" />
		<Match id="6" min="1" max="1.05" />
		<Match id="7" min="1.1" max="1.15" />
		<Match id="8" min="1.3" max="1.35" />
		<Match id="9" min="1.1" max="1.15" />
		<Match id="10" min="1.2" max="1.25" />
		<Match id="11" min="1.4" max="1.45" />
		<Match id="12" min="1.2" max="1.25" />
		<Match id="13" min="1.3" max="1.35" />
		<Match id="14" min="1.5" max="1.55" />
		<Match id="15" min="1.3" max="1.35" />
		<Match id="16" min="1.4" max="1.45" />
		<Match id="17" min="1.6" max="1.65" />
		<Match id="18" min="1.4" max="1.45" />
		<Match id="19" min="1.5" max="1.55" />
		<Match id="20" min="1.7" max="1.75" />
		<Match id="21" min="1.5" max="1.55" />
		<Match id="22" min="1.6" max="1.65" />
		<Match id="23" min="1.8" max="1.55" />
		<Match id="24" min="1.6" max="1.65" />
		<Match id="25" min="1.7" max="1.75" />
		<Match id="26" min="1.9" max="1.95" />
		<Match id="27" min="1.7" max="1.75" />
		<Match id="28" min="1.8" max="1.85" />
		<Match id="29" min="2.0" max="2.05" />
		<Match id="30" min="2.0" max="2.15" />
	</Matchs>
</root>