<?xml version="1.0" encoding="utf-8"?>
<stores>
	<table id="3001" name="战勋商店-战士">		
	<value itemId="111045" currency="2990013" currencyNum="168" honour="100"/>
	<value itemId="112045" currency="2990013" currencyNum="168" honour="100"/>
	<value itemId="115045" currency="2990013" currencyNum="168" honour="100"/>
	<value itemId="111055" currency="2990013" currencyNum="340" honour="300"/>
	<value itemId="112055" currency="2990013" currencyNum="340" honour="300"/>
	<value itemId="115055" currency="2990013" currencyNum="340" honour="300"/>
	<value itemId="111065" currency="2990013" currencyNum="960" honour="500"/>
	<value itemId="112065" currency="2990013" currencyNum="960" honour="500"/>
	<value itemId="115065" currency="2990013" currencyNum="960" honour="500"/>
	<value itemId="111075" currency="2990013" currencyNum="1440" honour="1000"/>
	<value itemId="112075" currency="2990013" currencyNum="1440" honour="1000"/>
	<value itemId="115075" currency="2990013" currencyNum="1440" honour="1000"/>
	<value itemId="111085" currency="2990013" currencyNum="1920" honour="1500"/>
	<value itemId="112085" currency="2990013" currencyNum="1920" honour="1500"/>
	<value itemId="115085" currency="2990013" currencyNum="1920" honour="1500"/>
	</table>
	<table id="3002" name="战勋商店-法师">		
	<value itemId="121045" currency="2990013" currencyNum="168" honour="100"/>
	<value itemId="122045" currency="2990013" currencyNum="168" honour="100"/>
	<value itemId="125045" currency="2990013" currencyNum="168" honour="100"/>
	<value itemId="121055" currency="2990013" currencyNum="340" honour="300"/>
	<value itemId="122055" currency="2990013" currencyNum="340" honour="300"/>
	<value itemId="125055" currency="2990013" currencyNum="340" honour="300"/>
	<value itemId="121065" currency="2990013" currencyNum="960" honour="500"/>
	<value itemId="122065" currency="2990013" currencyNum="960" honour="500"/>
	<value itemId="125065" currency="2990013" currencyNum="960" honour="500"/>
	<value itemId="121075" currency="2990013" currencyNum="1440" honour="1000"/>
	<value itemId="122075" currency="2990013" currencyNum="1440" honour="1000"/>
	<value itemId="125075" currency="2990013" currencyNum="1440" honour="1000"/>
	<value itemId="121085" currency="2990013" currencyNum="1920" honour="1500"/>
	<value itemId="122085" currency="2990013" currencyNum="1920" honour="1500"/>
	<value itemId="125085" currency="2990013" currencyNum="1920" honour="1500"/>
	</table>
	<table id="3003" name="战勋商店-射手">		
	<value itemId="131045" currency="2990013" currencyNum="168" honour="100"/>
	<value itemId="132045" currency="2990013" currencyNum="168" honour="100"/>
	<value itemId="135045" currency="2990013" currencyNum="168" honour="100"/>
	<value itemId="131055" currency="2990013" currencyNum="340" honour="300"/>
	<value itemId="132055" currency="2990013" currencyNum="340" honour="300"/>
	<value itemId="135055" currency="2990013" currencyNum="340" honour="300"/>
	<value itemId="131065" currency="2990013" currencyNum="960" honour="500"/>
	<value itemId="132065" currency="2990013" currencyNum="960" honour="500"/>
	<value itemId="135065" currency="2990013" currencyNum="960" honour="500"/>
	<value itemId="131075" currency="2990013" currencyNum="1440" honour="1000"/>
	<value itemId="132075" currency="2990013" currencyNum="1440" honour="1000"/>
	<value itemId="135075" currency="2990013" currencyNum="1440" honour="1000"/>
	<value itemId="131085" currency="2990013" currencyNum="1920" honour="1500"/>
	<value itemId="132085" currency="2990013" currencyNum="1920" honour="1500"/>
	<value itemId="135085" currency="2990013" currencyNum="1920" honour="1500"/>
	</table>
	
</stores>
