<award><!--奖励-->
    <Apollo>
	    <ripe><!--军团等级对应的果实成熟奖励money是获得的金币，gongxian是获得的贡献（军团获得相应的繁荣度），god是增加的神像经验值-->
		    <juntuan lv="1" money="500" gongxian="10" god="1"/>
			<juntuan lv="2" money="1000" gongxian="20" god="2"/>
			<juntuan lv="3" money="2000" gongxian="30" god="5"/>
			<juntuan lv="4" money="4000" gongxian="40" god="10"/>
			<juntuan lv="5" money="8000" gongxian="50" god="20"/>
			<juntuan lv="6" money="15000" gongxian="60" god="30"/>
			<juntuan lv="7" money="25000" gongxian="70" god="50"/>
			<juntuan lv="8" money="45000" gongxian="80" god="100"/>
			<juntuan lv="9" money="70000" gongxian="90" god="200"/>
			<juntuan lv="10" money="100000" gongxian="100" god="500"/>
		</ripe>
		<shifei><!--军团等级对应的施肥奖励-->
		    <juntuan lv="1" money="100"/>
			<juntuan lv="2" money="200"/>
			<juntuan lv="3" money="300"/>
			<juntuan lv="4" money="400"/>
			<juntuan lv="5" money="500"/>
			<juntuan lv="6" money="600"/>
			<juntuan lv="7" money="700"/>
			<juntuan lv="8" money="800"/>
			<juntuan lv="9" money="900"/>
			<juntuan lv="10" money="1000"/>
		</shifei>
	</Apollo>
	<Hades>
	    <ripe><!--军团等级对应的果实成熟奖励（exp是玩家获得的经验）-->
		    <juntuan lv="1" exp="500" gongxian="10" god="1"/>
			<juntuan lv="2" exp="1000" gongxian="20" god="2"/>
			<juntuan lv="3" exp="2000" gongxian="30" god="5"/>
			<juntuan lv="4" exp="4000" gongxian="40" god="10"/>
			<juntuan lv="5" exp="8000" gongxian="50" god="20"/>
			<juntuan lv="6" exp="15000" gongxian="60" god="30"/>
			<juntuan lv="7" exp="25000" gongxian="70" god="50"/>
			<juntuan lv="8" exp="45000" gongxian="80" god="100"/>
			<juntuan lv="9" exp="70000" gongxian="90" god="200"/>
			<juntuan lv="10" exp="100000" gongxian="100" god="500"/>
		</ripe>
		<shifei><!--军团等级对应的施肥奖励-->
			<juntuan lv="1" exp="100"/>
			<juntuan lv="2" exp="200"/>
			<juntuan lv="3" exp="300"/>
			<juntuan lv="4" exp="400"/>
			<juntuan lv="5" exp="500"/>
			<juntuan lv="6" exp="600"/>
			<juntuan lv="7" exp="700"/>
			<juntuan lv="8" exp="800"/>
			<juntuan lv="9" exp="900"/>
			<juntuan lv="10" exp="1000"/>
		</shifei>
	</Hades>
</award>