<?xml version="1.0" encoding="utf-8"?>
<BackpackTime>
	<Backpack>
	<prop place="19" time="1" bindgold="2"/>
	<prop place="20" time="2" bindgold="4"/>
	<prop place="21" time="4" bindgold="6"/>
	<prop place="22" time="6" bindgold="8"/>
	<prop place="23" time="8" bindgold="10"/>
	<prop place="24" time="10" bindgold="12"/>
	<prop place="25" time="12" bindgold="14"/>
	<prop place="26" time="14" bindgold="16"/>
	<prop place="27" time="16" bindgold="18"/>
	<prop place="28" time="18" bindgold="20"/>
	<prop place="29" time="20" bindgold="22"/>
	<prop place="30" time="24" bindgold="24"/>
	<prop place="31" time="28" bindgold="26"/>
	<prop place="32" time="32" bindgold="28"/>
	<prop place="33" time="36" bindgold="30"/>
	<prop place="34" time="40" bindgold="32"/>
	<prop place="35" time="44" bindgold="34"/>
	<prop place="36" time="48" bindgold="36"/>
	<prop place="37" time="54" bindgold="38"/>
	<prop place="38" time="79" bindgold="40"/>
	<prop place="39" time="106" bindgold="42"/>
	<prop place="40" time="135" bindgold="44"/>
	<prop place="41" time="166" bindgold="46"/>
	<prop place="42" time="199" bindgold="48"/>
	<prop place="43" time="234" bindgold="50"/>
	<prop place="44" time="271" bindgold="52"/>
	<prop place="45" time="310" bindgold="54"/>
	<prop place="46" time="351" bindgold="56"/>
	<prop place="47" time="394" bindgold="58"/>
	<prop place="48" time="439" bindgold="60"/>
	<prop place="49" time="486" bindgold="62"/>
	<prop place="50" time="535" bindgold="64"/>
	<prop place="51" time="586" bindgold="66"/>
	<prop place="52" time="639" bindgold="68"/>
	<prop place="53" time="694" bindgold="70"/>
	<prop place="54" time="751" bindgold="72"/>
	<prop place="55" time="810" bindgold="74"/>
	<prop place="56" time="871" bindgold="76"/>
	<prop place="57" time="934" bindgold="78"/>
	<prop place="58" time="999" bindgold="80"/>
	<prop place="59" time="1066" bindgold="82"/>
	<prop place="60" time="1135" bindgold="84"/>
	<prop place="61" time="1206" bindgold="86"/>
	<prop place="62" time="1279" bindgold="88"/>
	<prop place="63" time="1354" bindgold="90"/>
	<prop place="64" time="1431" bindgold="92"/>
	<prop place="65" time="1510" bindgold="94"/>
	<prop place="66" time="1591" bindgold="96"/>
	<prop place="67" time="1674" bindgold="98"/>
	<prop place="68" time="1759" bindgold="100"/>
	<prop place="69" time="1846" bindgold="102"/>
	<prop place="70" time="1935" bindgold="104"/>
	<prop place="71" time="2026" bindgold="106"/>
	<prop place="72" time="2119" bindgold="108"/>
	<prop place="73" time="2214" bindgold="110"/>
	<prop place="74" time="2311" bindgold="112"/>
	<prop place="75" time="2410" bindgold="114"/>
	<prop place="76" time="2511" bindgold="116"/>
	<prop place="77" time="2614" bindgold="118"/>
	<prop place="78" time="2719" bindgold="120"/>
	<prop place="79" time="2826" bindgold="122"/>
	<prop place="80" time="2935" bindgold="124"/>
	<prop place="81" time="3046" bindgold="126"/>
	<prop place="82" time="3159" bindgold="128"/>
	<prop place="83" time="3274" bindgold="130"/>
	<prop place="84" time="3391" bindgold="132"/>
	<prop place="85" time="3510" bindgold="134"/>
	<prop place="86" time="3631" bindgold="136"/>
	<prop place="87" time="3754" bindgold="138"/>
	<prop place="88" time="3879" bindgold="140"/>
	<prop place="89" time="4006" bindgold="142"/>
	<prop place="90" time="4135" bindgold="144"/>
	<prop place="91" time="4266" bindgold="146"/>
	<prop place="92" time="4399" bindgold="148"/>
	<prop place="93" time="4534" bindgold="150"/>
	<prop place="94" time="4671" bindgold="152"/>
	<prop place="95" time="4810" bindgold="154"/>
	<prop place="96" time="4951" bindgold="156"/>
	<prop place="97" time="5094" bindgold="158"/>
	<prop place="98" time="5239" bindgold="160"/>
	<prop place="99" time="5386" bindgold="162"/>
	<prop place="100" time="5535" bindgold="164"/>
	</Backpack>
</BackpackTime>
