<?xml version="1.0" encoding="utf-8"?>
<buffs>
	<Buff id="101071" name="挥砍·奥义" description="领悟出使用巧力砍中敌人命门，使技能有1%几率击晕目标1秒" buffType="1" ifDeBuff="0" buffTime="-1" ifCycle="0" buffIcon="0" buffImage="0" buffDate="[{'type':7,'param':{'skillId':10101,'prob':1,'stun':1000}}]"/>
	<Buff id="101072" name="挥砍·奥义" description="领悟出使用巧力砍中敌人命门，使技能有2%几率击晕目标1秒" buffType="1" ifDeBuff="0" buffTime="-1" ifCycle="0" buffIcon="0" buffImage="0" buffDate="[{'type':7,'param':{'skillId':10101,'prob':2,'stun':1000}}]"/>
	<Buff id="101073" name="挥砍·奥义" description="领悟出使用巧力砍中敌人命门，使技能有4%几率击晕目标1秒" buffType="1" ifDeBuff="0" buffTime="-1" ifCycle="0" buffIcon="0" buffImage="0" buffDate="[{'type':7,'param':{'skillId':10101,'prob':4,'stun':1000}}]"/>
	<Buff id="101081" name="挥砍·专精" description="熟能生巧，提升挥砍伤害加成3%" buffType="2" ifDeBuff="0" buffTime="-1" ifCycle="0" buffIcon="0" buffImage="0" buffDate="[{'type':1,'param':{'skillId':10101,'seniorHurt':3}}]"/>
	<Buff id="101082" name="挥砍·专精" description="熟能生巧，提升挥砍伤害加成6%" buffType="2" ifDeBuff="0" buffTime="-1" ifCycle="0" buffIcon="0" buffImage="0" buffDate="[{'type':1,'param':{'skillId':10101,'seniorHurt':6}}]"/>
	<Buff id="101083" name="挥砍·专精" description="熟能生巧，提升挥砍伤害加成9%" buffType="2" ifDeBuff="0" buffTime="-1" ifCycle="0" buffIcon="0" buffImage="0" buffDate="[{'type':1,'param':{'skillId':10101,'seniorHurt':9}}]"/>
	<Buff id="101091" name="奔雷斩·奥义" description="携雷霆万钧之势轰击，增加自己攻击力5%，持续2秒" buffType="3" ifDeBuff="0" buffTime="-1" ifCycle="0" buffIcon="0" buffImage="0" buffDate="[{'type':9,'param':{'skillId':10102,'prob':100,'ChildBuff':501091}}]"/>
	<Buff id="101092" name="奔雷斩·奥义" description="携雷霆万钧之势轰击，增加自己攻击力5%，持续3秒" buffType="3" ifDeBuff="0" buffTime="-1" ifCycle="0" buffIcon="0" buffImage="0" buffDate="[{'type':9,'param':{'skillId':10102,'prob':100,'ChildBuff':501092}}]"/>
	<Buff id="101093" name="奔雷斩·奥义" description="携雷霆万钧之势轰击，增加自己攻击力5%，持续4秒" buffType="3" ifDeBuff="0" buffTime="-1" ifCycle="0" buffIcon="0" buffImage="0" buffDate="[{'type':9,'param':{'skillId':10102,'prob':100,'ChildBuff':501093}}]"/>
	<Buff id="101101" name="奔雷斩·专精" description="精通奔雷剑气，提升奔雷斩伤害加成5%" buffType="4" ifDeBuff="0" buffTime="-1" ifCycle="0" buffIcon="0" buffImage="0" buffDate="[{'type':1,'param':{'skillId':10102,'seniorHurt':5}}]"/>
	<Buff id="101102" name="奔雷斩·专精" description="精通奔雷剑气，提升奔雷斩伤害加成8%" buffType="4" ifDeBuff="0" buffTime="-1" ifCycle="0" buffIcon="0" buffImage="0" buffDate="[{'type':1,'param':{'skillId':10102,'seniorHurt':8}}]"/>
	<Buff id="101103" name="奔雷斩·专精" description="精通奔雷剑气，提升奔雷斩伤害加成11%" buffType="4" ifDeBuff="0" buffTime="-1" ifCycle="0" buffIcon="0" buffImage="0" buffDate="[{'type':1,'param':{'skillId':10102,'seniorHurt':11}}]"/>
	<Buff id="101104" name="奔雷斩·专精" description="精通奔雷剑气，提升奔雷斩伤害加成14%" buffType="4" ifDeBuff="0" buffTime="-1" ifCycle="0" buffIcon="0" buffImage="0" buffDate="[{'type':1,'param':{'skillId':10102,'seniorHurt':14}}]"/>
	<Buff id="101105" name="奔雷斩·专精" description="精通奔雷剑气，提升奔雷斩伤害加成17%" buffType="4" ifDeBuff="0" buffTime="-1" ifCycle="0" buffIcon="0" buffImage="0" buffDate="[{'type':1,'param':{'skillId':10102,'seniorHurt':17}}]"/>
	<Buff id="101111" name="升龙击·奥义" description="升龙将敌人击飞腾空时，直接看穿目标弱点，使其物防下降8%，持续4秒" buffType="5" ifDeBuff="0" buffTime="-1" ifCycle="0" buffIcon="0" buffImage="0" buffDate="[{'type':10,'param':{'skillId':10103,'prob':100,'ChildBuff':501111}}]"/>
	<Buff id="101112" name="升龙击·奥义" description="升龙将敌人击飞腾空时，直接看穿目标弱点，使其物防下降10%，持续4秒" buffType="5" ifDeBuff="0" buffTime="-1" ifCycle="0" buffIcon="0" buffImage="0" buffDate="[{'type':10,'param':{'skillId':10103,'prob':100,'ChildBuff':501112}}]"/>
	<Buff id="101113" name="升龙击·奥义" description="升龙将敌人击飞腾空时，直接看穿目标弱点，使其物防下降12%，持续4秒" buffType="5" ifDeBuff="0" buffTime="-1" ifCycle="0" buffIcon="0" buffImage="0" buffDate="[{'type':10,'param':{'skillId':10103,'prob':100,'ChildBuff':501113}}]"/>
	<Buff id="101114" name="升龙击·奥义" description="升龙将敌人击飞腾空时，直接看穿目标弱点，使其物防下降14%，持续4秒" buffType="5" ifDeBuff="0" buffTime="-1" ifCycle="0" buffIcon="0" buffImage="0" buffDate="[{'type':10,'param':{'skillId':10103,'prob':100,'ChildBuff':501114}}]"/>
	<Buff id="101115" name="升龙击·奥义" description="升龙将敌人击飞腾空时，直接看穿目标弱点，使其物防下降16%，持续4秒" buffType="5" ifDeBuff="0" buffTime="-1" ifCycle="0" buffIcon="0" buffImage="0" buffDate="[{'type':10,'param':{'skillId':10103,'prob':100,'ChildBuff':501115}}]"/>
	<Buff id="101121" name="升龙击·专精" description="精通上挑发力，提升升龙击伤害加成5%" buffType="6" ifDeBuff="0" buffTime="-1" ifCycle="0" buffIcon="0" buffImage="0" buffDate="[{'type':1,'param':{'skillId':10103,'seniorHurt':5}}]"/>
	<Buff id="101122" name="升龙击·专精" description="精通上挑发力，提升升龙击伤害加成8%" buffType="6" ifDeBuff="0" buffTime="-1" ifCycle="0" buffIcon="0" buffImage="0" buffDate="[{'type':1,'param':{'skillId':10103,'seniorHurt':8}}]"/>
	<Buff id="101123" name="升龙击·专精" description="精通上挑发力，提升升龙击伤害加成11%" buffType="6" ifDeBuff="0" buffTime="-1" ifCycle="0" buffIcon="0" buffImage="0" buffDate="[{'type':1,'param':{'skillId':10103,'seniorHurt':11}}]"/>
	<Buff id="101124" name="升龙击·专精" description="精通上挑发力，提升升龙击伤害加成14%" buffType="6" ifDeBuff="0" buffTime="-1" ifCycle="0" buffIcon="0" buffImage="0" buffDate="[{'type':1,'param':{'skillId':10103,'seniorHurt':14}}]"/>
	<Buff id="101125" name="升龙击·专精" description="精通上挑发力，提升升龙击伤害加成17%" buffType="6" ifDeBuff="0" buffTime="-1" ifCycle="0" buffIcon="0" buffImage="0" buffDate="[{'type':1,'param':{'skillId':10103,'seniorHurt':17}}]"/>
	<Buff id="101131" name="旋风斩·奥义" description="领悟风暴切割的能力，使目标伤口持续流血，伤害总值为技能所造成伤害的10%，持续3秒" buffType="7" ifDeBuff="0" buffTime="-1" ifCycle="0" buffIcon="0" buffImage="0" buffDate="[{'type':10,'param':{'skillId':10104,'prob':100,'ChildBuff':501131}}]"/>
	<Buff id="101132" name="旋风斩·奥义" description="领悟风暴切割的能力，使目标伤口持续流血，伤害总值为技能所造成伤害的15%，持续3秒" buffType="7" ifDeBuff="0" buffTime="-1" ifCycle="0" buffIcon="0" buffImage="0" buffDate="[{'type':10,'param':{'skillId':10104,'prob':100,'ChildBuff':501132}}]"/>
	<Buff id="101133" name="旋风斩·奥义" description="领悟风暴切割的能力，使目标伤口持续流血，伤害总值为技能所造成伤害的25%，持续3秒" buffType="7" ifDeBuff="0" buffTime="-1" ifCycle="0" buffIcon="0" buffImage="0" buffDate="[{'type':10,'param':{'skillId':10104,'prob':100,'ChildBuff':501133}}]"/>
	<Buff id="101141" name="旋风斩·专精" description="精通旋风斩，提升旋风斩伤害加成3%" buffType="8" ifDeBuff="0" buffTime="-1" ifCycle="0" buffIcon="0" buffImage="0" buffDate="[{'type':1,'param':{'skillId':10104,'seniorHurt':3}}]"/>
	<Buff id="101142" name="旋风斩·专精" description="精通旋风斩，提升旋风斩伤害加成6%" buffType="8" ifDeBuff="0" buffTime="-1" ifCycle="0" buffIcon="0" buffImage="0" buffDate="[{'type':1,'param':{'skillId':10104,'seniorHurt':6}}]"/>
	<Buff id="101143" name="旋风斩·专精" description="精通旋风斩，提升旋风斩伤害加成9%" buffType="8" ifDeBuff="0" buffTime="-1" ifCycle="0" buffIcon="0" buffImage="0" buffDate="[{'type':1,'param':{'skillId':10104,'seniorHurt':9}}]"/>
	<Buff id="101144" name="旋风斩·专精" description="精通旋风斩，提升旋风斩伤害加成12%" buffType="8" ifDeBuff="0" buffTime="-1" ifCycle="0" buffIcon="0" buffImage="0" buffDate="[{'type':1,'param':{'skillId':10104,'seniorHurt':12}}]"/>
	<Buff id="101145" name="旋风斩·专精" description="精通旋风斩，提升旋风斩伤害加成15%" buffType="8" ifDeBuff="0" buffTime="-1" ifCycle="0" buffIcon="0" buffImage="0" buffDate="[{'type':1,'param':{'skillId':10104,'seniorHurt':15}}]"/>
	<Buff id="101151" name="袭风刺·奥义" description="领悟融于风中的发力技巧，10%几率使目标晕眩2秒" buffType="9" ifDeBuff="0" buffTime="-1" ifCycle="0" buffIcon="0" buffImage="0" buffDate="[{'type':7,'param':{'skillId':10105,'prob':10,'stun':2000}}]"/>
	<Buff id="101152" name="袭风刺·奥义" description="领悟融于风中的发力技巧，15%几率使目标晕眩2秒" buffType="9" ifDeBuff="0" buffTime="-1" ifCycle="0" buffIcon="0" buffImage="0" buffDate="[{'type':7,'param':{'skillId':10105,'prob':15,'stun':2000}}]"/>
	<Buff id="101153" name="袭风刺·奥义" description="领悟融于风中的发力技巧，15%几率使目标晕眩3秒" buffType="9" ifDeBuff="0" buffTime="-1" ifCycle="0" buffIcon="0" buffImage="0" buffDate="[{'type':7,'param':{'skillId':10105,'prob':15,'stun':3000}}]"/>
	<Buff id="101161" name="袭风刺·专精" description="借用风的力量，提升袭风刺伤害加成10%" buffType="10" ifDeBuff="0" buffTime="-1" ifCycle="0" buffIcon="0" buffImage="0" buffDate="[{'type':1,'param':{'skillId':10105,'seniorHurt':10}}]"/>
	<Buff id="101162" name="袭风刺·专精" description="借用风的力量，提升袭风刺伤害加成15%" buffType="10" ifDeBuff="0" buffTime="-1" ifCycle="0" buffIcon="0" buffImage="0" buffDate="[{'type':1,'param':{'skillId':10105,'seniorHurt':15}}]"/>
	<Buff id="101163" name="袭风刺·专精" description="借用风的力量，提升袭风刺伤害加成20%" buffType="10" ifDeBuff="0" buffTime="-1" ifCycle="0" buffIcon="0" buffImage="0" buffDate="[{'type':1,'param':{'skillId':10105,'seniorHurt':20}}]"/>
	<Buff id="101164" name="袭风刺·专精" description="借用风的力量，提升袭风刺伤害加成25%" buffType="10" ifDeBuff="0" buffTime="-1" ifCycle="0" buffIcon="0" buffImage="0" buffDate="[{'type':1,'param':{'skillId':10105,'seniorHurt':25}}]"/>
	<Buff id="101165" name="袭风刺·专精" description="借用风的力量，提升袭风刺伤害加成30%" buffType="10" ifDeBuff="0" buffTime="-1" ifCycle="0" buffIcon="0" buffImage="0" buffDate="[{'type':1,'param':{'skillId':10105,'seniorHurt':30}}]"/>
	<Buff id="101171" name="雷霆一击·奥义" description="领悟雷霆一击的奥义，减少技能冷却时间时间0.5秒" buffType="11" ifDeBuff="0" buffTime="-1" ifCycle="0" buffIcon="0" buffImage="0" buffDate="[{'type':3,'param':{'skillId':10106,'cd':-500}}]"/>
	<Buff id="101172" name="雷霆一击·奥义" description="领悟雷霆一击的奥义，减少技能冷却时间时间1秒" buffType="11" ifDeBuff="0" buffTime="-1" ifCycle="0" buffIcon="0" buffImage="0" buffDate="[{'type':3,'param':{'skillId':10106,'cd':-1000}}]"/>
	<Buff id="101173" name="雷霆一击·奥义" description="领悟雷霆一击的奥义，减少技能冷却时间时间1.5秒" buffType="11" ifDeBuff="0" buffTime="-1" ifCycle="0" buffIcon="0" buffImage="0" buffDate="[{'type':3,'param':{'skillId':10106,'cd':-1500}}]"/>
	<Buff id="101181" name="雷霆一击·专精" description="精通力的使用，提升雷霆一击伤害加成6%" buffType="12" ifDeBuff="0" buffTime="-1" ifCycle="0" buffIcon="0" buffImage="0" buffDate="[{'type':1,'param':{'skillId':10106,'seniorHurt':6}}]"/>
	<Buff id="101182" name="雷霆一击·专精" description="精通力的使用，提升雷霆一击伤害加成12%" buffType="12" ifDeBuff="0" buffTime="-1" ifCycle="0" buffIcon="0" buffImage="0" buffDate="[{'type':1,'param':{'skillId':10106,'seniorHurt':12}}]"/>
	<Buff id="101183" name="雷霆一击·专精" description="精通力的使用，提升雷霆一击伤害加成18%" buffType="12" ifDeBuff="0" buffTime="-1" ifCycle="0" buffIcon="0" buffImage="0" buffDate="[{'type':1,'param':{'skillId':10106,'seniorHurt':18}}]"/>
	<Buff id="101184" name="雷霆一击·专精" description="精通力的使用，提升雷霆一击伤害加成24%" buffType="12" ifDeBuff="0" buffTime="-1" ifCycle="0" buffIcon="0" buffImage="0" buffDate="[{'type':1,'param':{'skillId':10106,'seniorHurt':24}}]"/>
	<Buff id="101185" name="雷霆一击·专精" description="精通力的使用，提升雷霆一击伤害加成30%" buffType="12" ifDeBuff="0" buffTime="-1" ifCycle="0" buffIcon="0" buffImage="0" buffDate="[{'type':1,'param':{'skillId':10106,'seniorHurt':30}}]"/>
	<Buff id="102071" name="能量冲击·奥义" description="控制魔法能量的释放方式，提高能量冲击的攻击范围5码" buffType="13" ifDeBuff="0" buffTime="-1" ifCycle="0" buffIcon="0" buffImage="0" buffDate="[{'type':4,'param':{'skillId':10201,'rangex':5,'rangey':0}}]"/>
	<Buff id="102072" name="能量冲击·奥义" description="控制魔法能量的释放方式，提高能量冲击的攻击范围10码" buffType="13" ifDeBuff="0" buffTime="-1" ifCycle="0" buffIcon="0" buffImage="0" buffDate="[{'type':4,'param':{'skillId':10201,'rangex':10,'rangey':0}}]"/>
	<Buff id="102073" name="能量冲击·奥义" description="控制魔法能量的释放方式，提高能量冲击的攻击范围15码" buffType="13" ifDeBuff="0" buffTime="-1" ifCycle="0" buffIcon="0" buffImage="0" buffDate="[{'type':4,'param':{'skillId':10201,'rangex':15,'rangey':0}}]"/>
	<Buff id="102081" name="能量冲击·专精" description="精通魔法能量的凝聚，提升能量冲击伤害加成3%" buffType="14" ifDeBuff="0" buffTime="-1" ifCycle="0" buffIcon="0" buffImage="0" buffDate="[{'type':1,'param':{'skillId':10201,'seniorHurt':3}}]"/>
	<Buff id="102082" name="能量冲击·专精" description="精通魔法能量的凝聚，提升能量冲击伤害加成6%" buffType="14" ifDeBuff="0" buffTime="-1" ifCycle="0" buffIcon="0" buffImage="0" buffDate="[{'type':1,'param':{'skillId':10201,'seniorHurt':6}}]"/>
	<Buff id="102083" name="能量冲击·专精" description="精通魔法能量的凝聚，提升能量冲击伤害加成9%" buffType="14" ifDeBuff="0" buffTime="-1" ifCycle="0" buffIcon="0" buffImage="0" buffDate="[{'type':1,'param':{'skillId':10201,'seniorHurt':9}}]"/>
	<Buff id="102091" name="冰咆哮·奥义" description="领悟冰雪的力量，冰咆哮冰封时间增加0.3秒" buffType="15" ifDeBuff="0" buffTime="-1" ifCycle="0" buffIcon="0" buffImage="0" buffDate="[{'type':6,'param':{'skillId':10202,'frozen':300}}]"/>
	<Buff id="102092" name="冰咆哮·奥义" description="领悟冰雪的力量，冰咆哮冰封时间增加0.5秒" buffType="15" ifDeBuff="0" buffTime="-1" ifCycle="0" buffIcon="0" buffImage="0" buffDate="[{'type':6,'param':{'skillId':10202,'frozen':500}}]"/>
	<Buff id="102093" name="冰咆哮·奥义" description="领悟冰雪的力量，冰咆哮冰封时间增加1秒" buffType="15" ifDeBuff="0" buffTime="-1" ifCycle="0" buffIcon="0" buffImage="0" buffDate="[{'type':6,'param':{'skillId':10202,'frozen':1000}}]"/>
	<Buff id="102101" name="冰咆哮·专精" description="精通冰的寒力，提升冰咆哮伤害加成5%" buffType="16" ifDeBuff="0" buffTime="-1" ifCycle="0" buffIcon="0" buffImage="0" buffDate="[{'type':1,'param':{'skillId':10202,'seniorHurt':5}}]"/>
	<Buff id="102102" name="冰咆哮·专精" description="精通冰的寒力，提升冰咆哮伤害加成9%" buffType="16" ifDeBuff="0" buffTime="-1" ifCycle="0" buffIcon="0" buffImage="0" buffDate="[{'type':1,'param':{'skillId':10202,'seniorHurt':9}}]"/>
	<Buff id="102103" name="冰咆哮·专精" description="精通冰的寒力，提升冰咆哮伤害加成13%" buffType="16" ifDeBuff="0" buffTime="-1" ifCycle="0" buffIcon="0" buffImage="0" buffDate="[{'type':1,'param':{'skillId':10202,'seniorHurt':13}}]"/>
	<Buff id="102104" name="冰咆哮·专精" description="精通冰的寒力，提升冰咆哮伤害加成17%" buffType="16" ifDeBuff="0" buffTime="-1" ifCycle="0" buffIcon="0" buffImage="0" buffDate="[{'type':1,'param':{'skillId':10202,'seniorHurt':17}}]"/>
	<Buff id="102105" name="冰咆哮·专精" description="精通冰的寒力，提升冰咆哮伤害加成20%" buffType="16" ifDeBuff="0" buffTime="-1" ifCycle="0" buffIcon="0" buffImage="0" buffDate="[{'type':1,'param':{'skillId':10202,'seniorHurt':20}}]"/>
	<Buff id="102111" name="疾光电·奥义" description="领悟雷电的奥义，提高疾光电的攻击范围10码" buffType="17" ifDeBuff="0" buffTime="-1" ifCycle="0" buffIcon="0" buffImage="0" buffDate="[{'type':4,'param':{'skillId':10203,'rangex':10,'rangey':0}}]"/>
	<Buff id="102112" name="疾光电·奥义" description="领悟雷电的奥义，提高疾光电的攻击范围12码" buffType="17" ifDeBuff="0" buffTime="-1" ifCycle="0" buffIcon="0" buffImage="0" buffDate="[{'type':4,'param':{'skillId':10203,'rangex':12,'rangey':0}}]"/>
	<Buff id="102113" name="疾光电·奥义" description="领悟雷电的奥义，提高疾光电的攻击范围14码" buffType="17" ifDeBuff="0" buffTime="-1" ifCycle="0" buffIcon="0" buffImage="0" buffDate="[{'type':4,'param':{'skillId':10203,'rangex':14,'rangey':0}}]"/>
	<Buff id="102114" name="疾光电·奥义" description="领悟雷电的奥义，提高疾光电的攻击范围17码" buffType="17" ifDeBuff="0" buffTime="-1" ifCycle="0" buffIcon="0" buffImage="0" buffDate="[{'type':4,'param':{'skillId':10203,'rangex':17,'rangey':0}}]"/>
	<Buff id="102115" name="疾光电·奥义" description="领悟雷电的奥义，提高疾光电的攻击范围20码" buffType="17" ifDeBuff="0" buffTime="-1" ifCycle="0" buffIcon="0" buffImage="0" buffDate="[{'type':4,'param':{'skillId':10203,'rangex':20,'rangey':0}}]"/>
	<Buff id="102121" name="疾光电·专精" description="精于在雷电光弧上附带毁灭，提升疾光电伤害加成5%" buffType="18" ifDeBuff="0" buffTime="-1" ifCycle="0" buffIcon="0" buffImage="0" buffDate="[{'type':1,'param':{'skillId':10203,'seniorHurt':5}}]"/>
	<Buff id="102122" name="疾光电·专精" description="精于在雷电光弧上附带毁灭，提升疾光电伤害加成10%" buffType="18" ifDeBuff="0" buffTime="-1" ifCycle="0" buffIcon="0" buffImage="0" buffDate="[{'type':1,'param':{'skillId':10203,'seniorHurt':10}}]"/>
	<Buff id="102123" name="疾光电·专精" description="精于在雷电光弧上附带毁灭，提升疾光电伤害加成15%" buffType="18" ifDeBuff="0" buffTime="-1" ifCycle="0" buffIcon="0" buffImage="0" buffDate="[{'type':1,'param':{'skillId':10203,'seniorHurt':15}}]"/>
	<Buff id="102124" name="疾光电·专精" description="精于在雷电光弧上附带毁灭，提升疾光电伤害加成20%" buffType="18" ifDeBuff="0" buffTime="-1" ifCycle="0" buffIcon="0" buffImage="0" buffDate="[{'type':1,'param':{'skillId':10203,'seniorHurt':20}}]"/>
	<Buff id="102125" name="疾光电·专精" description="精于在雷电光弧上附带毁灭，提升疾光电伤害加成25%" buffType="18" ifDeBuff="0" buffTime="-1" ifCycle="0" buffIcon="0" buffImage="0" buffDate="[{'type':1,'param':{'skillId':10203,'seniorHurt':25}}]"/>
	<Buff id="102131" name="雷电法球·奥义" description="领悟法球雷力的暴虐，降低目标魔法防御10%，持续4秒" buffType="19" ifDeBuff="0" buffTime="-1" ifCycle="0" buffIcon="0" buffImage="0" buffDate="[{'type':10,'param':{'skillId':10204,'prob':100,'ChildBuff':502131}}]"/>
	<Buff id="102132" name="雷电法球·奥义" description="领悟法球雷力的暴虐，降低目标魔法防御15%，持续4秒" buffType="19" ifDeBuff="0" buffTime="-1" ifCycle="0" buffIcon="0" buffImage="0" buffDate="[{'type':10,'param':{'skillId':10204,'prob':100,'ChildBuff':502132}}]"/>
	<Buff id="102133" name="雷电法球·奥义" description="领悟法球雷力的暴虐，降低目标魔法防御20%，持续4秒" buffType="19" ifDeBuff="0" buffTime="-1" ifCycle="0" buffIcon="0" buffImage="0" buffDate="[{'type':10,'param':{'skillId':10204,'prob':100,'ChildBuff':502133}}]"/>
	<Buff id="102141" name="雷电法球·专精" description="加强雷电魔法伤害，提升雷电法球的加成百分比5%" buffType="20" ifDeBuff="0" buffTime="-1" ifCycle="0" buffIcon="0" buffImage="0" buffDate="[{'type':1,'param':{'skillId':10204,'seniorHurt':5}}]"/>
	<Buff id="102142" name="雷电法球·专精" description="加强雷电魔法伤害，提升雷电法球的加成百分比10%" buffType="20" ifDeBuff="0" buffTime="-1" ifCycle="0" buffIcon="0" buffImage="0" buffDate="[{'type':1,'param':{'skillId':10204,'seniorHurt':10}}]"/>
	<Buff id="102143" name="雷电法球·专精" description="加强雷电魔法伤害，提升雷电法球的加成百分比15%" buffType="20" ifDeBuff="0" buffTime="-1" ifCycle="0" buffIcon="0" buffImage="0" buffDate="[{'type':1,'param':{'skillId':10204,'seniorHurt':15}}]"/>
	<Buff id="102144" name="雷电法球·专精" description="加强雷电魔法伤害，提升雷电法球的加成百分比20%" buffType="20" ifDeBuff="0" buffTime="-1" ifCycle="0" buffIcon="0" buffImage="0" buffDate="[{'type':1,'param':{'skillId':10204,'seniorHurt':20}}]"/>
	<Buff id="102145" name="雷电法球·专精" description="加强雷电魔法伤害，提升雷电法球的加成百分比25%" buffType="20" ifDeBuff="0" buffTime="-1" ifCycle="0" buffIcon="0" buffImage="0" buffDate="[{'type':1,'param':{'skillId':10204,'seniorHurt':25}}]"/>
	<Buff id="102151" name="霜之新星·奥义" description="领悟寒霜的力量，霜之新星冰封时间增加0.3秒" buffType="21" ifDeBuff="0" buffTime="-1" ifCycle="0" buffIcon="0" buffImage="0" buffDate="[{'type':6,'param':{'skillId':10205,'frozen':300}}]"/>
	<Buff id="102152" name="霜之新星·奥义" description="领悟寒霜的力量，霜之新星冰封时间增加0.4秒" buffType="21" ifDeBuff="0" buffTime="-1" ifCycle="0" buffIcon="0" buffImage="0" buffDate="[{'type':6,'param':{'skillId':10205,'frozen':400}}]"/>
	<Buff id="102153" name="霜之新星·奥义" description="领悟寒霜的力量，霜之新星冰封时间增加0.5秒" buffType="21" ifDeBuff="0" buffTime="-1" ifCycle="0" buffIcon="0" buffImage="0" buffDate="[{'type':6,'param':{'skillId':10205,'frozen':500}}]"/>
	<Buff id="102161" name="霜之新星·专精" description="精通寒霜的凝聚，提升霜之新星伤害加成3%" buffType="22" ifDeBuff="0" buffTime="-1" ifCycle="0" buffIcon="0" buffImage="0" buffDate="[{'type':1,'param':{'skillId':10205,'seniorHurt':3}}]"/>
	<Buff id="102162" name="霜之新星·专精" description="精通寒霜的凝聚，提升霜之新星伤害加成6%" buffType="22" ifDeBuff="0" buffTime="-1" ifCycle="0" buffIcon="0" buffImage="0" buffDate="[{'type':1,'param':{'skillId':10205,'seniorHurt':6}}]"/>
	<Buff id="102163" name="霜之新星·专精" description="精通寒霜的凝聚，提升霜之新星伤害加成9%" buffType="22" ifDeBuff="0" buffTime="-1" ifCycle="0" buffIcon="0" buffImage="0" buffDate="[{'type':1,'param':{'skillId':10205,'seniorHurt':9}}]"/>
	<Buff id="102164" name="霜之新星·专精" description="精通寒霜的凝聚，提升霜之新星伤害加成12%" buffType="22" ifDeBuff="0" buffTime="-1" ifCycle="0" buffIcon="0" buffImage="0" buffDate="[{'type':1,'param':{'skillId':10205,'seniorHurt':12}}]"/>
	<Buff id="102165" name="霜之新星·专精" description="精通寒霜的凝聚，提升霜之新星伤害加成15%" buffType="22" ifDeBuff="0" buffTime="-1" ifCycle="0" buffIcon="0" buffImage="0" buffDate="[{'type':1,'param':{'skillId':10205,'seniorHurt':15}}]"/>
	<Buff id="102171" name="流星火雨·奥义" description="领悟召唤的真义，使流星火雨有10%几率击晕敌人1秒" buffType="23" ifDeBuff="0" buffTime="-1" ifCycle="0" buffIcon="0" buffImage="0" buffDate="[{'type':7,'param':{'skillId':10206,'prob':10,'stun':1000}}]"/>
	<Buff id="102172" name="流星火雨·奥义" description="领悟召唤的真义，使流星火雨有20%几率击晕敌人1秒" buffType="23" ifDeBuff="0" buffTime="-1" ifCycle="0" buffIcon="0" buffImage="0" buffDate="[{'type':7,'param':{'skillId':10206,'prob':20,'stun':1000}}]"/>
	<Buff id="102173" name="流星火雨·奥义" description="领悟召唤的真义，使流星火雨有30%几率击晕敌人1秒" buffType="23" ifDeBuff="0" buffTime="-1" ifCycle="0" buffIcon="0" buffImage="0" buffDate="[{'type':7,'param':{'skillId':10206,'prob':30,'stun':1000}}]"/>
	<Buff id="102181" name="流星火雨·专精" description="控制陨石的下落力道，提升流星火雨伤害加成6%" buffType="24" ifDeBuff="0" buffTime="-1" ifCycle="0" buffIcon="0" buffImage="0" buffDate="[{'type':1,'param':{'skillId':10206,'seniorHurt':6}}]"/>
	<Buff id="102182" name="流星火雨·专精" description="控制陨石的下落力道，提升流星火雨伤害加成12%" buffType="24" ifDeBuff="0" buffTime="-1" ifCycle="0" buffIcon="0" buffImage="0" buffDate="[{'type':1,'param':{'skillId':10206,'seniorHurt':12}}]"/>
	<Buff id="102183" name="流星火雨·专精" description="控制陨石的下落力道，提升流星火雨伤害加成18%" buffType="24" ifDeBuff="0" buffTime="-1" ifCycle="0" buffIcon="0" buffImage="0" buffDate="[{'type':1,'param':{'skillId':10206,'seniorHurt':18}}]"/>
	<Buff id="102184" name="流星火雨·专精" description="控制陨石的下落力道，提升流星火雨伤害加成24%" buffType="24" ifDeBuff="0" buffTime="-1" ifCycle="0" buffIcon="0" buffImage="0" buffDate="[{'type':1,'param':{'skillId':10206,'seniorHurt':24}}]"/>
	<Buff id="102185" name="流星火雨·专精" description="控制陨石的下落力道，提升流星火雨伤害加成30%" buffType="24" ifDeBuff="0" buffTime="-1" ifCycle="0" buffIcon="0" buffImage="0" buffDate="[{'type':1,'param':{'skillId':10206,'seniorHurt':30}}]"/>
	<Buff id="103071" name="射击·奥义" description="领悟射击致晕的技巧，使技能有1%几率击晕目标1.5秒" buffType="25" ifDeBuff="0" buffTime="-1" ifCycle="0" buffIcon="0" buffImage="0" buffDate="[{'type':7,'param':{'skillId':10301,'prob':1,'stun':1500}}]"/>
	<Buff id="103072" name="射击·奥义" description="领悟射击致晕的技巧，使技能有2%几率击晕目标1.5秒" buffType="25" ifDeBuff="0" buffTime="-1" ifCycle="0" buffIcon="0" buffImage="0" buffDate="[{'type':7,'param':{'skillId':10301,'prob':2,'stun':1500}}]"/>
	<Buff id="103073" name="射击·奥义" description="领悟射击致晕的技巧，使技能有4%几率击晕目标1.5秒" buffType="25" ifDeBuff="0" buffTime="-1" ifCycle="0" buffIcon="0" buffImage="0" buffDate="[{'type':7,'param':{'skillId':10301,'prob':4,'stun':1500}}]"/>
	<Buff id="103081" name="射击·专精" description="精通开弓技巧，提升射击伤害加成3%" buffType="26" ifDeBuff="0" buffTime="-1" ifCycle="0" buffIcon="0" buffImage="0" buffDate="[{'type':1,'param':{'skillId':10301,'seniorHurt':3}}]"/>
	<Buff id="103082" name="射击·专精" description="精通开弓技巧，提升射击伤害加成6%" buffType="26" ifDeBuff="0" buffTime="-1" ifCycle="0" buffIcon="0" buffImage="0" buffDate="[{'type':1,'param':{'skillId':10301,'seniorHurt':6}}]"/>
	<Buff id="103083" name="射击·专精" description="精通开弓技巧，提升射击伤害加成9%" buffType="26" ifDeBuff="0" buffTime="-1" ifCycle="0" buffIcon="0" buffImage="0" buffDate="[{'type':1,'param':{'skillId':10301,'seniorHurt':9}}]"/>
	<Buff id="103091" name="火焰箭·奥义" description="领悟火元素的暴虐，使目标物理防御降低15%，持续3秒" buffType="27" ifDeBuff="0" buffTime="-1" ifCycle="0" buffIcon="0" buffImage="0" buffDate="[{'type':10,'param':{'skillId':10302,'prob':100,'ChildBuff':503091}}]"/>
	<Buff id="103092" name="火焰箭·奥义" description="领悟火元素的暴虐，使目标物理防御降低15%，持续4秒" buffType="27" ifDeBuff="0" buffTime="-1" ifCycle="0" buffIcon="0" buffImage="0" buffDate="[{'type':10,'param':{'skillId':10302,'prob':100,'ChildBuff':503092}}]"/>
	<Buff id="103093" name="火焰箭·奥义" description="领悟火元素的暴虐，使目标物理防御降低15%，持续5秒" buffType="27" ifDeBuff="0" buffTime="-1" ifCycle="0" buffIcon="0" buffImage="0" buffDate="[{'type':10,'param':{'skillId':10302,'prob':100,'ChildBuff':503093}}]"/>
	<Buff id="103101" name="火焰箭·专精" description="精通火箭的凝聚，提升火焰箭伤害加成5%" buffType="28" ifDeBuff="0" buffTime="-1" ifCycle="0" buffIcon="0" buffImage="0" buffDate="[{'type':1,'param':{'skillId':10302,'seniorHurt':5}}]"/>
	<Buff id="103102" name="火焰箭·专精" description="精通火箭的凝聚，提升火焰箭伤害加成9%" buffType="28" ifDeBuff="0" buffTime="-1" ifCycle="0" buffIcon="0" buffImage="0" buffDate="[{'type':1,'param':{'skillId':10302,'seniorHurt':9}}]"/>
	<Buff id="103103" name="火焰箭·专精" description="精通火箭的凝聚，提升火焰箭伤害加成13%" buffType="28" ifDeBuff="0" buffTime="-1" ifCycle="0" buffIcon="0" buffImage="0" buffDate="[{'type':1,'param':{'skillId':10302,'seniorHurt':13}}]"/>
	<Buff id="103104" name="火焰箭·专精" description="精通火箭的凝聚，提升火焰箭伤害加成17%" buffType="28" ifDeBuff="0" buffTime="-1" ifCycle="0" buffIcon="0" buffImage="0" buffDate="[{'type':1,'param':{'skillId':10302,'seniorHurt':17}}]"/>
	<Buff id="103105" name="火焰箭·专精" description="精通火箭的凝聚，提升火焰箭伤害加成20%" buffType="28" ifDeBuff="0" buffTime="-1" ifCycle="0" buffIcon="0" buffImage="0" buffDate="[{'type':1,'param':{'skillId':10302,'seniorHurt':20}}]"/>
	<Buff id="103111" name="冰封箭·奥义" description="领悟冰箭奥义，提高冰封箭冰封时间0.2秒" buffType="29" ifDeBuff="0" buffTime="-1" ifCycle="0" buffIcon="0" buffImage="0" buffDate="[{'type':6,'param':{'skillId':10303,'frozen':200}}]"/>
	<Buff id="103112" name="冰封箭·奥义" description="领悟冰箭奥义，提高冰封箭冰封时间0.4秒" buffType="29" ifDeBuff="0" buffTime="-1" ifCycle="0" buffIcon="0" buffImage="0" buffDate="[{'type':6,'param':{'skillId':10303,'frozen':400}}]"/>
	<Buff id="103113" name="冰封箭·奥义" description="领悟冰箭奥义，提高冰封箭冰封时间0.6秒" buffType="29" ifDeBuff="0" buffTime="-1" ifCycle="0" buffIcon="0" buffImage="0" buffDate="[{'type':6,'param':{'skillId':10303,'frozen':600}}]"/>
	<Buff id="103114" name="冰封箭·奥义" description="领悟冰箭奥义，提高冰封箭冰封时间0.8秒" buffType="29" ifDeBuff="0" buffTime="-1" ifCycle="0" buffIcon="0" buffImage="0" buffDate="[{'type':6,'param':{'skillId':10303,'frozen':800}}]"/>
	<Buff id="103115" name="冰封箭·奥义" description="领悟冰箭奥义，提高冰封箭冰封时间1秒" buffType="29" ifDeBuff="0" buffTime="-1" ifCycle="0" buffIcon="0" buffImage="0" buffDate="[{'type':6,'param':{'skillId':10303,'frozen':1000}}]"/>
	<Buff id="103121" name="冰封箭·专精" description="掌握冰箭寒气，提升冰封箭伤害加成3%" buffType="30" ifDeBuff="0" buffTime="-1" ifCycle="0" buffIcon="0" buffImage="0" buffDate="[{'type':1,'param':{'skillId':10303,'seniorHurt':3}}]"/>
	<Buff id="103122" name="冰封箭·专精" description="掌握冰箭寒气，提升冰封箭伤害加成6%" buffType="30" ifDeBuff="0" buffTime="-1" ifCycle="0" buffIcon="0" buffImage="0" buffDate="[{'type':1,'param':{'skillId':10303,'seniorHurt':6}}]"/>
	<Buff id="103123" name="冰封箭·专精" description="掌握冰箭寒气，提升冰封箭伤害加成9%" buffType="30" ifDeBuff="0" buffTime="-1" ifCycle="0" buffIcon="0" buffImage="0" buffDate="[{'type':1,'param':{'skillId':10303,'seniorHurt':9}}]"/>
	<Buff id="103124" name="冰封箭·专精" description="掌握冰箭寒气，提升冰封箭伤害加成12%" buffType="30" ifDeBuff="0" buffTime="-1" ifCycle="0" buffIcon="0" buffImage="0" buffDate="[{'type':1,'param':{'skillId':10303,'seniorHurt':12}}]"/>
	<Buff id="103125" name="冰封箭·专精" description="掌握冰箭寒气，提升冰封箭伤害加成15%" buffType="30" ifDeBuff="0" buffTime="-1" ifCycle="0" buffIcon="0" buffImage="0" buffDate="[{'type':1,'param':{'skillId':10303,'seniorHurt':15}}]"/>
	<Buff id="103131" name="多重箭·奥义" description="多重箭伤难愈，持续受到流血伤害，伤害总值为技能造成伤害的5%，持续3秒" buffType="31" ifDeBuff="0" buffTime="-1" ifCycle="0" buffIcon="0" buffImage="0" buffDate="[{'type':10,'param':{'skillId':10304,'prob':100,'ChildBuff':503131}}]"/>
	<Buff id="103132" name="多重箭·奥义" description="多重箭伤难愈，持续受到流血伤害，伤害总值为技能造成伤害的7%，持续3秒" buffType="31" ifDeBuff="0" buffTime="-1" ifCycle="0" buffIcon="0" buffImage="0" buffDate="[{'type':10,'param':{'skillId':10304,'prob':100,'ChildBuff':503132}}]"/>
	<Buff id="103133" name="多重箭·奥义" description="多重箭伤难愈，持续受到流血伤害，伤害总值为技能造成伤害的10%，持续3秒" buffType="31" ifDeBuff="0" buffTime="-1" ifCycle="0" buffIcon="0" buffImage="0" buffDate="[{'type':10,'param':{'skillId':10304,'prob':100,'ChildBuff':503133}}]"/>
	<Buff id="103141" name="多重箭·专精" description="感受空气波动，利用风势让箭矢更精准有力，提升多重箭伤害加成4%" buffType="32" ifDeBuff="0" buffTime="-1" ifCycle="0" buffIcon="0" buffImage="0" buffDate="[{'type':1,'param':{'skillId':10304,'seniorHurt':4}}]"/>
	<Buff id="103142" name="多重箭·专精" description="感受空气波动，利用风势让箭矢更精准有力，提升多重箭伤害加成8%" buffType="32" ifDeBuff="0" buffTime="-1" ifCycle="0" buffIcon="0" buffImage="0" buffDate="[{'type':1,'param':{'skillId':10304,'seniorHurt':8}}]"/>
	<Buff id="103143" name="多重箭·专精" description="感受空气波动，利用风势让箭矢更精准有力，提升多重箭伤害加成12%" buffType="32" ifDeBuff="0" buffTime="-1" ifCycle="0" buffIcon="0" buffImage="0" buffDate="[{'type':1,'param':{'skillId':10304,'seniorHurt':12}}]"/>
	<Buff id="103144" name="多重箭·专精" description="感受空气波动，利用风势让箭矢更精准有力，提升多重箭伤害加成16%" buffType="32" ifDeBuff="0" buffTime="-1" ifCycle="0" buffIcon="0" buffImage="0" buffDate="[{'type':1,'param':{'skillId':10304,'seniorHurt':16}}]"/>
	<Buff id="103145" name="多重箭·专精" description="感受空气波动，利用风势让箭矢更精准有力，提升多重箭伤害加成20%" buffType="32" ifDeBuff="0" buffTime="-1" ifCycle="0" buffIcon="0" buffImage="0" buffDate="[{'type':1,'param':{'skillId':10304,'seniorHurt':20}}]"/>
	<Buff id="103151" name="神鹰扬翼·奥义" description="领悟神鹰扬翼施法技巧，降低技能冷却时间0.5秒" buffType="33" ifDeBuff="0" buffTime="-1" ifCycle="0" buffIcon="0" buffImage="0" buffDate="[{'type':3,'param':{'skillId':10305,'cd':-500}}]"/>
	<Buff id="103152" name="神鹰扬翼·奥义" description="领悟神鹰扬翼施法技巧，降低技能冷却时间1秒" buffType="33" ifDeBuff="0" buffTime="-1" ifCycle="0" buffIcon="0" buffImage="0" buffDate="[{'type':3,'param':{'skillId':10305,'cd':-1000}}]"/>
	<Buff id="103153" name="神鹰扬翼·奥义" description="领悟神鹰扬翼施法技巧，降低技能冷却时间2秒" buffType="33" ifDeBuff="0" buffTime="-1" ifCycle="0" buffIcon="0" buffImage="0" buffDate="[{'type':3,'param':{'skillId':10305,'cd':-2000}}]"/>
	<Buff id="103161" name="神鹰扬翼·专精" description="精通挥弓发力，提升神鹰扬翼伤害加成5%" buffType="34" ifDeBuff="0" buffTime="-1" ifCycle="0" buffIcon="0" buffImage="0" buffDate="[{'type':1,'param':{'skillId':10305,'seniorHurt':5}}]"/>
	<Buff id="103162" name="神鹰扬翼·专精" description="精通挥弓发力，提升神鹰扬翼伤害加成10%" buffType="34" ifDeBuff="0" buffTime="-1" ifCycle="0" buffIcon="0" buffImage="0" buffDate="[{'type':1,'param':{'skillId':10305,'seniorHurt':10}}]"/>
	<Buff id="103163" name="神鹰扬翼·专精" description="精通挥弓发力，提升神鹰扬翼伤害加成15%" buffType="34" ifDeBuff="0" buffTime="-1" ifCycle="0" buffIcon="0" buffImage="0" buffDate="[{'type':1,'param':{'skillId':10305,'seniorHurt':15}}]"/>
	<Buff id="103164" name="神鹰扬翼·专精" description="精通挥弓发力，提升神鹰扬翼伤害加成20%" buffType="34" ifDeBuff="0" buffTime="-1" ifCycle="0" buffIcon="0" buffImage="0" buffDate="[{'type':1,'param':{'skillId':10305,'seniorHurt':20}}]"/>
	<Buff id="103165" name="神鹰扬翼·专精" description="精通挥弓发力，提升神鹰扬翼伤害加成25%" buffType="34" ifDeBuff="0" buffTime="-1" ifCycle="0" buffIcon="0" buffImage="0" buffDate="[{'type':1,'param':{'skillId':10305,'seniorHurt':25}}]"/>
	<Buff id="103171" name="箭雨·奥义" description="领悟箭雨奥义，降低技能冷却时间1秒" buffType="35" ifDeBuff="0" buffTime="-1" ifCycle="0" buffIcon="0" buffImage="0" buffDate="[{'type':3,'param':{'skillId':10306,'cd':-1000}}]"/>
	<Buff id="103172" name="箭雨·奥义" description="领悟箭雨奥义，降低技能冷却时间1.5秒" buffType="35" ifDeBuff="0" buffTime="-1" ifCycle="0" buffIcon="0" buffImage="0" buffDate="[{'type':3,'param':{'skillId':10306,'cd':-1500}}]"/>
	<Buff id="103173" name="箭雨·奥义" description="领悟箭雨奥义，降低技能冷却时间2秒" buffType="35" ifDeBuff="0" buffTime="-1" ifCycle="0" buffIcon="0" buffImage="0" buffDate="[{'type':3,'param':{'skillId':10306,'cd':-2000}}]"/>
	<Buff id="103181" name="箭雨·专精" description="精通箭雨发力，提升箭雨伤害加成7%" buffType="36" ifDeBuff="0" buffTime="-1" ifCycle="0" buffIcon="0" buffImage="0" buffDate="[{'type':1,'param':{'skillId':10306,'seniorHurt':7}}]"/>
	<Buff id="103182" name="箭雨·专精" description="精通箭雨发力，提升箭雨伤害加成14%" buffType="36" ifDeBuff="0" buffTime="-1" ifCycle="0" buffIcon="0" buffImage="0" buffDate="[{'type':1,'param':{'skillId':10306,'seniorHurt':14}}]"/>
	<Buff id="103183" name="箭雨·专精" description="精通箭雨发力，提升箭雨伤害加成21%" buffType="36" ifDeBuff="0" buffTime="-1" ifCycle="0" buffIcon="0" buffImage="0" buffDate="[{'type':1,'param':{'skillId':10306,'seniorHurt':21}}]"/>
	<Buff id="103184" name="箭雨·专精" description="精通箭雨发力，提升箭雨伤害加成28%" buffType="36" ifDeBuff="0" buffTime="-1" ifCycle="0" buffIcon="0" buffImage="0" buffDate="[{'type':1,'param':{'skillId':10306,'seniorHurt':28}}]"/>
	<Buff id="103185" name="箭雨·专精" description="精通箭雨发力，提升箭雨伤害加成35%" buffType="36" ifDeBuff="0" buffTime="-1" ifCycle="0" buffIcon="0" buffImage="0" buffDate="[{'type':1,'param':{'skillId':10306,'seniorHurt':35}}]"/>
	<Buff id="501091" name="奔雷" description="物理攻击增加5%" buffType="101" ifDeBuff="1" buffTime="2000" ifCycle="0" buffIcon="66004" buffImage="0" buffDate="[{'type':15,'param':{'changeAttribute':7,'changeValue':5}}]"/>
	<Buff id="501092" name="奔雷" description="物理攻击增加5%" buffType="101" ifDeBuff="1" buffTime="3000" ifCycle="0" buffIcon="66004" buffImage="0" buffDate="[{'type':15,'param':{'changeAttribute':7,'changeValue':5}}]"/>
	<Buff id="501093" name="奔雷" description="物理攻击增加5%" buffType="101" ifDeBuff="1" buffTime="4000" ifCycle="0" buffIcon="66004" buffImage="0" buffDate="[{'type':15,'param':{'changeAttribute':7,'changeValue':5}}]"/>
	<Buff id="501111" name="卸甲" description="物理防御减少8%" buffType="102" ifDeBuff="2" buffTime="4000" ifCycle="0" buffIcon="66006" buffImage="0" buffDate="[{'type':15,'param':{'changeAttribute':9,'changeValue':-8}}]"/>
	<Buff id="501112" name="卸甲" description="物理防御减少10%" buffType="102" ifDeBuff="2" buffTime="4000" ifCycle="0" buffIcon="66006" buffImage="0" buffDate="[{'type':15,'param':{'changeAttribute':9,'changeValue':-10}}]"/>
	<Buff id="501113" name="卸甲" description="物理防御减少12%" buffType="102" ifDeBuff="2" buffTime="4000" ifCycle="0" buffIcon="66006" buffImage="0" buffDate="[{'type':15,'param':{'changeAttribute':9,'changeValue':-12}}]"/>
	<Buff id="501114" name="卸甲" description="物理防御减少14%" buffType="102" ifDeBuff="2" buffTime="4000" ifCycle="0" buffIcon="66006" buffImage="0" buffDate="[{'type':15,'param':{'changeAttribute':9,'changeValue':-14}}]"/>
	<Buff id="501115" name="卸甲" description="物理防御减少16%" buffType="102" ifDeBuff="2" buffTime="4000" ifCycle="0" buffIcon="66006" buffImage="0" buffDate="[{'type':15,'param':{'changeAttribute':9,'changeValue':-16}}]"/>
	<Buff id="501131" name="流血" description="每秒持续受到少量伤害" buffType="103" ifDeBuff="2" buffTime="3000" ifCycle="1" buffIcon="66003" buffImage="0" buffDate="[{'type':11,'param':{'lossHpOverTime':10,'overTime':1000}}]"/>
	<Buff id="501132" name="流血" description="每秒持续受到中量伤害" buffType="103" ifDeBuff="2" buffTime="3000" ifCycle="1" buffIcon="66003" buffImage="0" buffDate="[{'type':11,'param':{'lossHpOverTime':15,'overTime':1000}}]"/>
	<Buff id="501133" name="流血" description="每秒持续受到大量伤害" buffType="103" ifDeBuff="2" buffTime="3000" ifCycle="1" buffIcon="66003" buffImage="0" buffDate="[{'type':11,'param':{'lossHpOverTime':25,'overTime':1000}}]"/>
	<Buff id="502131" name="电击" description="魔法防御减少10%" buffType="104" ifDeBuff="2" buffTime="4000" ifCycle="0" buffIcon="66007" buffImage="0" buffDate="[{'type':15,'param':{'changeAttribute':10,'changeValue':-10}}]"/>
	<Buff id="502132" name="电击" description="魔法防御减少15%" buffType="104" ifDeBuff="2" buffTime="4000" ifCycle="0" buffIcon="66007" buffImage="0" buffDate="[{'type':15,'param':{'changeAttribute':10,'changeValue':-15}}]"/>
	<Buff id="502133" name="电击" description="魔法防御减少20%" buffType="104" ifDeBuff="2" buffTime="4000" ifCycle="0" buffIcon="66007" buffImage="0" buffDate="[{'type':15,'param':{'changeAttribute':10,'changeValue':-20}}]"/>
	<Buff id="503091" name="破甲" description="物理防御减少15%" buffType="105" ifDeBuff="2" buffTime="3000" ifCycle="0" buffIcon="66006" buffImage="0" buffDate="[{'type':15,'param':{'changeAttribute':9,'changeValue':-10}}]"/>
	<Buff id="503092" name="破甲" description="物理防御减少15%" buffType="105" ifDeBuff="2" buffTime="4000" ifCycle="0" buffIcon="66006" buffImage="0" buffDate="[{'type':15,'param':{'changeAttribute':9,'changeValue':-20}}]"/>
	<Buff id="503093" name="破甲" description="物理防御减少15%" buffType="105" ifDeBuff="2" buffTime="5000" ifCycle="0" buffIcon="66006" buffImage="0" buffDate="[{'type':15,'param':{'changeAttribute':9,'changeValue':-30}}]"/>
	<Buff id="503131" name="流血" description="每秒持续受到少量伤害" buffType="106" ifDeBuff="2" buffTime="3000" ifCycle="1" buffIcon="66003" buffImage="0" buffDate="[{'type':11,'param':{'lossHpOverTime':5,'overTime':1000}}]"/>
	<Buff id="503132" name="流血" description="每秒持续受到中量伤害" buffType="106" ifDeBuff="2" buffTime="3000" ifCycle="1" buffIcon="66003" buffImage="0" buffDate="[{'type':11,'param':{'lossHpOverTime':7,'overTime':1000}}]"/>
	<Buff id="503133" name="流血" description="每秒持续受到大量伤害" buffType="106" ifDeBuff="2" buffTime="3000" ifCycle="1" buffIcon="66003" buffImage="0" buffDate="[{'type':11,'param':{'lossHpOverTime':10,'overTime':1000}}]"/>
	<Buff id="800701" name="普通攻击药水" description="所有攻击增加10%" buffType="107" ifDeBuff="1" buffTime="1800000" ifCycle="0" buffIcon="66004" buffImage="0" buffDate="[{'type':15,'param':{'changeAttribute':7,'changeValue':10}},{'type':15,'param':{'changeAttribute':8,'changeValue':10}}]"/>
	<Buff id="800702" name="高级攻击药水" description="所有攻击增加20%" buffType="107" ifDeBuff="1" buffTime="1800000" ifCycle="0" buffIcon="66004" buffImage="0" buffDate="[{'type':15,'param':{'changeAttribute':7,'changeValue':20}},{'type':15,'param':{'changeAttribute':8,'changeValue':20}}]"/>
	<Buff id="800703" name="特级攻击药水" description="所有攻击增加30%" buffType="107" ifDeBuff="1" buffTime="3600000" ifCycle="0" buffIcon="66004" buffImage="0" buffDate="[{'type':15,'param':{'changeAttribute':7,'changeValue':30}},{'type':15,'param':{'changeAttribute':8,'changeValue':30}}]"/>
	<Buff id="800704" name="普通防御药水" description="所有防御增加10%" buffType="108" ifDeBuff="1" buffTime="1800000" ifCycle="0" buffIcon="66006" buffImage="0" buffDate="[{'type':15,'param':{'changeAttribute':9,'changeValue':10}},{'type':15,'param':{'changeAttribute':10,'changeValue':10}}]"/>
	<Buff id="800705" name="高级防御药水" description="所有防御增加20%" buffType="108" ifDeBuff="1" buffTime="1800000" ifCycle="0" buffIcon="66006" buffImage="0" buffDate="[{'type':15,'param':{'changeAttribute':9,'changeValue':20}},{'type':15,'param':{'changeAttribute':10,'changeValue':20}}]"/>
	<Buff id="800706" name="特级防御药水" description="所有防御增加30%" buffType="108" ifDeBuff="1" buffTime="3600000" ifCycle="0" buffIcon="66006" buffImage="0" buffDate="[{'type':15,'param':{'changeAttribute':9,'changeValue':30}},{'type':15,'param':{'changeAttribute':10,'changeValue':30}}]"/>
	<Buff id="800707" name="普通暴击药水" description="暴击值增加10%" buffType="501" ifDeBuff="1" buffTime="1800000" ifCycle="0" buffIcon="66010" buffImage="0" buffDate="[{'type':15,'param':{'changeAttribute':11,'changeValue':10}}]"/>
	<Buff id="800708" name="高级暴击药水" description="暴击值增加20%" buffType="501" ifDeBuff="1" buffTime="1800000" ifCycle="0" buffIcon="66010" buffImage="0" buffDate="[{'type':15,'param':{'changeAttribute':11,'changeValue':20}}]"/>
	<Buff id="800709" name="特级暴击药水" description="暴击值增加30%" buffType="501" ifDeBuff="1" buffTime="3600000" ifCycle="0" buffIcon="66010" buffImage="0" buffDate="[{'type':15,'param':{'changeAttribute':11,'changeValue':30}}]"/>
	<Buff id="800710" name="普通韧性药水" description="韧性值增加10%" buffType="502" ifDeBuff="1" buffTime="1800000" ifCycle="0" buffIcon="66011" buffImage="0" buffDate="[{'type':15,'param':{'changeAttribute':12,'changeValue':10}}]"/>
	<Buff id="800711" name="高级韧性药水" description="韧性值增加20%" buffType="502" ifDeBuff="1" buffTime="1800000" ifCycle="0" buffIcon="66011" buffImage="0" buffDate="[{'type':15,'param':{'changeAttribute':12,'changeValue':20}}]"/>
	<Buff id="800712" name="特级韧性药水" description="韧性值增加30%" buffType="502" ifDeBuff="1" buffTime="3600000" ifCycle="0" buffIcon="66011" buffImage="0" buffDate="[{'type':15,'param':{'changeAttribute':12,'changeValue':30}}]"/>
	<Buff id="800713" name="普通必杀药水" description="必杀值增加10%" buffType="503" ifDeBuff="1" buffTime="1800000" ifCycle="0" buffIcon="66012" buffImage="0" buffDate="[{'type':15,'param':{'changeAttribute':13,'changeValue':10}}]"/>
	<Buff id="800714" name="高级必杀药水" description="必杀值增加20%" buffType="503" ifDeBuff="1" buffTime="1800000" ifCycle="0" buffIcon="66012" buffImage="0" buffDate="[{'type':15,'param':{'changeAttribute':13,'changeValue':20}}]"/>
	<Buff id="800715" name="特级必杀药水" description="必杀值增加30%" buffType="503" ifDeBuff="1" buffTime="3600000" ifCycle="0" buffIcon="66012" buffImage="0" buffDate="[{'type':15,'param':{'changeAttribute':13,'changeValue':30}}]"/>
	<Buff id="800716" name="普通守护药水" description="守护值增加10%" buffType="504" ifDeBuff="1" buffTime="1800000" ifCycle="0" buffIcon="66013" buffImage="0" buffDate="[{'type':15,'param':{'changeAttribute':14,'changeValue':10}}]"/>
	<Buff id="800717" name="高级守护药水" description="守护值增加20%" buffType="504" ifDeBuff="1" buffTime="1800000" ifCycle="0" buffIcon="66013" buffImage="0" buffDate="[{'type':15,'param':{'changeAttribute':14,'changeValue':20}}]"/>
	<Buff id="800718" name="特级守护药水" description="守护值增加30%" buffType="504" ifDeBuff="1" buffTime="3600000" ifCycle="0" buffIcon="66013" buffImage="0" buffDate="[{'type':15,'param':{'changeAttribute':14,'changeValue':30}}]"/>
	<Buff id="800719" name="普通命中药水" description="命中值增加10%" buffType="505" ifDeBuff="1" buffTime="1800000" ifCycle="0" buffIcon="66008" buffImage="0" buffDate="[{'type':15,'param':{'changeAttribute':15,'changeValue':10}}]"/>
	<Buff id="800720" name="高级命中药水" description="命中值增加20%" buffType="505" ifDeBuff="1" buffTime="1800000" ifCycle="0" buffIcon="66008" buffImage="0" buffDate="[{'type':15,'param':{'changeAttribute':15,'changeValue':20}}]"/>
	<Buff id="800721" name="特级命中药水" description="命中值增加30%" buffType="505" ifDeBuff="1" buffTime="3600000" ifCycle="0" buffIcon="66008" buffImage="0" buffDate="[{'type':15,'param':{'changeAttribute':15,'changeValue':30}}]"/>
	<Buff id="800722" name="普通闪避药水" description="闪避值增加10%" buffType="506" ifDeBuff="1" buffTime="1800000" ifCycle="0" buffIcon="66009" buffImage="0" buffDate="[{'type':15,'param':{'changeAttribute':16,'changeValue':10}}]"/>
	<Buff id="800723" name="高级闪避药水" description="闪避值增加20%" buffType="506" ifDeBuff="1" buffTime="1800000" ifCycle="0" buffIcon="66009" buffImage="0" buffDate="[{'type':15,'param':{'changeAttribute':16,'changeValue':20}}]"/>
	<Buff id="800724" name="特级闪避药水" description="闪避值增加30%" buffType="506" ifDeBuff="1" buffTime="3600000" ifCycle="0" buffIcon="66009" buffImage="0" buffDate="[{'type':15,'param':{'changeAttribute':16,'changeValue':30}}]"/>
	<Buff id="801001" name="双倍经验卡" description="单人副本经验获得翻倍" buffType="507" ifDeBuff="1" buffTime="3600000" ifCycle="0" buffIcon="66028" buffImage="0" buffDate="[{'type':15,'param':{'changeAttribute':18,'changeValue':100}}]"/>
	<Buff id="890001" name="1级领地加成" description="单人副本经验额外增加3%" buffType="801" ifDeBuff="1" buffTime="604800000" ifCycle="0" buffIcon="66028" buffImage="0" buffDate="[{'type':15,'param':{'changeAttribute':18,'changeValue':3}}]"/>
	<Buff id="890002" name="2级领地加成" description="单人副本经验额外增加5%" buffType="801" ifDeBuff="1" buffTime="604800000" ifCycle="0" buffIcon="66028" buffImage="0" buffDate="[{'type':15,'param':{'changeAttribute':18,'changeValue':5}}]"/>
	<Buff id="890003" name="3级领地加成" description="单人副本经验额外增加10%" buffType="801" ifDeBuff="1" buffTime="604800000" ifCycle="0" buffIcon="66028" buffImage="0" buffDate="[{'type':15,'param':{'changeAttribute':18,'changeValue':10}}]"/>
	<Buff id="900001" name="我没停过刀" description="所有防御增加20" buffType="901" ifDeBuff="3" buffTime="-1" ifCycle="0" buffIcon="0" buffImage="0" buffDate="[{'type':16,'param':{'changeAttribute':9,'changeValue':20}},{'type':16,'param':{'changeAttribute':10,'changeValue':20}}]"/>
	<Buff id="900002" name="战争之王" description="韧性值增加20" buffType="902" ifDeBuff="3" buffTime="-1" ifCycle="0" buffIcon="0" buffImage="0" buffDate="[{'type':16,'param':{'changeAttribute':12,'changeValue':20}}]"/>
	<Buff id="900003" name="神之左手" description="暴击值增加20" buffType="903" ifDeBuff="3" buffTime="-1" ifCycle="0" buffIcon="0" buffImage="0" buffDate="[{'type':16,'param':{'changeAttribute':11,'changeValue':20}}]"/>
	<Buff id="900004" name="称号太长" description="生命值增加1000" buffType="904" ifDeBuff="3" buffTime="-1" ifCycle="0" buffIcon="0" buffImage="0" buffDate="[{'type':16,'param':{'changeAttribute':5,'changeValue':1000}}]"/>
	<Buff id="900005" name="大背包" description="生命值增加200" buffType="905" ifDeBuff="3" buffTime="-1" ifCycle="0" buffIcon="0" buffImage="0" buffDate="[{'type':16,'param':{'changeAttribute':5,'changeValue':200}}]"/>
	<Buff id="900006" name="满满都是爱" description="生命值增加200" buffType="906" ifDeBuff="3" buffTime="-1" ifCycle="0" buffIcon="0" buffImage="0" buffDate="[{'type':16,'param':{'changeAttribute':5,'changeValue':200}}]"/>
	<Buff id="900007" name="我是好孩子" description="守护值增加200" buffType="907" ifDeBuff="3" buffTime="-1" ifCycle="0" buffIcon="0" buffImage="0" buffDate="[{'type':16,'param':{'changeAttribute':14,'changeValue':200}}]"/>
	
</buffs>
