<?xml version="1.0" encoding="utf-8"?>
<cityWarData>

	<!--军团达到 sysOpenNeedJunTuanLev 级后，开启城战
	在城战中死亡后，回到大营复活，复活CD= revivalCD 秒
	在城战死亡复活过程中，清除复活CD需要消耗 revivalCost 魔晶
	对中级领地宣战，至少需要拥有 attLv2CityNeedCityNum 个领地
	对高级领地宣战，至少需要拥有 attLv3CityNeedCityNum 个领地
	城战获胜后，占领军团获得 宣战竞价金额*attackFundsReturn/100 的军团资金-->
	<init sysOpenNeedJunTuanLev="2" revivalCD="30" revivalCost="20" attLv2CityNeedCityNum="1" attLv3CityNeedCityNum="2" attackFundsReturn="0" />


	<!--领地属性配置
	ID:领地序号
	cityLv:领地等级
	name:领地名称
	attackFundsMin:对这块领地宣战需要的最低起步价
	borderCity:与这块领地接壤的其他领地，用于宣战资格判定
	warRewardBuffID:城战获胜后，占领军团成员被赋予这个id的Buff，Buff持续到下次城战开始
	warRewardItem:城战获胜后，占领军团成员获得的城战胜利结算奖励(暂主要用于奖励金币、军团贡献)，同时军团获得军团贡献等量的繁荣度
	2990001:金币
	2990011:军团贡献-->
	<cityData ID="1" cityLv="1" name="魔塔"       attackFundsMin="1000000" borderCity="20,21"         warRewardBuffID="890001" warRewardItem="2990001,200000#2990011,350"/>
	<cityData ID="2" cityLv="1" name="骑士圣殿"   attackFundsMin="1000000" borderCity="20,30"         warRewardBuffID="890001" warRewardItem="2990001,200000#2990011,350"/>
	<cityData ID="3" cityLv="1" name="莱尔山脉"   attackFundsMin="1000000" borderCity="4,5,21"        warRewardBuffID="890001" warRewardItem="2990001,200000#2990011,350"/>
	<cityData ID="4" cityLv="1" name="磁莫尔荒原" attackFundsMin="1000000" borderCity="3,21,22,30"    warRewardBuffID="890001" warRewardItem="2990001,200000#2990011,350"/>
	<cityData ID="5" cityLv="1" name="布加斯火山" attackFundsMin="1000000" borderCity="3,22"          warRewardBuffID="890001" warRewardItem="2990001,200000#2990011,350"/>
	<cityData ID="6" cityLv="1" name="魔法师工会" attackFundsMin="1000000" borderCity="22,30"         warRewardBuffID="890001" warRewardItem="2990001,200000#2990011,350"/>
	<cityData ID="20" cityLv="2" name="绝壁防线"  attackFundsMin="3000000" borderCity="1,2,21,30"     warRewardBuffID="890002" warRewardItem="2990001,200000#2990011,350"/>
	<cityData ID="21" cityLv="2" name="雷鸣港"    attackFundsMin="3000000" borderCity="1,3,4,20,30"    warRewardBuffID="890002" warRewardItem="2990001,200000#2990011,350"/>
	<cityData ID="22" cityLv="2" name="夕暮镇"    attackFundsMin="3000000" borderCity="4,5,6,30"       warRewardBuffID="890002" warRewardItem="2990001,200000#2990011,350"/>
	<cityData ID="30" cityLv="3" name="守护之城"  attackFundsMin="5000000" borderCity="2,4,6,20,21,22" warRewardBuffID="890003" warRewardItem="2990001,200000#2990011,350"/>


	<!--旗手配置
	NO:据点标识，从1到6，表示各个据点中的塔信息
	townID:对应 baseMonster.xml 中的怪物ID
	bornPoint:旗手在对应据点的出生点，旗手无法移动
	ai-->
	<townData NO="1" townID="240003" bornPoint="957,480"/>
	<townData NO="2" townID="240002" bornPoint="957,480"/>
	<townData NO="3" townID="240001" bornPoint="957,480"/>
	<townData NO="4" townID="240001" bornPoint="957,480"/>
	<townData NO="5" townID="240002" bornPoint="957,480"/>
	<townData NO="6" townID="240003" bornPoint="957,480"/>


	<!--税收奖励配置
	cycleDays:奖励周期，每隔 cycleDays 天通过邮件发送一次领地税收奖励，拥有多个领地则可领取多份税收
	perJunTuanJob:浮点数，军团职位系数，依次代表军团长、副团长、将领、普通成员，用于修正 occupyRewardItemBase （乘法修正）
	perJunTuanLv:浮点数，军团等级系数，依次代表1级、2级、3级、4级、5级、6级、7级、8级、9级、10级军团，用于修正 occupyRewardItemBase （乘法修正）
	cityLv:领地等级
	occupyRewardItemBase:这个领地等级每次税收奖励的基础值(暂主要用于奖励金币、军团贡献)，同时军团获得军团贡献等量的繁荣度
	-->
	<occupyData cycleDays="7" perJunTuanJob="2.5,2,1.5,1" perJunTuanLv="1,1.2,1.4,1.6,1.8,2,2.2,2.4,2.7,3">
		<reward cityLv="1" occupyRewardItemBase="2990001,100000"/>
		<reward cityLv="2" occupyRewardItemBase="2990001,150000"/>
		<reward cityLv="3" occupyRewardItemBase="2990001,300000"/>
	</occupyData>

</cityWarData>
