<?xml version="1.0" encoding="utf-8" standalone="yes"?>
<combineBase>
<!-- 类别ID	  类别名称	  类别内产物ID  	类别内产物名称	  合成目标产物需要材料  -->
<!-- 合成配置
-->
	<combineType inType='1' typeName='强化石' >
		<combineDate productID='2020102' productName='2级强化石' combineMaterial='2020101,5' />
		<combineDate productID='2020103' productName='3级强化石' combineMaterial='2020102,5' />
		<combineDate productID='2020104' productName='4级强化石' combineMaterial='2020103,5' />
		<combineDate productID='2020105' productName='5级强化石' combineMaterial='2020104,5' />
	</combineType>
	<combineType inType='2' typeName='火红宝石' >
		<combineDate productID='2030102' productName='2级火红宝石' combineMaterial='2030101,3' />
		<combineDate productID='2030103' productName='3级火红宝石' combineMaterial='2030102,3' />
		<combineDate productID='2030104' productName='4级火红宝石' combineMaterial='2030103,3' />
		<combineDate productID='2030105' productName='5级火红宝石' combineMaterial='2030104,3' />
		<combineDate productID='2030106' productName='6级火红宝石' combineMaterial='2030105,3' />
		<combineDate productID='2030107' productName='7级火红宝石' combineMaterial='2030106,3' />
		<combineDate productID='2030108' productName='8级火红宝石' combineMaterial='2030107,3' />
		<combineDate productID='2030109' productName='火炎宝石' combineMaterial='2030108,3' />
		<combineDate productID='2030110' productName='赤龙之眼' combineMaterial='2030109,3' />
	</combineType>
	<combineType inType='3' typeName='白雾宝石' >
		<combineDate productID='2030202' productName='2级白雾宝石' combineMaterial='2030201,3' />
		<combineDate productID='2030203' productName='3级白雾宝石' combineMaterial='2030202,3' />
		<combineDate productID='2030204' productName='4级白雾宝石' combineMaterial='2030203,3' />
		<combineDate productID='2030205' productName='5级白雾宝石' combineMaterial='2030204,3' />
		<combineDate productID='2030206' productName='6级白雾宝石' combineMaterial='2030205,3' />
		<combineDate productID='2030207' productName='7级白雾宝石' combineMaterial='2030206,3' />
		<combineDate productID='2030208' productName='8级白雾宝石' combineMaterial='2030207,3' />
		<combineDate productID='2030209' productName='冰凝宝石' combineMaterial='2030208,3' />
		<combineDate productID='2030210' productName='海蓝之星' combineMaterial='2030209,3' />
	</combineType>
	<combineType inType='4' typeName='灵魂宝石' >
		<combineDate productID='2030302' productName='2级灵魂宝石' combineMaterial='2030301,3' />
		<combineDate productID='2030303' productName='3级灵魂宝石' combineMaterial='2030302,3' />
		<combineDate productID='2030304' productName='4级灵魂宝石' combineMaterial='2030303,3' />
		<combineDate productID='2030305' productName='5级灵魂宝石' combineMaterial='2030304,3' />
		<combineDate productID='2030306' productName='6级灵魂宝石' combineMaterial='2030305,3' />
		<combineDate productID='2030307' productName='7级灵魂宝石' combineMaterial='2030306,3' />
		<combineDate productID='2030308' productName='8级灵魂宝石' combineMaterial='2030307,3' />
		<combineDate productID='2030309' productName='泰坦宝石' combineMaterial='2030308,3' />
		<combineDate productID='2030310' productName='大地精华' combineMaterial='2030309,3' />
	</combineType>
	<combineType inType='5' typeName='智慧宝石' >
		<combineDate productID='2030402' productName='2级智慧宝石' combineMaterial='2030401,3' />
		<combineDate productID='2030403' productName='3级智慧宝石' combineMaterial='2030402,3' />
		<combineDate productID='2030404' productName='4级智慧宝石' combineMaterial='2030403,3' />
		<combineDate productID='2030405' productName='5级智慧宝石' combineMaterial='2030404,3' />
		<combineDate productID='2030406' productName='6级智慧宝石' combineMaterial='2030405,3' />
		<combineDate productID='2030407' productName='7级智慧宝石' combineMaterial='2030406,3' />
		<combineDate productID='2030408' productName='8级智慧宝石' combineMaterial='2030407,3' />
		<combineDate productID='2030409' productName='天启宝石' combineMaterial='2030408,3' />
		<combineDate productID='2030410' productName='天使之力' combineMaterial='2030409,3' />
	</combineType>
	<combineType inType='6' typeName='星芒宝石' >
		<combineDate productID='2030502' productName='2级星芒宝石' combineMaterial='2030501,3' />
		<combineDate productID='2030503' productName='3级星芒宝石' combineMaterial='2030502,3' />
		<combineDate productID='2030504' productName='4级星芒宝石' combineMaterial='2030503,3' />
		<combineDate productID='2030505' productName='5级星芒宝石' combineMaterial='2030504,3' />
		<combineDate productID='2030506' productName='6级星芒宝石' combineMaterial='2030505,3' />
		<combineDate productID='2030507' productName='7级星芒宝石' combineMaterial='2030506,3' />
		<combineDate productID='2030508' productName='8级星芒宝石' combineMaterial='2030507,3' />
		<combineDate productID='2030509' productName='黎明闪耀' combineMaterial='2030508,3' />
		<combineDate productID='2030510' productName='雷神之锤' combineMaterial='2030509,3' />
	</combineType>
	<combineType inType='7' typeName='荣耀宝石' >
		<combineDate productID='2030602' productName='2级荣耀宝石' combineMaterial='2030601,3' />
		<combineDate productID='2030603' productName='3级荣耀宝石' combineMaterial='2030602,3' />
		<combineDate productID='2030604' productName='4级荣耀宝石' combineMaterial='2030603,3' />
		<combineDate productID='2030605' productName='5级荣耀宝石' combineMaterial='2030604,3' />
		<combineDate productID='2030606' productName='6级荣耀宝石' combineMaterial='2030605,3' />
		<combineDate productID='2030607' productName='7级荣耀宝石' combineMaterial='2030606,3' />
		<combineDate productID='2030608' productName='8级荣耀宝石' combineMaterial='2030607,3' />
		<combineDate productID='2030609' productName='三相之力' combineMaterial='2030608,3' />
		<combineDate productID='2030610' productName='红龙精魄' combineMaterial='2030609,3' />
	</combineType>
	<combineType inType='8' typeName='专注宝石' >
		<combineDate productID='2030702' productName='2级专注宝石' combineMaterial='2030701,3' />
		<combineDate productID='2030703' productName='3级专注宝石' combineMaterial='2030702,3' />
		<combineDate productID='2030704' productName='4级专注宝石' combineMaterial='2030703,3' />
		<combineDate productID='2030705' productName='5级专注宝石' combineMaterial='2030704,3' />
		<combineDate productID='2030706' productName='6级专注宝石' combineMaterial='2030705,3' />
		<combineDate productID='2030707' productName='7级专注宝石' combineMaterial='2030706,3' />
		<combineDate productID='2030708' productName='8级专注宝石' combineMaterial='2030707,3' />
		<combineDate productID='2030709' productName='无尽幻影' combineMaterial='2030708,3' />
		<combineDate productID='2030710' productName='末日狂热' combineMaterial='2030709,3' />
	</combineType>
</combineBase>
