<star>	
<!--生命值	HP(5),
	魔法值	MP(6),
	物理攻击	PHYSICALATTACK(7),
	魔法攻击	MAGICATTACK(8),
	物理防御	PHYSICALDEFEND(9),
	魔法防御	MAGICDEFEND(10),
	暴击	CRITICAL(11),
	韧性	TENACITY(12),
	必杀	PENETRATE(13),
	守护	STEM(14),
	命中	HIT(15),
	闪避	AVOID(16),
-->
	<constellation type="1" lv="7" name="白羊座" addAttributeType="5">                
			<data id="1"  value="100" xingshi="60"/>
			<data id="2"  value="100" xingshi="180"/>
			<data id="3"  value="100" xingshi="380"/>
			<data id="4"  value="100" xingshi="660"/>
			<data id="5"  value="100" xingshi="1020"/>
			<data id="6"  value="100" xingshi="1460"/>	
			<data id="7"  value="100" xingshi="1980"/>
			<data id="8"  value="100" xingshi="2580"/>
			<data id="9"  value="100" xingshi="3260"/>
			<data id="10" value="300" xingshi="4020"/>
			<data id="11" value="109" xingshi="4860"/>
			<data id="12" value="109" xingshi="5780"/>
			<data id="13" value="109" xingshi="6780"/>
			<data id="14" value="109" xingshi="7860"/>
			<data id="15" value="109" xingshi="9020"/>
			<data id="16" value="109" xingshi="10260"/>
			<data id="17" value="109" xingshi="11580"/>
			<data id="18" value="109" xingshi="12980"/>
			<data id="19" value="109" xingshi="14460"/>
			<data id="20" value="309" xingshi="16020"/>
			<data id="21" value="117" xingshi="17660"/>
			<data id="22" value="117" xingshi="19380"/>
			<data id="23" value="117" xingshi="21180"/>
			<data id="24" value="117" xingshi="23060"/>
			<data id="25" value="117" xingshi="25020"/>
			<data id="26" value="117" xingshi="27060"/>
			<data id="27" value="117" xingshi="29180"/>
			<data id="28" value="117" xingshi="31380"/>
			<data id="29" value="117" xingshi="33660"/>
			<data id="30" value="347" xingshi="36020"/>		
			<data id="31" value="125" xingshi="38460"/>
			<data id="32" value="125" xingshi="40980"/>
			<data id="33" value="125" xingshi="43580"/>
			<data id="34" value="125" xingshi="46260"/>
			<data id="35" value="125" xingshi="49020"/>
			<data id="36" value="125" xingshi="51860"/>
			<data id="37" value="125" xingshi="54780"/>
			<data id="38" value="125" xingshi="57780"/>
			<data id="39" value="125" xingshi="60860"/>
			<data id="40" value="375" xingshi="64020"/>
			<data id="41" value="150" xingshi="67260"/>
			<data id="42" value="150" xingshi="70580"/>
			<data id="43" value="150" xingshi="73980"/>
			<data id="44" value="150" xingshi="77460"/>
			<data id="45" value="150" xingshi="81020"/>
			<data id="46" value="150" xingshi="84660"/>
			<data id="47" value="150" xingshi="88380"/>
			<data id="48" value="150" xingshi="92180"/>
			<data id="49" value="150" xingshi="96060"/>
			<data id="50" value="450" xingshi="100020"/>
			<data id="51" value="175" xingshi="104060"/>
			<data id="52" value="175" xingshi="108180"/>
			<data id="53" value="175" xingshi="112380"/>
			<data id="54" value="175" xingshi="116660"/>		
			<data id="55" value="175" xingshi="121020"/>
			<data id="56" value="175" xingshi="125460"/>
			<data id="57" value="175" xingshi="129980"/>
			<data id="58" value="175" xingshi="134580"/>
			<data id="59" value="175" xingshi="139260"/>
			<data id="60" value="525" xingshi="144020"/>
			<data id="61" value="210" xingshi="148860"/>
			<data id="62" value="210" xingshi="153780"/>
			<data id="63" value="210" xingshi="158780"/>
			<data id="64" value="210" xingshi="163860"/>
			<data id="65" value="210" xingshi="169020"/>
			<data id="66" value="210" xingshi="174260"/>
			<data id="67" value="210" xingshi="179580"/>
			<data id="68" value="210" xingshi="184980"/>
			<data id="69" value="210" xingshi="190460"/>
			<data id="70" value="610" xingshi="196020"/>
			<data id="71" value="234" xingshi="201660"/>
			<data id="72" value="234" xingshi="207380"/>
			<data id="73" value="234" xingshi="213180"/>
			<data id="74" value="234" xingshi="219060"/>
			<data id="75" value="234" xingshi="225020"/> 
			<data id="76" value="234" xingshi="231060"/>
			<data id="77" value="234" xingshi="237180"/>
			<data id="78" value="234" xingshi="243380"/>		
			<data id="79" value="234" xingshi="249660"/>
			<data id="80" value="694" xingshi="256020"/>
			<data id="81" value="267" xingshi="262460"/>
			<data id="82" value="267" xingshi="268980"/>
			<data id="83" value="267" xingshi="275580"/>
			<data id="84" value="267" xingshi="282260"/>
			<data id="85" value="267" xingshi="289020"/>
			<data id="86" value="267" xingshi="295860"/>
			<data id="87" value="267" xingshi="302780"/>
			<data id="88" value="267" xingshi="309780"/>
			<data id="89" value="267" xingshi="316860"/>
			<data id="90" value="797" xingshi="324020"/>
			<data id="91" value="300" xingshi="331260"/>
			<data id="92" value="300" xingshi="338580"/>
			<data id="93" value="300" xingshi="345980"/>
			<data id="94" value="300" xingshi="353460"/>
			<data id="95" value="300" xingshi="361020"/>
			<data id="96" value="300" xingshi="368660"/>
			<data id="97" value="300" xingshi="376380"/>
			<data id="98" value="300" xingshi="384180"/>
			<data id="99" value="300" xingshi="392060"/>
			<data id="100" value="900" xingshi="400020"/>	
	</constellation>	
	<constellation type="2" lv="7" name="金牛座" addAttributeType="6">      <!--魔法值	MP(6),-->          
			<data id="1" value="50"  xingshi="60"/>
			<data id="2" value="50"  xingshi="180"/>
			<data id="3" value="50"  xingshi="380"/>
			<data id="4" value="50"  xingshi="660"/>
			<data id="5" value="50"  xingshi="1020"/>
			<data id="6" value="50"  xingshi="1460"/>
			<data id="7" value="50"  xingshi="1980"/>
			<data id="8" value="50"  xingshi="2580"/>
			<data id="9" value="50"  xingshi="3260"/>
			<data id="10" value="150" xingshi="4020"/>
			<data id="11" value="57" xingshi="4860"/>
			<data id="12" value="57" xingshi="5780"/>
			<data id="13" value="57" xingshi="6780"/>
			<data id="14" value="57" xingshi="7860"/>
			<data id="15" value="57" xingshi="9020"/>
			<data id="16" value="57" xingshi="10260"/>
			<data id="17" value="57" xingshi="11580"/>
			<data id="18" value="57" xingshi="12980"/>
			<data id="19" value="57" xingshi="14460"/>
			<data id="20" value="167" xingshi="16020"/>
			<data id="21" value="64" xingshi="17660"/>
			<data id="22" value="64" xingshi="19380"/>
			<data id="23" value="64" xingshi="21180"/>
			<data id="24" value="64" xingshi="23060"/>
			<data id="25" value="64" xingshi="25020"/>
			<data id="26" value="64" xingshi="27060"/>
			<data id="27" value="64" xingshi="29180"/>
			<data id="28" value="64" xingshi="31380"/>
			<data id="29" value="64" xingshi="33660"/>
			<data id="30" value="194" xingshi="36020"/>		
			<data id="31" value="73" xingshi="38460"/>
			<data id="32" value="73" xingshi="40980"/>
			<data id="33" value="73" xingshi="43580"/>
			<data id="34" value="73" xingshi="46260"/>
			<data id="35" value="73" xingshi="49020"/>
			<data id="36" value="73" xingshi="51860"/>
			<data id="37" value="73" xingshi="54780"/>
			<data id="38" value="73" xingshi="57780"/>
			<data id="39" value="73" xingshi="60860"/>
			<data id="40" value="223" xingshi="64020"/>
			<data id="41" value="83" xingshi="67260"/>
			<data id="42" value="83" xingshi="70580"/>
			<data id="43" value="83" xingshi="73980"/>
			<data id="44" value="83" xingshi="77460"/>
			<data id="45" value="83" xingshi="81020"/>
			<data id="46" value="83" xingshi="84660"/>
			<data id="47" value="83" xingshi="88380"/>
			<data id="48" value="83" xingshi="92180"/>
			<data id="49" value="83" xingshi="96060"/>
			<data id="50" value="253" xingshi="100020"/>
			<data id="51" value="100" xingshi="104060"/>
			<data id="52" value="100" xingshi="108180"/>
			<data id="53" value="100" xingshi="112380"/>
			<data id="54" value="100" xingshi="116660"/>		
			<data id="55" value="100" xingshi="121020"/>
			<data id="56" value="100" xingshi="125460"/>
			<data id="57" value="100" xingshi="129980"/>
			<data id="58" value="100" xingshi="134580"/>
			<data id="59" value="100" xingshi="139260"/>
			<data id="60" value="300" xingshi="144020"/>
			<data id="61" value="114" xingshi="148860"/>
			<data id="62" value="114" xingshi="153780"/>
			<data id="63" value="114" xingshi="158780"/>
			<data id="64" value="114" xingshi="163860"/>
			<data id="65" value="114" xingshi="169020"/>
			<data id="66" value="114" xingshi="174260"/>
			<data id="67" value="114" xingshi="179580"/>
			<data id="68" value="114" xingshi="184980"/>
			<data id="69" value="114" xingshi="190460"/>
			<data id="70" value="344" xingshi="196020"/>
			<data id="71" value="132" xingshi="201660"/>
			<data id="72" value="132" xingshi="207380"/>
			<data id="73" value="132" xingshi="213180"/>
			<data id="74" value="132" xingshi="219060"/>
			<data id="75" value="132" xingshi="225020"/> 
			<data id="76" value="132" xingshi="231060"/>
			<data id="77" value="132" xingshi="237180"/>
			<data id="78" value="132" xingshi="243380"/>		
			<data id="79" value="132" xingshi="249660"/>
			<data id="80" value="392" xingshi="256020"/>
			<data id="81" value="151" xingshi="262460"/>
			<data id="82" value="151" xingshi="268980"/>
			<data id="83" value="151" xingshi="275580"/>
			<data id="84" value="151" xingshi="282260"/>
			<data id="85" value="151" xingshi="289020"/>
			<data id="86" value="151" xingshi="295860"/>
			<data id="87" value="151" xingshi="302780"/>
			<data id="88" value="151" xingshi="309780"/>
			<data id="89" value="151" xingshi="316860"/>
			<data id="90" value="451" xingshi="324020"/>
			<data id="91" value="168" xingshi="331260"/>
			<data id="92" value="168" xingshi="338580"/>
			<data id="93" value="168" xingshi="345980"/>
			<data id="94" value="168" xingshi="353460"/>
			<data id="95" value="168" xingshi="361020"/>
			<data id="96" value="168" xingshi="368660"/>
			<data id="97" value="168" xingshi="376380"/>
			<data id="98" value="168" xingshi="384180"/>
			<data id="99" value="168" xingshi="392060"/>
			<data id="100" value="506" xingshi="400020"/>	
	</constellation>
	<constellation type="3" lv="7" name="双子座" addAttributeType="8">        <!--魔法攻击	MAGICATTACK(8) -->        
			<data id="1" value="18" xingshi="60"/>
			<data id="2" value="18" xingshi="180"/>
			<data id="3" value="18" xingshi="380"/>
			<data id="4" value="18" xingshi="660"/>
			<data id="5" value="18" xingshi="1020"/>
			<data id="6" value="18" xingshi="1460"/>		
			<data id="7" value="18" xingshi="1980"/>
			<data id="8" value="18" xingshi="2580"/>
			<data id="9" value="18" xingshi="3260"/>
			<data id="10" value="58" xingshi="4020"/>
			<data id="11" value="21" xingshi="4860"/>
			<data id="12" value="21" xingshi="5780"/>
			<data id="13" value="21" xingshi="6780"/>
			<data id="14" value="21" xingshi="7860"/>
			<data id="15" value="21" xingshi="9020"/>
			<data id="16" value="21" xingshi="10260"/>
			<data id="17" value="21" xingshi="11580"/>
			<data id="18" value="21" xingshi="12980"/>
			<data id="19" value="21" xingshi="14460"/>
			<data id="20" value="61" xingshi="16020"/>
			<data id="21" value="23" xingshi="17660"/>
			<data id="22" value="23" xingshi="19380"/>
			<data id="23" value="23" xingshi="21180"/>
			<data id="24" value="23" xingshi="23060"/>
			<data id="25" value="23" xingshi="25020"/>
			<data id="26" value="23" xingshi="27060"/>
			<data id="27" value="23" xingshi="29180"/>
			<data id="28" value="23" xingshi="31380"/>
			<data id="29" value="23" xingshi="33660"/>
			<data id="30" value="73" xingshi="36020"/>		
			<data id="31" value="26" xingshi="38460"/>
			<data id="32" value="26" xingshi="40980"/>
			<data id="33" value="26" xingshi="43580"/>
			<data id="34" value="26" xingshi="46260"/>
			<data id="35" value="26" xingshi="49020"/>
			<data id="36" value="26" xingshi="51860"/>
			<data id="37" value="26" xingshi="54780"/>
			<data id="38" value="26" xingshi="57780"/>
			<data id="39" value="26" xingshi="60860"/>
			<data id="40" value="76" xingshi="64020"/>
			<data id="41" value="31" xingshi="67260"/>
			<data id="42" value="31" xingshi="70580"/>
			<data id="43" value="31" xingshi="73980"/>
			<data id="44" value="31" xingshi="77460"/>
			<data id="45" value="31" xingshi="81020"/>
			<data id="46" value="31" xingshi="84660"/>
			<data id="47" value="31" xingshi="88380"/>
			<data id="48" value="31" xingshi="92180"/>
			<data id="49" value="31" xingshi="96060"/>
			<data id="50" value="91" xingshi="100020"/>
			<data id="51" value="36" xingshi="104060"/>
			<data id="52" value="36" xingshi="108180"/>
			<data id="53" value="36" xingshi="112380"/>
			<data id="54" value="36" xingshi="116660"/>	
			<data id="55" value="36" xingshi="121020"/>
			<data id="56" value="36" xingshi="125460"/>
			<data id="57" value="36" xingshi="129980"/>
			<data id="58" value="36" xingshi="134580"/>
			<data id="59" value="36" xingshi="139260"/>
			<data id="60" value="106" xingshi="144020"/>
			<data id="61" value="42" xingshi="148860"/>
			<data id="62" value="42" xingshi="153780"/>
			<data id="63" value="42" xingshi="158780"/>
			<data id="64" value="42" xingshi="163860"/>
			<data id="65" value="42" xingshi="169020"/>
			<data id="66" value="42" xingshi="174260"/>
			<data id="67" value="42" xingshi="179580"/>
			<data id="68" value="42" xingshi="184980"/>
			<data id="69" value="42" xingshi="190460"/>
			<data id="70" value="122" xingshi="196020"/>
			<data id="71" value="47" xingshi="201660"/>
			<data id="72" value="47" xingshi="207380"/>
			<data id="73" value="47" xingshi="213180"/>
			<data id="74" value="47" xingshi="219060"/>
			<data id="75" value="47" xingshi="225020"/>
			<data id="76" value="47" xingshi="231060"/>
			<data id="77" value="47" xingshi="237180"/>
			<data id="78" value="47" xingshi="243380"/>	
			<data id="79" value="47" xingshi="249660"/>
			<data id="80" value="147" xingshi="256020"/>
			<data id="81" value="54" xingshi="262460"/>
			<data id="82" value="54" xingshi="268980"/>
			<data id="83" value="54" xingshi="275580"/>
			<data id="84" value="54" xingshi="282260"/>
			<data id="85" value="54" xingshi="289020"/>
			<data id="86" value="54" xingshi="295860"/>
			<data id="87" value="54" xingshi="302780"/>
			<data id="88" value="54" xingshi="309780"/>
			<data id="89" value="54" xingshi="316860"/>
			<data id="90" value="164" xingshi="324020"/>
			<data id="91" value="61" xingshi="331260"/>
			<data id="92" value="61" xingshi="338580"/>
			<data id="93" value="61" xingshi="345980"/>
			<data id="94" value="61" xingshi="353460"/>
			<data id="95" value="61" xingshi="361020"/>
			<data id="96" value="61" xingshi="368660"/>
			<data id="97" value="61" xingshi="376380"/>
			<data id="98" value="61" xingshi="384180"/>
			<data id="99" value="61" xingshi="392060"/>
			<data id="100" value="181" xingshi="400020"/>	
	</constellation>
	<constellation type="4" lv="7" name="巨蟹座" addAttributeType="7">  <!--物理攻击	PHYSICALATTACK(7)-->          
			<data id="1" value="18" xingshi="60"/>
			<data id="2" value="18" xingshi="180"/>
			<data id="3" value="18" xingshi="380"/>
			<data id="4" value="18" xingshi="660"/>
			<data id="5" value="18" xingshi="1020"/>
			<data id="6" value="18" xingshi="1460"/>		
			<data id="7" value="18" xingshi="1980"/>
			<data id="8" value="18" xingshi="2580"/>
			<data id="9" value="18" xingshi="3260"/>
			<data id="10" value="58" xingshi="4020"/>
			<data id="11" value="21" xingshi="4860"/>
			<data id="12" value="21" xingshi="5780"/>
			<data id="13" value="21" xingshi="6780"/>
			<data id="14" value="21" xingshi="7860"/>
			<data id="15" value="21" xingshi="9020"/>
			<data id="16" value="21" xingshi="10260"/>
			<data id="17" value="21" xingshi="11580"/>
			<data id="18" value="21" xingshi="12980"/>
			<data id="19" value="21" xingshi="14460"/>
			<data id="20" value="61" xingshi="16020"/>
			<data id="21" value="23" xingshi="17660"/>
			<data id="22" value="23" xingshi="19380"/>
			<data id="23" value="23" xingshi="21180"/>
			<data id="24" value="23" xingshi="23060"/>
			<data id="25" value="23" xingshi="25020"/>
			<data id="26" value="23" xingshi="27060"/>
			<data id="27" value="23" xingshi="29180"/>
			<data id="28" value="23" xingshi="31380"/>
			<data id="29" value="23" xingshi="33660"/>
			<data id="30" value="73" xingshi="36020"/>		
			<data id="31" value="26" xingshi="38460"/>
			<data id="32" value="26" xingshi="40980"/>
			<data id="33" value="26" xingshi="43580"/>
			<data id="34" value="26" xingshi="46260"/>
			<data id="35" value="26" xingshi="49020"/>
			<data id="36" value="26" xingshi="51860"/>
			<data id="37" value="26" xingshi="54780"/>
			<data id="38" value="26" xingshi="57780"/>
			<data id="39" value="26" xingshi="60860"/>
			<data id="40" value="76" xingshi="64020"/>
			<data id="41" value="31" xingshi="67260"/>
			<data id="42" value="31" xingshi="70580"/>
			<data id="43" value="31" xingshi="73980"/>
			<data id="44" value="31" xingshi="77460"/>
			<data id="45" value="31" xingshi="81020"/>
			<data id="46" value="31" xingshi="84660"/>
			<data id="47" value="31" xingshi="88380"/>
			<data id="48" value="31" xingshi="92180"/>
			<data id="49" value="31" xingshi="96060"/>
			<data id="50" value="91" xingshi="100020"/>
			<data id="51" value="36" xingshi="104060"/>
			<data id="52" value="36" xingshi="108180"/>
			<data id="53" value="36" xingshi="112380"/>
			<data id="54" value="36" xingshi="116660"/>	
			<data id="55" value="36" xingshi="121020"/>
			<data id="56" value="36" xingshi="125460"/>
			<data id="57" value="36" xingshi="129980"/>
			<data id="58" value="36" xingshi="134580"/>
			<data id="59" value="36" xingshi="139260"/>
			<data id="60" value="106" xingshi="144020"/>
			<data id="61" value="42" xingshi="148860"/>
			<data id="62" value="42" xingshi="153780"/>
			<data id="63" value="42" xingshi="158780"/>
			<data id="64" value="42" xingshi="163860"/>
			<data id="65" value="42" xingshi="169020"/>
			<data id="66" value="42" xingshi="174260"/>
			<data id="67" value="42" xingshi="179580"/>
			<data id="68" value="42" xingshi="184980"/>
			<data id="69" value="42" xingshi="190460"/>
			<data id="70" value="122" xingshi="196020"/>
			<data id="71" value="47" xingshi="201660"/>
			<data id="72" value="47" xingshi="207380"/>
			<data id="73" value="47" xingshi="213180"/>
			<data id="74" value="47" xingshi="219060"/>
			<data id="75" value="47" xingshi="225020"/>
			<data id="76" value="47" xingshi="231060"/>
			<data id="77" value="47" xingshi="237180"/>
			<data id="78" value="47" xingshi="243380"/>	
			<data id="79" value="47" xingshi="249660"/>
			<data id="80" value="147" xingshi="256020"/>
			<data id="81" value="54" xingshi="262460"/>
			<data id="82" value="54" xingshi="268980"/>
			<data id="83" value="54" xingshi="275580"/>
			<data id="84" value="54" xingshi="282260"/>
			<data id="85" value="54" xingshi="289020"/>
			<data id="86" value="54" xingshi="295860"/>
			<data id="87" value="54" xingshi="302780"/>
			<data id="88" value="54" xingshi="309780"/>
			<data id="89" value="54" xingshi="316860"/>
			<data id="90" value="164" xingshi="324020"/>
			<data id="91" value="61" xingshi="331260"/>
			<data id="92" value="61" xingshi="338580"/>
			<data id="93" value="61" xingshi="345980"/>
			<data id="94" value="61" xingshi="353460"/>
			<data id="95" value="61" xingshi="361020"/>
			<data id="96" value="61" xingshi="368660"/>
			<data id="97" value="61" xingshi="376380"/>
			<data id="98" value="61" xingshi="384180"/>
			<data id="99" value="61" xingshi="392060"/>
			<data id="100" value="181" xingshi="400020"/>	
	</constellation>
	<constellation type="5" lv="7" name="狮子座" addAttributeType="9">        <!--物理防御	PHYSICALDEFEND(9),-->        
			<data id="1" value="17"  xingshi="60"/>
			<data id="2" value="17"  xingshi="180"/>
			<data id="3" value="17"  xingshi="380"/>
			<data id="4" value="17"  xingshi="660"/>
			<data id="5" value="17"  xingshi="1020"/>
			<data id="6" value="17"  xingshi="1460"/>		
			<data id="7" value="17"  xingshi="1980"/>
			<data id="8" value="17"  xingshi="2580"/>
			<data id="9" value="17"  xingshi="3260"/>
			<data id="10" value="47" xingshi="4020"/>
			<data id="11" value="18" xingshi="4860"/>
			<data id="12" value="18" xingshi="5780"/>
			<data id="13" value="18" xingshi="6780"/>
			<data id="14" value="18" xingshi="7860"/>
			<data id="15" value="18" xingshi="9020"/>
			<data id="16" value="18" xingshi="10260"/>
			<data id="17" value="18" xingshi="11580"/>
			<data id="18" value="18" xingshi="12980"/>
			<data id="19" value="18" xingshi="14460"/>
			<data id="20" value="58" xingshi="16020"/>
			<data id="21" value="21" xingshi="17660"/>
			<data id="22" value="21" xingshi="19380"/>
			<data id="23" value="21" xingshi="21180"/>
			<data id="24" value="21" xingshi="23060"/>
			<data id="25" value="21" xingshi="25020"/>
			<data id="26" value="21" xingshi="27060"/>
			<data id="27" value="21" xingshi="29180"/>
			<data id="28" value="21" xingshi="31380"/>
			<data id="29" value="21" xingshi="33660"/>
			<data id="30" value="61" xingshi="36020"/>			
			<data id="31" value="24" xingshi="38460"/>
			<data id="32" value="24" xingshi="40980"/>
			<data id="33" value="24" xingshi="43580"/>
			<data id="34" value="24" xingshi="46260"/>
			<data id="35" value="24" xingshi="49020"/>
			<data id="36" value="24" xingshi="51860"/>
			<data id="37" value="24" xingshi="54780"/>
			<data id="38" value="24" xingshi="57780"/>
			<data id="39" value="24" xingshi="60860"/>
			<data id="40" value="74" xingshi="64020"/>
			<data id="41" value="27" xingshi="67260"/>
			<data id="42" value="27" xingshi="70580"/>
			<data id="43" value="27" xingshi="73980"/>
			<data id="44" value="27" xingshi="77460"/>
			<data id="45" value="27" xingshi="81020"/>
			<data id="46" value="27" xingshi="84660"/>
			<data id="47" value="27" xingshi="88380"/>
			<data id="48" value="27" xingshi="92180"/>
			<data id="49" value="27" xingshi="96060"/>
			<data id="50" value="87" xingshi="100020"/>
			<data id="51" value="33" xingshi="104060"/>
			<data id="52" value="33" xingshi="108180"/>
			<data id="53" value="33" xingshi="112380"/>
			<data id="54" value="33" xingshi="116660"/>		
			<data id="55" value="33" xingshi="121020"/>
			<data id="56" value="33" xingshi="125460"/>
			<data id="57" value="33" xingshi="129980"/>
			<data id="58" value="33" xingshi="134580"/>
			<data id="59" value="33" xingshi="139260"/>
			<data id="60" value="93" xingshi="144020"/>
			<data id="61" value="37" xingshi="148860"/>
			<data id="62" value="37" xingshi="153780"/>
			<data id="63" value="37" xingshi="158780"/>
			<data id="64" value="37" xingshi="163860"/>
			<data id="65" value="37" xingshi="169020"/>
			<data id="66" value="37" xingshi="174260"/>
			<data id="67" value="37" xingshi="179580"/>
			<data id="68" value="37" xingshi="184980"/>
			<data id="69" value="37" xingshi="190460"/>
			<data id="70" value="117" xingshi="196020"/>
			<data id="71" value="43" xingshi="201660"/>
			<data id="72" value="43" xingshi="207380"/>
			<data id="73" value="43" xingshi="213180"/>
			<data id="74" value="43" xingshi="219060"/>
			<data id="75" value="43" xingshi="225020"/> 
			<data id="76" value="43" xingshi="231060"/>
			<data id="77" value="43" xingshi="237180"/>
			<data id="78" value="43" xingshi="243380"/>		
			<data id="79" value="43" xingshi="249660"/>
			<data id="80" value="133" xingshi="256020"/>
			<data id="81" value="49" xingshi="262460"/>
			<data id="82" value="49" xingshi="268980"/>
			<data id="83" value="49" xingshi="275580"/>
			<data id="84" value="49" xingshi="282260"/>
			<data id="85" value="49" xingshi="289020"/>
			<data id="86" value="49" xingshi="295860"/>
			<data id="87" value="49" xingshi="302780"/>
			<data id="88" value="49" xingshi="309780"/>
			<data id="89" value="49" xingshi="316860"/>
			<data id="90" value="149" xingshi="324020"/>
			<data id="91" value="56" xingshi="331260"/>
			<data id="92" value="56" xingshi="338580"/>
			<data id="93" value="56" xingshi="345980"/>
			<data id="94" value="56" xingshi="353460"/>
			<data id="95" value="56" xingshi="361020"/>
			<data id="96" value="56" xingshi="368660"/>
			<data id="97" value="56" xingshi="376380"/>
			<data id="98" value="56" xingshi="384180"/>
			<data id="99" value="56" xingshi="392060"/>
			<data id="100" value="166" xingshi="400020"/>	
	</constellation>
	<constellation type="6" lv="7" name="处女座" addAttributeType="10"> <!--魔法防御	MAGICDEFEND(10)-->               
			<data id="1" value="17"  xingshi="60"/>
			<data id="2" value="17"  xingshi="180"/>
			<data id="3" value="17"  xingshi="380"/>
			<data id="4" value="17"  xingshi="660"/>
			<data id="5" value="17"  xingshi="1020"/>
			<data id="6" value="17"  xingshi="1460"/>		
			<data id="7" value="17"  xingshi="1980"/>
			<data id="8" value="17"  xingshi="2580"/>
			<data id="9" value="17"  xingshi="3260"/>
			<data id="10" value="47" xingshi="4020"/>
			<data id="11" value="18" xingshi="4860"/>
			<data id="12" value="18" xingshi="5780"/>
			<data id="13" value="18" xingshi="6780"/>
			<data id="14" value="18" xingshi="7860"/>
			<data id="15" value="18" xingshi="9020"/>
			<data id="16" value="18" xingshi="10260"/>
			<data id="17" value="18" xingshi="11580"/>
			<data id="18" value="18" xingshi="12980"/>
			<data id="19" value="18" xingshi="14460"/>
			<data id="20" value="58" xingshi="16020"/>
			<data id="21" value="21" xingshi="17660"/>
			<data id="22" value="21" xingshi="19380"/>
			<data id="23" value="21" xingshi="21180"/>
			<data id="24" value="21" xingshi="23060"/>
			<data id="25" value="21" xingshi="25020"/>
			<data id="26" value="21" xingshi="27060"/>
			<data id="27" value="21" xingshi="29180"/>
			<data id="28" value="21" xingshi="31380"/>
			<data id="29" value="21" xingshi="33660"/>
			<data id="30" value="61" xingshi="36020"/>			
			<data id="31" value="24" xingshi="38460"/>
			<data id="32" value="24" xingshi="40980"/>
			<data id="33" value="24" xingshi="43580"/>
			<data id="34" value="24" xingshi="46260"/>
			<data id="35" value="24" xingshi="49020"/>
			<data id="36" value="24" xingshi="51860"/>
			<data id="37" value="24" xingshi="54780"/>
			<data id="38" value="24" xingshi="57780"/>
			<data id="39" value="24" xingshi="60860"/>
			<data id="40" value="74" xingshi="64020"/>
			<data id="41" value="27" xingshi="67260"/>
			<data id="42" value="27" xingshi="70580"/>
			<data id="43" value="27" xingshi="73980"/>
			<data id="44" value="27" xingshi="77460"/>
			<data id="45" value="27" xingshi="81020"/>
			<data id="46" value="27" xingshi="84660"/>
			<data id="47" value="27" xingshi="88380"/>
			<data id="48" value="27" xingshi="92180"/>
			<data id="49" value="27" xingshi="96060"/>
			<data id="50" value="87" xingshi="100020"/>
			<data id="51" value="33" xingshi="104060"/>
			<data id="52" value="33" xingshi="108180"/>
			<data id="53" value="33" xingshi="112380"/>
			<data id="54" value="33" xingshi="116660"/>		
			<data id="55" value="33" xingshi="121020"/>
			<data id="56" value="33" xingshi="125460"/>
			<data id="57" value="33" xingshi="129980"/>
			<data id="58" value="33" xingshi="134580"/>
			<data id="59" value="33" xingshi="139260"/>
			<data id="60" value="93" xingshi="144020"/>
			<data id="61" value="37" xingshi="148860"/>
			<data id="62" value="37" xingshi="153780"/>
			<data id="63" value="37" xingshi="158780"/>
			<data id="64" value="37" xingshi="163860"/>
			<data id="65" value="37" xingshi="169020"/>
			<data id="66" value="37" xingshi="174260"/>
			<data id="67" value="37" xingshi="179580"/>
			<data id="68" value="37" xingshi="184980"/>
			<data id="69" value="37" xingshi="190460"/>
			<data id="70" value="117" xingshi="196020"/>
			<data id="71" value="43" xingshi="201660"/>
			<data id="72" value="43" xingshi="207380"/>
			<data id="73" value="43" xingshi="213180"/>
			<data id="74" value="43" xingshi="219060"/>
			<data id="75" value="43" xingshi="225020"/> 
			<data id="76" value="43" xingshi="231060"/>
			<data id="77" value="43" xingshi="237180"/>
			<data id="78" value="43" xingshi="243380"/>		
			<data id="79" value="43" xingshi="249660"/>
			<data id="80" value="133" xingshi="256020"/>
			<data id="81" value="49" xingshi="262460"/>
			<data id="82" value="49" xingshi="268980"/>
			<data id="83" value="49" xingshi="275580"/>
			<data id="84" value="49" xingshi="282260"/>
			<data id="85" value="49" xingshi="289020"/>
			<data id="86" value="49" xingshi="295860"/>
			<data id="87" value="49" xingshi="302780"/>
			<data id="88" value="49" xingshi="309780"/>
			<data id="89" value="49" xingshi="316860"/>
			<data id="90" value="149" xingshi="324020"/>
			<data id="91" value="56" xingshi="331260"/>
			<data id="92" value="56" xingshi="338580"/>
			<data id="93" value="56" xingshi="345980"/>
			<data id="94" value="56" xingshi="353460"/>
			<data id="95" value="56" xingshi="361020"/>
			<data id="96" value="56" xingshi="368660"/>
			<data id="97" value="56" xingshi="376380"/>
			<data id="98" value="56" xingshi="384180"/>
			<data id="99" value="56" xingshi="392060"/>
			<data id="100" value="166" xingshi="400020"/>	
	</constellation>
	<constellation type="7" lv="25" name="天枰座" addAttributeType="13">     <!--必杀	PENETRATE(13)-->           
			<data id="1" value="7"  xingshi="60"/>
			<data id="2" value="7"  xingshi="180"/>
			<data id="3" value="7"  xingshi="380"/>
			<data id="4" value="7"  xingshi="660"/>
			<data id="5" value="7"  xingshi="1020"/>
			<data id="6" value="7"  xingshi="1460"/>
			<data id="7" value="7"  xingshi="1980"/>
			<data id="8" value="7"  xingshi="2580"/>
			<data id="9" value="7"  xingshi="3260"/>
			<data id="10" value="27" xingshi="4020"/>
			<data id="11" value="7" xingshi="4860"/>
			<data id="12" value="7" xingshi="5780"/>
			<data id="13" value="7" xingshi="6780"/>
			<data id="14" value="7" xingshi="7860"/>
			<data id="15" value="7" xingshi="9020"/>
			<data id="16" value="7" xingshi="10260"/>
			<data id="17" value="7" xingshi="11580"/>
			<data id="18" value="7" xingshi="12980"/>
			<data id="19" value="7" xingshi="14460"/>
			<data id="20" value="27" xingshi="16020"/>
			<data id="21" value="8" xingshi="17660"/>
			<data id="22" value="8" xingshi="19380"/>
			<data id="23" value="8" xingshi="21180"/>
			<data id="24" value="8" xingshi="23060"/>
			<data id="25" value="8" xingshi="25020"/>
			<data id="26" value="8" xingshi="27060"/>
			<data id="27" value="8" xingshi="29180"/>
			<data id="28" value="8" xingshi="31380"/>
			<data id="29" value="8" xingshi="33660"/>
			<data id="30" value="28" xingshi="36020"/>	
			<data id="31" value="9" xingshi="38460"/>
			<data id="32" value="9" xingshi="40980"/>
			<data id="33" value="9" xingshi="43580"/>
			<data id="34" value="9" xingshi="46260"/>
			<data id="35" value="9" xingshi="49020"/>
			<data id="36" value="9" xingshi="51860"/>
			<data id="37" value="9" xingshi="54780"/>
			<data id="38" value="9" xingshi="57780"/>
			<data id="39" value="9" xingshi="60860"/>
			<data id="40" value="29" xingshi="64020"/>
			<data id="41" value="10" xingshi="67260"/>
			<data id="42" value="10" xingshi="70580"/>
			<data id="43" value="10" xingshi="73980"/>
			<data id="44" value="10" xingshi="77460"/>
			<data id="45" value="10" xingshi="81020"/>
			<data id="46" value="10" xingshi="84660"/>
			<data id="47" value="10" xingshi="88380"/>
			<data id="48" value="10" xingshi="92180"/>
			<data id="49" value="10" xingshi="96060"/>
			<data id="50" value="30" xingshi="100020"/>
			<data id="51" value="10" xingshi="104060"/>
			<data id="52" value="10" xingshi="108180"/>
			<data id="53" value="10" xingshi="112380"/>
			<data id="54" value="10" xingshi="116660"/>	
			<data id="55" value="10" xingshi="121020"/>
			<data id="56" value="10" xingshi="125460"/>
			<data id="57" value="10" xingshi="129980"/>
			<data id="58" value="10" xingshi="134580"/>
			<data id="59" value="10" xingshi="139260"/>
			<data id="60" value="30" xingshi="144020"/>
			<data id="61" value="11" xingshi="148860"/>
			<data id="62" value="11" xingshi="153780"/>
			<data id="63" value="11" xingshi="158780"/>
			<data id="64" value="11" xingshi="163860"/>
			<data id="65" value="11" xingshi="169020"/>
			<data id="66" value="11" xingshi="174260"/>
			<data id="67" value="11" xingshi="179580"/>
			<data id="68" value="11" xingshi="184980"/>
			<data id="69" value="11" xingshi="190460"/>
			<data id="70" value="31" xingshi="196020"/>
			<data id="71" value="11" xingshi="201660"/>
			<data id="72" value="11" xingshi="207380"/>
			<data id="73" value="11" xingshi="213180"/>
			<data id="74" value="11" xingshi="219060"/>
			<data id="75" value="11" xingshi="225020"/>
			<data id="76" value="11" xingshi="231060"/>
			<data id="77" value="11" xingshi="237180"/>
			<data id="78" value="11" xingshi="243380"/>	
			<data id="79" value="11" xingshi="249660"/>
			<data id="80" value="41" xingshi="256020"/>
			<data id="81" value="12" xingshi="262460"/>
			<data id="82" value="12" xingshi="268980"/>
			<data id="83" value="12" xingshi="275580"/>
			<data id="84" value="12" xingshi="282260"/>
			<data id="85" value="12" xingshi="289020"/>
			<data id="86" value="12" xingshi="295860"/>
			<data id="87" value="12" xingshi="302780"/>
			<data id="88" value="12" xingshi="309780"/>
			<data id="89" value="12" xingshi="316860"/>
			<data id="90" value="42" xingshi="324020"/>
			<data id="91" value="13" xingshi="331260"/>
			<data id="92" value="13" xingshi="338580"/>
			<data id="93" value="13" xingshi="345980"/>
			<data id="94" value="13" xingshi="353460"/>
			<data id="95" value="13" xingshi="361020"/>
			<data id="96" value="13" xingshi="368660"/>
			<data id="97" value="13" xingshi="376380"/>
			<data id="98" value="13" xingshi="384180"/>
			<data id="99" value="13" xingshi="392060"/>
			<data id="100" value="43" xingshi="400020"/>
	</constellation>
	<constellation type="8" lv="25" name="天蝎座" addAttributeType="11">   <!--   暴击	CRITICAL(11)   -->       
			<data id="1" value="6"  xingshi="60"/>
			<data id="2" value="6"  xingshi="180"/>
			<data id="3" value="6"  xingshi="380"/>
			<data id="4" value="6"  xingshi="660"/>
			<data id="5" value="6"  xingshi="1020"/>
			<data id="6" value="6"  xingshi="1460"/>	
			<data id="7" value="6"  xingshi="1980"/>
			<data id="8" value="6"  xingshi="2580"/>
			<data id="9" value="6"  xingshi="3260"/>
			<data id="10" value="26" xingshi="4020"/>
			<data id="11" value="7" xingshi="4860"/>
			<data id="12" value="7" xingshi="5780"/>
			<data id="13" value="7" xingshi="6780"/>
			<data id="14" value="7" xingshi="7860"/>
			<data id="15" value="7" xingshi="9020"/>
			<data id="16" value="7" xingshi="10260"/>
			<data id="17" value="7" xingshi="11580"/>
			<data id="18" value="7" xingshi="12980"/>
			<data id="19" value="7" xingshi="14460"/>
			<data id="20" value="27" xingshi="16020"/>
			<data id="21" value="8" xingshi="17660"/>
			<data id="22" value="8" xingshi="19380"/>
			<data id="23" value="8" xingshi="21180"/>
			<data id="24" value="8" xingshi="23060"/>
			<data id="25" value="8" xingshi="25020"/>
			<data id="26" value="8" xingshi="27060"/>
			<data id="27" value="8" xingshi="29180"/>
			<data id="28" value="8" xingshi="31380"/>
			<data id="29" value="8" xingshi="33660"/>
			<data id="30" value="28" xingshi="36020"/>		
			<data id="31" value="9" xingshi="38460"/>
			<data id="32" value="9" xingshi="40980"/>
			<data id="33" value="9" xingshi="43580"/>
			<data id="34" value="9" xingshi="46260"/>
			<data id="35" value="9" xingshi="49020"/>
			<data id="36" value="9" xingshi="51860"/>
			<data id="37" value="9" xingshi="54780"/>
			<data id="38" value="9" xingshi="57780"/>
			<data id="39" value="9" xingshi="60860"/>
			<data id="40" value="29" xingshi="64020"/>
			<data id="41" value="10" xingshi="67260"/>
			<data id="42" value="10" xingshi="70580"/>
			<data id="43" value="10" xingshi="73980"/>
			<data id="44" value="10" xingshi="77460"/>
			<data id="45" value="10" xingshi="81020"/>
			<data id="46" value="10" xingshi="84660"/>
			<data id="47" value="10" xingshi="88380"/>
			<data id="48" value="10" xingshi="92180"/>
			<data id="49" value="10" xingshi="96060"/>
			<data id="50" value="30" xingshi="100020"/>
			<data id="51" value="11" xingshi="104060"/>
			<data id="52" value="11" xingshi="108180"/>
			<data id="53" value="11" xingshi="112380"/>
			<data id="54" value="11" xingshi="116660"/>
			<data id="55" value="11" xingshi="121020"/>
			<data id="56" value="11" xingshi="125460"/>
			<data id="57" value="11" xingshi="129980"/>
			<data id="58" value="11" xingshi="134580"/>
			<data id="59" value="11" xingshi="139260"/>
			<data id="60" value="31" xingshi="144020"/>
			<data id="61" value="11" xingshi="148860"/>
			<data id="62" value="11" xingshi="153780"/>
			<data id="63" value="11" xingshi="158780"/>
			<data id="64" value="11" xingshi="163860"/>
			<data id="65" value="11" xingshi="169020"/>
			<data id="66" value="11" xingshi="174260"/>
			<data id="67" value="11" xingshi="179580"/>
			<data id="68" value="11" xingshi="184980"/>
			<data id="69" value="11" xingshi="190460"/>
			<data id="70" value="41" xingshi="196020"/>
			<data id="71" value="12" xingshi="201660"/>
			<data id="72" value="12" xingshi="207380"/>
			<data id="73" value="12" xingshi="213180"/>
			<data id="74" value="12" xingshi="219060"/>
			<data id="75" value="12" xingshi="225020"/>
			<data id="76" value="12" xingshi="231060"/>
			<data id="77" value="12" xingshi="237180"/>
			<data id="78" value="12" xingshi="243380"/>
			<data id="79" value="12" xingshi="249660"/>
			<data id="80" value="42" xingshi="256020"/>
			<data id="81" value="13" xingshi="262460"/>
			<data id="82" value="13" xingshi="268980"/>
			<data id="83" value="13" xingshi="275580"/>
			<data id="84" value="13" xingshi="282260"/>
			<data id="85" value="13" xingshi="289020"/>
			<data id="86" value="13" xingshi="295860"/>
			<data id="87" value="13" xingshi="302780"/>
			<data id="88" value="13" xingshi="309780"/>
			<data id="89" value="13" xingshi="316860"/>
			<data id="90" value="43" xingshi="324020"/>
			<data id="91" value="14" xingshi="331260"/>
			<data id="92" value="14" xingshi="338580"/>
			<data id="93" value="14" xingshi="345980"/>
			<data id="94" value="14" xingshi="353460"/>
			<data id="95" value="14" xingshi="361020"/>
			<data id="96" value="14" xingshi="368660"/>
			<data id="97" value="14" xingshi="376380"/>
			<data id="98" value="14" xingshi="384180"/>
			<data id="99" value="14" xingshi="392060"/>
			<data id="100" value="44" xingshi="400020"/>
	</constellation>
	<constellation type="9" lv="25" name="射手座" addAttributeType="15">   <!--命中	HIT(15),-->             
			<data id="1" value="4"  xingshi="60"/>
			<data id="2" value="4"  xingshi="180"/>
			<data id="3" value="4"  xingshi="380"/>
			<data id="4" value="4"  xingshi="660"/>
			<data id="5" value="4"  xingshi="1020"/>
			<data id="6" value="4"  xingshi="1460"/>		
			<data id="7" value="4"  xingshi="1980"/>
			<data id="8" value="4"  xingshi="2580"/>
			<data id="9" value="4"  xingshi="3260"/>
			<data id="10" value="14" xingshi="4020"/>
			<data id="11" value="5" xingshi="4860"/>
			<data id="12" value="5" xingshi="5780"/>
			<data id="13" value="5" xingshi="6780"/>
			<data id="14" value="5" xingshi="7860"/>
			<data id="15" value="5" xingshi="9020"/>
			<data id="16" value="5" xingshi="10260"/>
			<data id="17" value="5" xingshi="11580"/>
			<data id="18" value="5" xingshi="12980"/>
			<data id="19" value="5" xingshi="14460"/>
			<data id="20" value="15" xingshi="16020"/>
			<data id="21" value="5" xingshi="17660"/>
			<data id="22" value="5" xingshi="19380"/>
			<data id="23" value="5" xingshi="21180"/>
			<data id="24" value="5" xingshi="23060"/>
			<data id="25" value="5" xingshi="25020"/>
			<data id="26" value="5" xingshi="27060"/>
			<data id="27" value="5" xingshi="29180"/>
			<data id="28" value="5" xingshi="31380"/>
			<data id="29" value="5" xingshi="33660"/>
			<data id="30" value="15" xingshi="36020"/>			
			<data id="31" value="6" xingshi="38460"/>
			<data id="32" value="6" xingshi="40980"/>
			<data id="33" value="6" xingshi="43580"/>
			<data id="34" value="6" xingshi="46260"/>
			<data id="35" value="6" xingshi="49020"/>
			<data id="36" value="6" xingshi="51860"/>
			<data id="37" value="6" xingshi="54780"/>
			<data id="38" value="6" xingshi="57780"/>
			<data id="39" value="6" xingshi="60860"/>
			<data id="40" value="16" xingshi="64020"/>
			<data id="41" value="6" xingshi="67260"/>
			<data id="42" value="6" xingshi="70580"/>
			<data id="43" value="6" xingshi="73980"/>
			<data id="44" value="6" xingshi="77460"/>
			<data id="45" value="6" xingshi="81020"/>
			<data id="46" value="6" xingshi="84660"/>
			<data id="47" value="6" xingshi="88380"/>
			<data id="48" value="6" xingshi="92180"/>
			<data id="49" value="6" xingshi="96060"/>
			<data id="50" value="16" xingshi="100020"/>
			<data id="51" value="7" xingshi="104060"/>
			<data id="52" value="7" xingshi="108180"/>
			<data id="53" value="7" xingshi="112380"/>
			<data id="54" value="7" xingshi="116660"/>		
			<data id="55" value="7" xingshi="121020"/>
			<data id="56" value="7" xingshi="125460"/>
			<data id="57" value="7" xingshi="129980"/>
			<data id="58" value="7" xingshi="134580"/>
			<data id="59" value="7" xingshi="139260"/>
			<data id="60" value="17" xingshi="144020"/>
			<data id="61" value="7" xingshi="148860"/>
			<data id="62" value="7" xingshi="153780"/>
			<data id="63" value="7" xingshi="158780"/>
			<data id="64" value="7" xingshi="163860"/>
			<data id="65" value="7" xingshi="169020"/>
			<data id="66" value="7" xingshi="174260"/>
			<data id="67" value="7" xingshi="179580"/>
			<data id="68" value="7" xingshi="184980"/>
			<data id="69" value="7" xingshi="190460"/>
			<data id="70" value="17" xingshi="196020"/>
			<data id="71" value="7" xingshi="201660"/>
			<data id="72" value="7" xingshi="207380"/>
			<data id="73" value="7" xingshi="213180"/>
			<data id="74" value="7" xingshi="219060"/>
			<data id="75" value="7" xingshi="225020"/> 
			<data id="76" value="7" xingshi="231060"/>
			<data id="77" value="7" xingshi="237180"/>
			<data id="78" value="7" xingshi="243380"/>		
			<data id="79" value="7" xingshi="249660"/>
			<data id="80" value="26" xingshi="256020"/>
			<data id="81" value="8" xingshi="262460"/>
			<data id="82" value="8" xingshi="268980"/>
			<data id="83" value="8" xingshi="275580"/>
			<data id="84" value="8" xingshi="282260"/>
			<data id="85" value="8" xingshi="289020"/>
			<data id="86" value="8" xingshi="295860"/>
			<data id="87" value="8" xingshi="302780"/>
			<data id="88" value="8" xingshi="309780"/>
			<data id="89" value="8" xingshi="316860"/>
			<data id="90" value="28" xingshi="324020"/>
			<data id="91" value="8" xingshi="331260"/>
			<data id="92" value="8" xingshi="338580"/>
			<data id="93" value="8" xingshi="345980"/>
			<data id="94" value="8" xingshi="353460"/>
			<data id="95" value="8" xingshi="361020"/>
			<data id="96" value="8" xingshi="368660"/>
			<data id="97" value="8" xingshi="376380"/>
			<data id="98" value="8" xingshi="384180"/>
			<data id="99" value="8" xingshi="392060"/>
			<data id="100" value="8" xingshi="400020"/>	
	</constellation>
	<constellation type="10" lv="25" name="摩羯座" addAttributeType="12">    	<!--韧性	TENACITY(12),-->
			<data id="1" value="7"  xingshi="60"/>
			<data id="2" value="7"  xingshi="180"/>
			<data id="3" value="7"  xingshi="380"/>
			<data id="4" value="7"  xingshi="660"/>
			<data id="5" value="7"  xingshi="1020"/>
			<data id="6" value="7"  xingshi="1460"/>
			<data id="7" value="7"  xingshi="1980"/>
			<data id="8" value="7"  xingshi="2580"/>
			<data id="9" value="7"  xingshi="3260"/>
			<data id="10" value="27" xingshi="4020"/>
			<data id="11" value="7" xingshi="4860"/>
			<data id="12" value="7" xingshi="5780"/>
			<data id="13" value="7" xingshi="6780"/>
			<data id="14" value="7" xingshi="7860"/>
			<data id="15" value="7" xingshi="9020"/>
			<data id="16" value="7" xingshi="10260"/>
			<data id="17" value="7" xingshi="11580"/>
			<data id="18" value="7" xingshi="12980"/>
			<data id="19" value="7" xingshi="14460"/>
			<data id="20" value="27" xingshi="16020"/>
			<data id="21" value="8" xingshi="17660"/>
			<data id="22" value="8" xingshi="19380"/>
			<data id="23" value="8" xingshi="21180"/>
			<data id="24" value="8" xingshi="23060"/>
			<data id="25" value="8" xingshi="25020"/>
			<data id="26" value="8" xingshi="27060"/>
			<data id="27" value="8" xingshi="29180"/>
			<data id="28" value="8" xingshi="31380"/>
			<data id="29" value="8" xingshi="33660"/>
			<data id="30" value="28" xingshi="36020"/>	
			<data id="31" value="9" xingshi="38460"/>
			<data id="32" value="9" xingshi="40980"/>
			<data id="33" value="9" xingshi="43580"/>
			<data id="34" value="9" xingshi="46260"/>
			<data id="35" value="9" xingshi="49020"/>
			<data id="36" value="9" xingshi="51860"/>
			<data id="37" value="9" xingshi="54780"/>
			<data id="38" value="9" xingshi="57780"/>
			<data id="39" value="9" xingshi="60860"/>
			<data id="40" value="29" xingshi="64020"/>
			<data id="41" value="10" xingshi="67260"/>
			<data id="42" value="10" xingshi="70580"/>
			<data id="43" value="10" xingshi="73980"/>
			<data id="44" value="10" xingshi="77460"/>
			<data id="45" value="10" xingshi="81020"/>
			<data id="46" value="10" xingshi="84660"/>
			<data id="47" value="10" xingshi="88380"/>
			<data id="48" value="10" xingshi="92180"/>
			<data id="49" value="10" xingshi="96060"/>
			<data id="50" value="30" xingshi="100020"/>
			<data id="51" value="10" xingshi="104060"/>
			<data id="52" value="10" xingshi="108180"/>
			<data id="53" value="10" xingshi="112380"/>
			<data id="54" value="10" xingshi="116660"/>	
			<data id="55" value="10" xingshi="121020"/>
			<data id="56" value="10" xingshi="125460"/>
			<data id="57" value="10" xingshi="129980"/>
			<data id="58" value="10" xingshi="134580"/>
			<data id="59" value="10" xingshi="139260"/>
			<data id="60" value="30" xingshi="144020"/>
			<data id="61" value="11" xingshi="148860"/>
			<data id="62" value="11" xingshi="153780"/>
			<data id="63" value="11" xingshi="158780"/>
			<data id="64" value="11" xingshi="163860"/>
			<data id="65" value="11" xingshi="169020"/>
			<data id="66" value="11" xingshi="174260"/>
			<data id="67" value="11" xingshi="179580"/>
			<data id="68" value="11" xingshi="184980"/>
			<data id="69" value="11" xingshi="190460"/>
			<data id="70" value="31" xingshi="196020"/>
			<data id="71" value="11" xingshi="201660"/>
			<data id="72" value="11" xingshi="207380"/>
			<data id="73" value="11" xingshi="213180"/>
			<data id="74" value="11" xingshi="219060"/>
			<data id="75" value="11" xingshi="225020"/>
			<data id="76" value="11" xingshi="231060"/>
			<data id="77" value="11" xingshi="237180"/>
			<data id="78" value="11" xingshi="243380"/>	
			<data id="79" value="11" xingshi="249660"/>
			<data id="80" value="41" xingshi="256020"/>
			<data id="81" value="12" xingshi="262460"/>
			<data id="82" value="12" xingshi="268980"/>
			<data id="83" value="12" xingshi="275580"/>
			<data id="84" value="12" xingshi="282260"/>
			<data id="85" value="12" xingshi="289020"/>
			<data id="86" value="12" xingshi="295860"/>
			<data id="87" value="12" xingshi="302780"/>
			<data id="88" value="12" xingshi="309780"/>
			<data id="89" value="12" xingshi="316860"/>
			<data id="90" value="42" xingshi="324020"/>
			<data id="91" value="13" xingshi="331260"/>
			<data id="92" value="13" xingshi="338580"/>
			<data id="93" value="13" xingshi="345980"/>
			<data id="94" value="13" xingshi="353460"/>
			<data id="95" value="13" xingshi="361020"/>
			<data id="96" value="13" xingshi="368660"/>
			<data id="97" value="13" xingshi="376380"/>
			<data id="98" value="13" xingshi="384180"/>
			<data id="99" value="13" xingshi="392060"/>
			<data id="100" value="43" xingshi="400020"/>
	</constellation>	
	<constellation type="11" lv="25" name="水瓶座" addAttributeType="14" ><!--守护	STEM(14)-->
			<data id="1" value="11"  xingshi="60"/>
			<data id="2" value="11"  xingshi="180"/>
			<data id="3" value="11"  xingshi="380"/>
			<data id="4" value="11"  xingshi="660"/>
			<data id="5" value="11"  xingshi="1020"/>
			<data id="6" value="11"  xingshi="1460"/>	
			<data id="7" value="11"  xingshi="1980"/>
			<data id="8" value="11"  xingshi="2580"/>
			<data id="9" value="11"  xingshi="3260"/>
			<data id="10" value="31" xingshi="4020"/>
			<data id="11" value="12" xingshi="4860"/>
			<data id="12" value="12" xingshi="5780"/>
			<data id="13" value="12" xingshi="6780"/>
			<data id="14" value="12" xingshi="7860"/>
			<data id="15" value="12" xingshi="9020"/>
			<data id="16" value="12" xingshi="10260"/>
			<data id="17" value="12" xingshi="11580"/>
			<data id="18" value="12" xingshi="12980"/>
			<data id="19" value="12" xingshi="14460"/>
			<data id="20" value="32" xingshi="16020"/>
			<data id="21" value="12" xingshi="17660"/>
			<data id="22" value="12" xingshi="19380"/>
			<data id="23" value="12" xingshi="21180"/>
			<data id="24" value="12" xingshi="23060"/>
			<data id="25" value="12" xingshi="25020"/>
			<data id="26" value="12" xingshi="27060"/>
			<data id="27" value="12" xingshi="29180"/>
			<data id="28" value="12" xingshi="31380"/>
			<data id="29" value="12" xingshi="33660"/>
			<data id="30" value="42" xingshi="36020"/>		
			<data id="31" value="13" xingshi="38460"/>
			<data id="32" value="13" xingshi="40980"/>
			<data id="33" value="13" xingshi="43580"/>
			<data id="34" value="13" xingshi="46260"/>
			<data id="35" value="13" xingshi="49020"/>
			<data id="36" value="13" xingshi="51860"/>
			<data id="37" value="13" xingshi="54780"/>
			<data id="38" value="13" xingshi="57780"/>
			<data id="39" value="13" xingshi="60860"/>
			<data id="40" value="43" xingshi="64020"/>
			<data id="41" value="14" xingshi="67260"/>
			<data id="42" value="14" xingshi="70580"/>
			<data id="43" value="14" xingshi="73980"/>
			<data id="44" value="14" xingshi="77460"/>
			<data id="45" value="14" xingshi="81020"/>
			<data id="46" value="14" xingshi="84660"/>
			<data id="47" value="14" xingshi="88380"/>
			<data id="48" value="14" xingshi="92180"/>
			<data id="49" value="14" xingshi="96060"/>
			<data id="50" value="44" xingshi="100020"/>
			<data id="51" value="15" xingshi="104060"/>
			<data id="52" value="15" xingshi="108180"/>
			<data id="53" value="15" xingshi="112380"/>
			<data id="54" value="15" xingshi="116660"/>		
			<data id="55" value="15" xingshi="121020"/>
			<data id="56" value="15" xingshi="125460"/>
			<data id="57" value="15" xingshi="129980"/>
			<data id="58" value="15" xingshi="134580"/>
			<data id="59" value="15" xingshi="139260"/>
			<data id="60" value="55" xingshi="144020"/>
			<data id="61" value="16" xingshi="148860"/>
			<data id="62" value="16" xingshi="153780"/>
			<data id="63" value="16" xingshi="158780"/>
			<data id="64" value="16" xingshi="163860"/>
			<data id="65" value="16" xingshi="169020"/>
			<data id="66" value="16" xingshi="174260"/>
			<data id="67" value="16" xingshi="179580"/>
			<data id="68" value="16" xingshi="184980"/>
			<data id="69" value="16" xingshi="190460"/>
			<data id="70" value="56" xingshi="196020"/>
			<data id="71" value="17" xingshi="201660"/>
			<data id="72" value="17" xingshi="207380"/>
			<data id="73" value="17" xingshi="213180"/>
			<data id="74" value="17" xingshi="219060"/>
			<data id="75" value="17" xingshi="225020"/> 
			<data id="76" value="17" xingshi="231060"/>
			<data id="77" value="17" xingshi="237180"/>
			<data id="78" value="17" xingshi="243380"/>		
			<data id="79" value="17" xingshi="249660"/>
			<data id="80" value="67" xingshi="256020"/>
			<data id="81" value="18" xingshi="262460"/>
			<data id="82" value="18" xingshi="268980"/>
			<data id="83" value="18" xingshi="275580"/>
			<data id="84" value="18" xingshi="282260"/>
			<data id="85" value="18" xingshi="289020"/>
			<data id="86" value="18" xingshi="295860"/>
			<data id="87" value="18" xingshi="302780"/>
			<data id="88" value="18" xingshi="309780"/>
			<data id="89" value="18" xingshi="316860"/>
			<data id="90" value="68" xingshi="324020"/>
			<data id="91" value="19" xingshi="331260"/>
			<data id="92" value="19" xingshi="338580"/>
			<data id="93" value="19" xingshi="345980"/>
			<data id="94" value="19" xingshi="353460"/>
			<data id="95" value="19" xingshi="361020"/>
			<data id="96" value="19" xingshi="368660"/>
			<data id="97" value="19" xingshi="376380"/>
			<data id="98" value="19" xingshi="384180"/>
			<data id="99" value="19" xingshi="392060"/>
			<data id="100" value="72" xingshi="400020"/>	
	</constellation> 
	<constellation type="12" lv="25" name="双鱼座" addAttributeType="16">    <!--闪避	AVOID(16),-->            
			<data id="1" value="5"  xingshi="60"/>
			<data id="2" value="5"  xingshi="180"/>
			<data id="3" value="5"  xingshi="380"/>
			<data id="4" value="5"  xingshi="660"/>
			<data id="5" value="5"  xingshi="1020"/>
			<data id="6" value="5"  xingshi="1460"/>
			<data id="7" value="5"  xingshi="1980"/>
			<data id="8" value="5"  xingshi="2580"/>
			<data id="9" value="5"  xingshi="3260"/>
			<data id="10" value="15" xingshi="4020"/>
			<data id="11" value="5" xingshi="4860"/>
			<data id="12" value="5" xingshi="5780"/>
			<data id="13" value="5" xingshi="6780"/>
			<data id="14" value="5" xingshi="7860"/>
			<data id="15" value="5" xingshi="9020"/>
			<data id="16" value="5" xingshi="10260"/>
			<data id="17" value="5" xingshi="11580"/>
			<data id="18" value="5" xingshi="12980"/>
			<data id="19" value="5" xingshi="14460"/>
			<data id="20" value="15" xingshi="16020"/>
			<data id="21" value="6" xingshi="17660"/>
			<data id="22" value="6" xingshi="19380"/>
			<data id="23" value="6" xingshi="21180"/>
			<data id="24" value="6" xingshi="23060"/>
			<data id="25" value="6" xingshi="25020"/>
			<data id="26" value="6" xingshi="27060"/>
			<data id="27" value="6" xingshi="29180"/>
			<data id="28" value="6" xingshi="31380"/>
			<data id="29" value="6" xingshi="33660"/>
			<data id="30" value="16" xingshi="36020"/>	
			<data id="31" value="6" xingshi="38460"/>
			<data id="32" value="6" xingshi="40980"/>
			<data id="33" value="6" xingshi="43580"/>
			<data id="34" value="6" xingshi="46260"/>
			<data id="35" value="6" xingshi="49020"/>
			<data id="36" value="6" xingshi="51860"/>
			<data id="37" value="6" xingshi="54780"/>
			<data id="38" value="6" xingshi="57780"/>
			<data id="39" value="6" xingshi="60860"/>
			<data id="40" value="16" xingshi="64020"/>
			<data id="41" value="7" xingshi="67260"/>
			<data id="42" value="7" xingshi="70580"/>
			<data id="43" value="7" xingshi="73980"/>
			<data id="44" value="7" xingshi="77460"/>
			<data id="45" value="7" xingshi="81020"/>
			<data id="46" value="7" xingshi="84660"/>
			<data id="47" value="7" xingshi="88380"/>
			<data id="48" value="7" xingshi="92180"/>
			<data id="49" value="7" xingshi="96060"/>
			<data id="50" value="17" xingshi="100020"/>
			<data id="51" value="7" xingshi="104060"/>
			<data id="52" value="7" xingshi="108180"/>
			<data id="53" value="7" xingshi="112380"/>
			<data id="54" value="7" xingshi="116660"/>		
			<data id="55" value="7" xingshi="121020"/>
			<data id="56" value="7" xingshi="125460"/>
			<data id="57" value="7" xingshi="129980"/>
			<data id="58" value="7" xingshi="134580"/>
			<data id="59" value="7" xingshi="139260"/>
			<data id="60" value="17" xingshi="144020"/>
			<data id="61" value="8" xingshi="148860"/>
			<data id="62" value="8" xingshi="153780"/>
			<data id="63" value="8" xingshi="158780"/>
			<data id="64" value="8" xingshi="163860"/>
			<data id="65" value="8" xingshi="169020"/>
			<data id="66" value="8" xingshi="174260"/>
			<data id="67" value="8" xingshi="179580"/>
			<data id="68" value="8" xingshi="184980"/>
			<data id="69" value="8" xingshi="190460"/>
			<data id="70" value="18" xingshi="196020"/>
			<data id="71" value="8" xingshi="201660"/>
			<data id="72" value="8" xingshi="207380"/>
			<data id="73" value="8" xingshi="213180"/>
			<data id="74" value="8" xingshi="219060"/>
			<data id="75" value="8" xingshi="225020"/>
			<data id="76" value="8" xingshi="231060"/>
			<data id="77" value="8" xingshi="237180"/>
			<data id="78" value="8" xingshi="243380"/>		
			<data id="79" value="8" xingshi="249660"/>
			<data id="80" value="18" xingshi="256020"/>
			<data id="81" value="8" xingshi="262460"/>
			<data id="82" value="8" xingshi="268980"/>
			<data id="83" value="8" xingshi="275580"/>
			<data id="84" value="8" xingshi="282260"/>
			<data id="85" value="8" xingshi="289020"/>
			<data id="86" value="8" xingshi="295860"/>
			<data id="87" value="8" xingshi="302780"/>
			<data id="88" value="8" xingshi="309780"/>
			<data id="89" value="8" xingshi="316860"/>
			<data id="90" value="28" xingshi="324020"/>
			<data id="91" value="8" xingshi="331260"/>
			<data id="92" value="8" xingshi="338580"/>
			<data id="93" value="8" xingshi="345980"/>
			<data id="94" value="8" xingshi="353460"/>
			<data id="95" value="8" xingshi="361020"/>
			<data id="96" value="8" xingshi="368660"/>
			<data id="97" value="8" xingshi="376380"/>
			<data id="98" value="8" xingshi="384180"/>
			<data id="99" value="8" xingshi="392060"/>
			<data id="100" value="28" xingshi="400020"/>	
	</constellation>
</star>