
 <!--
copy id                 副本ID
name                    副本名称
equipNum                装备件数
equipLv                 装备等级
equipQuality            装备品质  =2显示为绿装；3显示为蓝装；4显示为紫装；5显示为橙装
equipStrengthenLv       装备强化等级  =1显示为 强化+1；2显示为强化+2；3显示为强化+3......以此类推
fuwenNum                符文数量
fuwenlv                 符文等级
fuwenQuality            符文品质  =2显示为绿色符文；3显示为蓝色符文；4显示为紫色符文；5显示为橙色符文
constellationlv         星座等级（最高一项）
cultNum                 天赋值（最高一项）
physicalAttack          物理攻击
physicalDefend          物理防御
magicAttack             魔法攻击
magicDefend             魔法防御
critical                暴击
avoid                   闪避
tenacity                韧性
penetrate               必杀
hit                     命中
stem                    守护
-->

<check>
	<copy id="10033" name="夕暮山谷" equipnum="2" equiplv="10" equipquality="3" equipstrengthenlv="0" fuwennum="0" fuwenlv="0" fuwenquality="0" constellationlv="10" cultnum="30" physicalattack="0" physicaldefend="0" magicattack="0" magicdefend="0" critical="0" avoid="0" tenacity="0" penetrate="0" hit="0" stem="0"/>
	<copy id="10043" name="夕暮森林" equipnum="2" equiplv="10" equipquality="3" equipstrengthenlv="0" fuwennum="0" fuwenlv="0" fuwenquality="0" constellationlv="10" cultnum="30" physicalattack="0" physicaldefend="0" magicattack="0" magicdefend="0" critical="0" avoid="0" tenacity="0" penetrate="0" hit="0" stem="0"/>
	<copy id="10063" name="火山山洞" equipnum="2" equiplv="10" equipquality="3" equipstrengthenlv="1" fuwennum="0" fuwenlv="0" fuwenquality="0" constellationlv="10" cultnum="30" physicalattack="0" physicaldefend="0" magicattack="0" magicdefend="0" critical="0" avoid="0" tenacity="0" penetrate="0" hit="0" stem="0"/>
	<copy id="10073" name="废弃军营" equipnum="2" equiplv="10" equipquality="3" equipstrengthenlv="1" fuwennum="1" fuwenlv="1" fuwenquality="2" constellationlv="12" cultnum="35" physicalattack="0" physicaldefend="0" magicattack="0" magicdefend="0" critical="0" avoid="0" tenacity="0" penetrate="0" hit="0" stem="0"/>
	<copy id="10083" name="军营牢房" equipnum="2" equiplv="10" equipquality="3" equipstrengthenlv="1" fuwennum="1" fuwenlv="1" fuwenquality="2" constellationlv="12" cultnum="35" physicalattack="0" physicaldefend="0" magicattack="0" magicdefend="0" critical="0" avoid="0" tenacity="0" penetrate="0" hit="0" stem="0"/>
	<copy id="10092" name="夕暮墓地" equipnum="2" equiplv="10" equipquality="3" equipstrengthenlv="1" fuwennum="1" fuwenlv="1" fuwenquality="2" constellationlv="12" cultnum="35" physicalattack="0" physicaldefend="0" magicattack="0" magicdefend="0" critical="0" avoid="0" tenacity="0" penetrate="0" hit="0" stem="0"/>
	<copy id="10093" name="夕暮坟场" equipnum="3" equiplv="10" equipquality="3" equipstrengthenlv="1" fuwennum="1" fuwenlv="1" fuwenquality="2" constellationlv="14" cultnum="40" physicalattack="0" physicaldefend="0" magicattack="0" magicdefend="0" critical="0" avoid="0" tenacity="0" penetrate="0" hit="0" stem="0"/>
	<copy id="10111" name="港口仓库" equipnum="3" equiplv="10" equipquality="3" equipstrengthenlv="1" fuwennum="1" fuwenlv="1" fuwenquality="2" constellationlv="14" cultnum="40" physicalattack="0" physicaldefend="0" magicattack="0" magicdefend="0" critical="0" avoid="0" tenacity="0" penetrate="0" hit="0" stem="0"/>
	<copy id="10112" name="港口船坞" equipnum="3" equiplv="10" equipquality="3" equipstrengthenlv="1" fuwennum="1" fuwenlv="1" fuwenquality="2" constellationlv="14" cultnum="40" physicalattack="0" physicaldefend="0" magicattack="0" magicdefend="0" critical="0" avoid="0" tenacity="0" penetrate="0" hit="0" stem="0"/>
	<copy id="10113" name="雷鸣码头" equipnum="3" equiplv="10" equipquality="3" equipstrengthenlv="1" fuwennum="1" fuwenlv="1" fuwenquality="2" constellationlv="15" cultnum="45" physicalattack="0" physicaldefend="0" magicattack="0" magicdefend="0" critical="0" avoid="0" tenacity="0" penetrate="0" hit="0" stem="0"/>
	<copy id="10121" name="落日小路" equipnum="3" equiplv="10" equipquality="3" equipstrengthenlv="1" fuwennum="1" fuwenlv="1" fuwenquality="2" constellationlv="15" cultnum="45" physicalattack="0" physicaldefend="0" magicattack="0" magicdefend="0" critical="0" avoid="0" tenacity="0" penetrate="0" hit="0" stem="0"/>
	<copy id="10122" name="落日林群" equipnum="3" equiplv="10" equipquality="3" equipstrengthenlv="1" fuwennum="1" fuwenlv="1" fuwenquality="2" constellationlv="15" cultnum="45" physicalattack="0" physicaldefend="0" magicattack="0" magicdefend="0" critical="0" avoid="0" tenacity="0" penetrate="0" hit="0" stem="0"/>
	<copy id="10123" name="落日森林" equipnum="4" equiplv="10" equipquality="3" equipstrengthenlv="1" fuwennum="1" fuwenlv="1" fuwenquality="3" constellationlv="15" cultnum="50" physicalattack="0" physicaldefend="0" magicattack="0" magicdefend="0" critical="0" avoid="0" tenacity="0" penetrate="0" hit="0" stem="0"/>
	<copy id="10131" name="断壁城墙" equipnum="4" equiplv="10" equipquality="3" equipstrengthenlv="1" fuwennum="1" fuwenlv="1" fuwenquality="3" constellationlv="15" cultnum="50" physicalattack="0" physicaldefend="0" magicattack="0" magicdefend="0" critical="0" avoid="0" tenacity="0" penetrate="0" hit="0" stem="0"/>
	<copy id="10132" name="残垣遗迹" equipnum="4" equiplv="10" equipquality="3" equipstrengthenlv="1" fuwennum="1" fuwenlv="1" fuwenquality="3" constellationlv="15" cultnum="50" physicalattack="0" physicaldefend="0" magicattack="0" magicdefend="0" critical="0" avoid="0" tenacity="0" penetrate="0" hit="0" stem="0"/>
	<copy id="10133" name="古城废墟" equipnum="5" equiplv="10" equipquality="3" equipstrengthenlv="1" fuwennum="1" fuwenlv="1" fuwenquality="3" constellationlv="15" cultnum="55" physicalattack="0" physicaldefend="0" magicattack="0" magicdefend="0" critical="0" avoid="0" tenacity="0" penetrate="0" hit="0" stem="0"/>
	<copy id="10141" name="山洞入口" equipnum="5" equiplv="10" equipquality="3" equipstrengthenlv="1" fuwennum="1" fuwenlv="2" fuwenquality="2" constellationlv="15" cultnum="55" physicalattack="0" physicaldefend="0" magicattack="0" magicdefend="0" critical="0" avoid="0" tenacity="0" penetrate="0" hit="0" stem="0"/>
	<copy id="10142" name="阴深洞穴" equipnum="5" equiplv="10" equipquality="3" equipstrengthenlv="1" fuwennum="1" fuwenlv="2" fuwenquality="2" constellationlv="15" cultnum="55" physicalattack="0" physicaldefend="0" magicattack="0" magicdefend="0" critical="0" avoid="0" tenacity="0" penetrate="0" hit="0" stem="0"/>
	<copy id="10143" name="银狼山洞" equipnum="6" equiplv="10" equipquality="3" equipstrengthenlv="1" fuwennum="1" fuwenlv="2" fuwenquality="2" constellationlv="15" cultnum="60" physicalattack="0" physicaldefend="0" magicattack="0" magicdefend="0" critical="0" avoid="0" tenacity="0" penetrate="0" hit="0" stem="0"/>
	<copy id="10151" name="西瓦山角" equipnum="2" equiplv="20" equipquality="3" equipstrengthenlv="1" fuwennum="1" fuwenlv="2" fuwenquality="2" constellationlv="20" cultnum="60" physicalattack="0" physicaldefend="0" magicattack="0" magicdefend="0" critical="0" avoid="0" tenacity="0" penetrate="0" hit="0" stem="0"/>
	<copy id="10152" name="山脉枢纽" equipnum="2" equiplv="20" equipquality="3" equipstrengthenlv="1" fuwennum="1" fuwenlv="2" fuwenquality="2" constellationlv="20" cultnum="60" physicalattack="0" physicaldefend="0" magicattack="0" magicdefend="0" critical="0" avoid="0" tenacity="0" penetrate="0" hit="0" stem="0"/>
	<copy id="10153" name="西瓦山脉" equipnum="3" equiplv="20" equipquality="3" equipstrengthenlv="1" fuwennum="1" fuwenlv="2" fuwenquality="2" constellationlv="20" cultnum="70" physicalattack="0" physicaldefend="0" magicattack="0" magicdefend="0" critical="0" avoid="0" tenacity="0" penetrate="0" hit="0" stem="0"/>
	<copy id="10161" name="地穴入口" equipnum="3" equiplv="20" equipquality="3" equipstrengthenlv="1" fuwennum="1" fuwenlv="2" fuwenquality="2" constellationlv="20" cultnum="70" physicalattack="0" physicaldefend="0" magicattack="0" magicdefend="0" critical="0" avoid="0" tenacity="0" penetrate="0" hit="0" stem="0"/>
	<copy id="10162" name="恐惧洞穴" equipnum="3" equiplv="20" equipquality="3" equipstrengthenlv="1" fuwennum="1" fuwenlv="2" fuwenquality="2" constellationlv="20" cultnum="70" physicalattack="0" physicaldefend="0" magicattack="0" magicdefend="0" critical="0" avoid="0" tenacity="0" penetrate="0" hit="0" stem="0"/>
	<copy id="10163" name="地底暗洞" equipnum="4" equiplv="20" equipquality="3" equipstrengthenlv="2" fuwennum="1" fuwenlv="2" fuwenquality="2" constellationlv="20" cultnum="80" physicalattack="0" physicaldefend="0" magicattack="0" magicdefend="0" critical="0" avoid="0" tenacity="0" penetrate="0" hit="0" stem="0"/>
	<copy id="10171" name="低洼小路" equipnum="4" equiplv="20" equipquality="3" equipstrengthenlv="2" fuwennum="1" fuwenlv="2" fuwenquality="2" constellationlv="20" cultnum="80" physicalattack="0" physicaldefend="0" magicattack="0" magicdefend="0" critical="0" avoid="0" tenacity="0" penetrate="0" hit="0" stem="0"/>
	<copy id="10172" name="泞泥湿地" equipnum="4" equiplv="20" equipquality="3" equipstrengthenlv="2" fuwennum="1" fuwenlv="2" fuwenquality="2" constellationlv="20" cultnum="80" physicalattack="0" physicaldefend="0" magicattack="0" magicdefend="0" critical="0" avoid="0" tenacity="0" penetrate="0" hit="0" stem="0"/>
	<copy id="10173" name="卡里穆尔沼泽" equipnum="5" equiplv="20" equipquality="3" equipstrengthenlv="2" fuwennum="2" fuwenlv="2" fuwenquality="3" constellationlv="25" cultnum="90" physicalattack="0" physicaldefend="0" magicattack="0" magicdefend="0" critical="0" avoid="0" tenacity="0" penetrate="0" hit="0" stem="0"/>
	<copy id="10181" name="东面壕沟" equipnum="5" equiplv="20" equipquality="3" equipstrengthenlv="2" fuwennum="2" fuwenlv="2" fuwenquality="3" constellationlv="25" cultnum="90" physicalattack="0" physicaldefend="0" magicattack="0" magicdefend="0" critical="0" avoid="0" tenacity="0" penetrate="0" hit="0" stem="0"/>
	<copy id="10182" name="西面壕沟" equipnum="5" equiplv="20" equipquality="3" equipstrengthenlv="2" fuwennum="2" fuwenlv="2" fuwenquality="3" constellationlv="25" cultnum="90" physicalattack="0" physicaldefend="0" magicattack="0" magicdefend="0" critical="0" avoid="0" tenacity="0" penetrate="0" hit="0" stem="0"/>
	<copy id="10183" name="战争壕沟" equipnum="6" equiplv="20" equipquality="3" equipstrengthenlv="3" fuwennum="2" fuwenlv="2" fuwenquality="3" constellationlv="25" cultnum="100" physicalattack="0" physicaldefend="0" magicattack="0" magicdefend="0" critical="0" avoid="0" tenacity="0" penetrate="0" hit="0" stem="0"/>
	<copy id="10191" name="北方军营" equipnum="6" equiplv="20" equipquality="3" equipstrengthenlv="3" fuwennum="2" fuwenlv="2" fuwenquality="3" constellationlv="25" cultnum="100" physicalattack="0" physicaldefend="0" magicattack="0" magicdefend="0" critical="0" avoid="0" tenacity="0" penetrate="0" hit="0" stem="0"/>
	<copy id="10192" name="军营驻地" equipnum="6" equiplv="20" equipquality="3" equipstrengthenlv="3" fuwennum="2" fuwenlv="2" fuwenquality="3" constellationlv="25" cultnum="100" physicalattack="0" physicaldefend="0" magicattack="0" magicdefend="0" critical="0" avoid="0" tenacity="0" penetrate="0" hit="0" stem="0"/>
	<copy id="10193" name="战争军营" equipnum="7" equiplv="20" equipquality="3" equipstrengthenlv="3" fuwennum="2" fuwenlv="2" fuwenquality="3" constellationlv="25" cultnum="110" physicalattack="0" physicaldefend="0" magicattack="0" magicdefend="0" critical="0" avoid="0" tenacity="0" penetrate="0" hit="0" stem="0"/>
	<copy id="10211" name="玫瑰海岸线" equipnum="7" equiplv="20" equipquality="3" equipstrengthenlv="3" fuwennum="2" fuwenlv="2" fuwenquality="3" constellationlv="25" cultnum="110" physicalattack="0" physicaldefend="0" magicattack="0" magicdefend="0" critical="0" avoid="0" tenacity="0" penetrate="0" hit="0" stem="0"/>
	<copy id="10212" name="黄金海岸线" equipnum="7" equiplv="20" equipquality="3" equipstrengthenlv="3" fuwennum="2" fuwenlv="2" fuwenquality="3" constellationlv="25" cultnum="110" physicalattack="0" physicaldefend="0" magicattack="0" magicdefend="0" critical="0" avoid="0" tenacity="0" penetrate="0" hit="0" stem="0"/>
	<copy id="10213" name="卡帕海岸" equipnum="8" equiplv="20" equipquality="3" equipstrengthenlv="3" fuwennum="2" fuwenlv="3" fuwenquality="3" constellationlv="25" cultnum="120" physicalattack="0" physicaldefend="0" magicattack="0" magicdefend="0" critical="0" avoid="0" tenacity="0" penetrate="0" hit="0" stem="0"/>
	<copy id="10221" name="罗泽兰左翼舰" equipnum="8" equiplv="20" equipquality="3" equipstrengthenlv="3" fuwennum="2" fuwenlv="3" fuwenquality="3" constellationlv="25" cultnum="120" physicalattack="0" physicaldefend="0" magicattack="0" magicdefend="0" critical="0" avoid="0" tenacity="0" penetrate="0" hit="0" stem="0"/>
	<copy id="10222" name="罗泽兰右翼舰" equipnum="8" equiplv="20" equipquality="3" equipstrengthenlv="4" fuwennum="2" fuwenlv="3" fuwenquality="3" constellationlv="25" cultnum="120" physicalattack="0" physicaldefend="0" magicattack="0" magicdefend="0" critical="0" avoid="0" tenacity="0" penetrate="0" hit="0" stem="0"/>
	<copy id="10223" name="罗泽兰海盗船" equipnum="9" equiplv="20" equipquality="3" equipstrengthenlv="4" fuwennum="2" fuwenlv="3" fuwenquality="3" constellationlv="25" cultnum="140" physicalattack="0" physicaldefend="0" magicattack="0" magicdefend="0" critical="0" avoid="0" tenacity="0" penetrate="0" hit="0" stem="0"/>
	<copy id="10231" name="哈罗海岸" equipnum="9" equiplv="20" equipquality="3" equipstrengthenlv="4" fuwennum="2" fuwenlv="3" fuwenquality="3" constellationlv="25" cultnum="140" physicalattack="0" physicaldefend="0" magicattack="0" magicdefend="0" critical="0" avoid="0" tenacity="0" penetrate="0" hit="0" stem="0"/>
	<copy id="10232" name="岛屿中心" equipnum="1" equiplv="30" equipquality="3" equipstrengthenlv="4" fuwennum="2" fuwenlv="2" fuwenquality="4" constellationlv="30" cultnum="140" physicalattack="0" physicaldefend="0" magicattack="0" magicdefend="0" critical="0" avoid="0" tenacity="0" penetrate="0" hit="0" stem="0"/>
	<copy id="10233" name="哈罗岛屿" equipnum="2" equiplv="30" equipquality="3" equipstrengthenlv="4" fuwennum="2" fuwenlv="2" fuwenquality="4" constellationlv="30" cultnum="160" physicalattack="0" physicaldefend="0" magicattack="0" magicdefend="0" critical="0" avoid="0" tenacity="0" penetrate="0" hit="0" stem="0"/>
	<copy id="10241" name="空谷幽兰" equipnum="2" equiplv="30" equipquality="3" equipstrengthenlv="4" fuwennum="2" fuwenlv="2" fuwenquality="4" constellationlv="30" cultnum="160" physicalattack="0" physicaldefend="0" magicattack="0" magicdefend="0" critical="0" avoid="0" tenacity="0" penetrate="0" hit="0" stem="0"/>
	<copy id="10242" name="绿色山涧" equipnum="2" equiplv="30" equipquality="3" equipstrengthenlv="4" fuwennum="2" fuwenlv="2" fuwenquality="4" constellationlv="30" cultnum="160" physicalattack="0" physicaldefend="0" magicattack="0" magicdefend="0" critical="0" avoid="0" tenacity="0" penetrate="0" hit="0" stem="0"/>
	<copy id="10243" name="精灵山谷" equipnum="3" equiplv="30" equipquality="3" equipstrengthenlv="4" fuwennum="2" fuwenlv="2" fuwenquality="4" constellationlv="30" cultnum="180" physicalattack="0" physicaldefend="0" magicattack="0" magicdefend="0" critical="0" avoid="0" tenacity="0" penetrate="0" hit="0" stem="0"/>
	<copy id="10251" name="东部之墙" equipnum="3" equiplv="30" equipquality="3" equipstrengthenlv="4" fuwennum="2" fuwenlv="2" fuwenquality="4" constellationlv="30" cultnum="180" physicalattack="0" physicaldefend="0" magicattack="0" magicdefend="0" critical="0" avoid="0" tenacity="0" penetrate="0" hit="0" stem="0"/>
	<copy id="10252" name="莱尔险峰" equipnum="3" equiplv="30" equipquality="3" equipstrengthenlv="4" fuwennum="2" fuwenlv="2" fuwenquality="4" constellationlv="30" cultnum="180" physicalattack="0" physicaldefend="0" magicattack="0" magicdefend="0" critical="0" avoid="0" tenacity="0" penetrate="0" hit="0" stem="0"/>
	<copy id="10253" name="莱尔山脉" equipnum="4" equiplv="30" equipquality="3" equipstrengthenlv="5" fuwennum="3" fuwenlv="2" fuwenquality="4" constellationlv="30" cultnum="200" physicalattack="0" physicaldefend="0" magicattack="0" magicdefend="0" critical="0" avoid="0" tenacity="0" penetrate="0" hit="0" stem="0"/>
	<copy id="10261" name="上古栖息地" equipnum="4" equiplv="30" equipquality="3" equipstrengthenlv="5" fuwennum="3" fuwenlv="2" fuwenquality="4" constellationlv="30" cultnum="200" physicalattack="0" physicaldefend="0" magicattack="0" magicdefend="0" critical="0" avoid="0" tenacity="0" penetrate="0" hit="0" stem="0"/>
	<copy id="10262" name="龙息裂痕" equipnum="4" equiplv="30" equipquality="3" equipstrengthenlv="5" fuwennum="3" fuwenlv="2" fuwenquality="4" constellationlv="30" cultnum="200" physicalattack="0" physicaldefend="0" magicattack="0" magicdefend="0" critical="0" avoid="0" tenacity="0" penetrate="0" hit="0" stem="0"/>
	<copy id="10263" name="龙之谷" equipnum="5" equiplv="30" equipquality="3" equipstrengthenlv="5" fuwennum="3" fuwenlv="2" fuwenquality="4" constellationlv="30" cultnum="220" physicalattack="0" physicaldefend="0" magicattack="0" magicdefend="0" critical="0" avoid="0" tenacity="0" penetrate="0" hit="0" stem="0"/>
	<copy id="10271" name="绿带森林" equipnum="5" equiplv="30" equipquality="3" equipstrengthenlv="5" fuwennum="3" fuwenlv="2" fuwenquality="4" constellationlv="30" cultnum="220" physicalattack="0" physicaldefend="0" magicattack="0" magicdefend="0" critical="0" avoid="0" tenacity="0" penetrate="0" hit="0" stem="0"/>
	<copy id="10272" name="翡翠栖息地" equipnum="5" equiplv="30" equipquality="3" equipstrengthenlv="5" fuwennum="3" fuwenlv="2" fuwenquality="4" constellationlv="30" cultnum="220" physicalattack="0" physicaldefend="0" magicattack="0" magicdefend="0" critical="0" avoid="0" tenacity="0" penetrate="0" hit="0" stem="0"/>
	<copy id="10273" name="生命密林" equipnum="6" equiplv="30" equipquality="3" equipstrengthenlv="5" fuwennum="3" fuwenlv="3" fuwenquality="4" constellationlv="35" cultnum="240" physicalattack="0" physicaldefend="0" magicattack="0" magicdefend="0" critical="0" avoid="0" tenacity="0" penetrate="0" hit="0" stem="0"/>
	<copy id="10281" name="北方战线" equipnum="6" equiplv="30" equipquality="3" equipstrengthenlv="5" fuwennum="3" fuwenlv="3" fuwenquality="4" constellationlv="35" cultnum="240" physicalattack="0" physicaldefend="0" magicattack="0" magicdefend="0" critical="0" avoid="0" tenacity="0" penetrate="0" hit="0" stem="0"/>
	<copy id="10282" name="西方战线" equipnum="6" equiplv="30" equipquality="3" equipstrengthenlv="5" fuwennum="3" fuwenlv="3" fuwenquality="4" constellationlv="35" cultnum="240" physicalattack="0" physicaldefend="0" magicattack="0" magicdefend="0" critical="0" avoid="0" tenacity="0" penetrate="0" hit="0" stem="0"/>
	<copy id="10283" name="克里兰特战场" equipnum="7" equiplv="30" equipquality="3" equipstrengthenlv="6" fuwennum="3" fuwenlv="3" fuwenquality="4" constellationlv="35" cultnum="260" physicalattack="0" physicaldefend="0" magicattack="0" magicdefend="0" critical="0" avoid="0" tenacity="0" penetrate="0" hit="0" stem="0"/>
	<copy id="10291" name="岩洞入口" equipnum="7" equiplv="30" equipquality="3" equipstrengthenlv="6" fuwennum="3" fuwenlv="3" fuwenquality="4" constellationlv="35" cultnum="260" physicalattack="0" physicaldefend="0" magicattack="0" magicdefend="0" critical="0" avoid="0" tenacity="0" penetrate="0" hit="0" stem="0"/>
	<copy id="10292" name="寒冷洞窟" equipnum="7" equiplv="30" equipquality="3" equipstrengthenlv="6" fuwennum="3" fuwenlv="3" fuwenquality="4" constellationlv="35" cultnum="260" physicalattack="0" physicaldefend="0" magicattack="0" magicdefend="0" critical="0" avoid="0" tenacity="0" penetrate="0" hit="0" stem="0"/>
	<copy id="10293" name="寒冰岩洞" equipnum="8" equiplv="30" equipquality="3" equipstrengthenlv="6" fuwennum="4" fuwenlv="3" fuwenquality="4" constellationlv="35" cultnum="280" physicalattack="0" physicaldefend="0" magicattack="0" magicdefend="0" critical="0" avoid="0" tenacity="0" penetrate="0" hit="0" stem="0"/>
	<copy id="10311" name="贤者望台" equipnum="8" equiplv="30" equipquality="3" equipstrengthenlv="6" fuwennum="4" fuwenlv="3" fuwenquality="4" constellationlv="35" cultnum="280" physicalattack="0" physicaldefend="0" magicattack="0" magicdefend="0" critical="0" avoid="0" tenacity="0" penetrate="0" hit="0" stem="0"/>
	<copy id="10312" name="山巅望台" equipnum="8" equiplv="30" equipquality="3" equipstrengthenlv="6" fuwennum="4" fuwenlv="3" fuwenquality="4" constellationlv="35" cultnum="280" physicalattack="0" physicaldefend="0" magicattack="0" magicdefend="0" critical="0" avoid="0" tenacity="0" penetrate="0" hit="0" stem="0"/>
	<copy id="10313" name="归宿之崖" equipnum="9" equiplv="30" equipquality="3" equipstrengthenlv="6" fuwennum="4" fuwenlv="3" fuwenquality="4" constellationlv="35" cultnum="300" physicalattack="0" physicaldefend="0" magicattack="0" magicdefend="0" critical="0" avoid="0" tenacity="0" penetrate="0" hit="0" stem="0"/>
	<copy id="10321" name="痛苦平原" equipnum="9" equiplv="30" equipquality="3" equipstrengthenlv="6" fuwennum="4" fuwenlv="3" fuwenquality="4" constellationlv="35" cultnum="300" physicalattack="0" physicaldefend="0" magicattack="0" magicdefend="0" critical="0" avoid="0" tenacity="0" penetrate="0" hit="0" stem="0"/>
	<copy id="10322" name="雾气荒原" equipnum="9" equiplv="30" equipquality="3" equipstrengthenlv="6" fuwennum="4" fuwenlv="3" fuwenquality="4" constellationlv="35" cultnum="300" physicalattack="0" physicaldefend="0" magicattack="0" magicdefend="0" critical="0" avoid="0" tenacity="0" penetrate="0" hit="0" stem="0"/>
	<copy id="10323" name="磁莫尔荒原" equipnum="10" equiplv="30" equipquality="3" equipstrengthenlv="6" fuwennum="4" fuwenlv="3" fuwenquality="4" constellationlv="35" cultnum="310" physicalattack="0" physicaldefend="0" magicattack="0" magicdefend="0" critical="0" avoid="0" tenacity="0" penetrate="0" hit="0" stem="0"/>
	<copy id="10331" name="冰石山谷" equipnum="10" equiplv="30" equipquality="3" equipstrengthenlv="6" fuwennum="4" fuwenlv="3" fuwenquality="4" constellationlv="35" cultnum="310" physicalattack="0" physicaldefend="0" magicattack="0" magicdefend="0" critical="0" avoid="0" tenacity="0" penetrate="0" hit="0" stem="0"/>
	<copy id="10332" name="寒脊山谷" equipnum="10" equiplv="30" equipquality="3" equipstrengthenlv="6" fuwennum="4" fuwenlv="3" fuwenquality="4" constellationlv="40" cultnum="310" physicalattack="0" physicaldefend="0" magicattack="0" magicdefend="0" critical="0" avoid="0" tenacity="0" penetrate="0" hit="0" stem="0"/>
	<copy id="10333" name="卡隆多冰原" equipnum="1" equiplv="40" equipquality="3" equipstrengthenlv="6" fuwennum="4" fuwenlv="4" fuwenquality="4" constellationlv="40" cultnum="320" physicalattack="0" physicaldefend="0" magicattack="0" magicdefend="0" critical="0" avoid="0" tenacity="0" penetrate="0" hit="0" stem="0"/>
	<copy id="10341" name="凛冬长城" equipnum="1" equiplv="40" equipquality="3" equipstrengthenlv="6" fuwennum="4" fuwenlv="4" fuwenquality="4" constellationlv="40" cultnum="320" physicalattack="0" physicaldefend="0" magicattack="0" magicdefend="0" critical="0" avoid="0" tenacity="0" penetrate="0" hit="0" stem="0"/>
	<copy id="10342" name="北境长城" equipnum="1" equiplv="40" equipquality="3" equipstrengthenlv="6" fuwennum="4" fuwenlv="4" fuwenquality="4" constellationlv="40" cultnum="320" physicalattack="0" physicaldefend="0" magicattack="0" magicdefend="0" critical="0" avoid="0" tenacity="0" penetrate="0" hit="0" stem="0"/>
	<copy id="10343" name="绝壁防线" equipnum="2" equiplv="40" equipquality="3" equipstrengthenlv="6" fuwennum="4" fuwenlv="4" fuwenquality="4" constellationlv="40" cultnum="330" physicalattack="0" physicaldefend="0" magicattack="0" magicdefend="0" critical="0" avoid="0" tenacity="0" penetrate="0" hit="0" stem="0"/>
	<copy id="10351" name="冰雪走廊" equipnum="2" equiplv="40" equipquality="3" equipstrengthenlv="6" fuwennum="4" fuwenlv="4" fuwenquality="4" constellationlv="40" cultnum="330" physicalattack="0" physicaldefend="0" magicattack="0" magicdefend="0" critical="0" avoid="0" tenacity="0" penetrate="0" hit="0" stem="0"/>
	<copy id="10352" name="天然瞭望台" equipnum="2" equiplv="40" equipquality="3" equipstrengthenlv="6" fuwennum="4" fuwenlv="4" fuwenquality="4" constellationlv="40" cultnum="330" physicalattack="0" physicaldefend="0" magicattack="0" magicdefend="0" critical="0" avoid="0" tenacity="0" penetrate="0" hit="0" stem="0"/>
	<copy id="10353" name="绝壁悬崖" equipnum="3" equiplv="40" equipquality="3" equipstrengthenlv="6" fuwennum="4" fuwenlv="4" fuwenquality="4" constellationlv="40" cultnum="340" physicalattack="0" physicaldefend="0" magicattack="0" magicdefend="0" critical="0" avoid="0" tenacity="0" penetrate="0" hit="0" stem="0"/>
	<copy id="10361" name="领地哨岗" equipnum="3" equiplv="40" equipquality="3" equipstrengthenlv="6" fuwennum="4" fuwenlv="4" fuwenquality="4" constellationlv="40" cultnum="340" physicalattack="0" physicaldefend="0" magicattack="0" magicdefend="0" critical="0" avoid="0" tenacity="0" penetrate="0" hit="0" stem="0"/>
	<copy id="10362" name="领地防线" equipnum="3" equiplv="40" equipquality="3" equipstrengthenlv="6" fuwennum="4" fuwenlv="4" fuwenquality="4" constellationlv="40" cultnum="340" physicalattack="0" physicaldefend="0" magicattack="0" magicdefend="0" critical="0" avoid="0" tenacity="0" penetrate="0" hit="0" stem="0"/>
	<copy id="10363" name="半兽人领地" equipnum="4" equiplv="40" equipquality="3" equipstrengthenlv="7" fuwennum="5" fuwenlv="4" fuwenquality="4" constellationlv="40" cultnum="350" physicalattack="0" physicaldefend="0" magicattack="0" magicdefend="0" critical="0" avoid="0" tenacity="0" penetrate="0" hit="0" stem="0"/>
	<copy id="10371" name="部落哨岗" equipnum="4" equiplv="40" equipquality="3" equipstrengthenlv="7" fuwennum="5" fuwenlv="4" fuwenquality="4" constellationlv="40" cultnum="350" physicalattack="0" physicaldefend="0" magicattack="0" magicdefend="0" critical="0" avoid="0" tenacity="0" penetrate="0" hit="0" stem="0"/>
	<copy id="10372" name="部落防线" equipnum="4" equiplv="40" equipquality="3" equipstrengthenlv="7" fuwennum="5" fuwenlv="4" fuwenquality="4" constellationlv="40" cultnum="350" physicalattack="0" physicaldefend="0" magicattack="0" magicdefend="0" critical="0" avoid="0" tenacity="0" penetrate="0" hit="0" stem="0"/>
	<copy id="10373" name="地精部落" equipnum="5" equiplv="40" equipquality="3" equipstrengthenlv="7" fuwennum="5" fuwenlv="4" fuwenquality="4" constellationlv="45" cultnum="360" physicalattack="0" physicaldefend="0" magicattack="0" magicdefend="0" critical="0" avoid="0" tenacity="0" penetrate="0" hit="0" stem="0"/>
	<copy id="10381" name="湿地沼泽" equipnum="5" equiplv="40" equipquality="3" equipstrengthenlv="7" fuwennum="5" fuwenlv="4" fuwenquality="4" constellationlv="45" cultnum="360" physicalattack="0" physicaldefend="0" magicattack="0" magicdefend="0" critical="0" avoid="0" tenacity="0" penetrate="0" hit="0" stem="0"/>
	<copy id="10382" name="幽暗沼泽" equipnum="5" equiplv="40" equipquality="3" equipstrengthenlv="7" fuwennum="5" fuwenlv="4" fuwenquality="4" constellationlv="45" cultnum="360" physicalattack="0" physicaldefend="0" magicattack="0" magicdefend="0" critical="0" avoid="0" tenacity="0" penetrate="0" hit="0" stem="0"/>
	<copy id="10383" name="阴暗沼泽" equipnum="6" equiplv="40" equipquality="3" equipstrengthenlv="7" fuwennum="5" fuwenlv="4" fuwenquality="4" constellationlv="45" cultnum="370" physicalattack="0" physicaldefend="0" magicattack="0" magicdefend="0" critical="0" avoid="0" tenacity="0" penetrate="0" hit="0" stem="0"/>
	<copy id="10391" name="冰川洞穴" equipnum="6" equiplv="40" equipquality="3" equipstrengthenlv="7" fuwennum="5" fuwenlv="4" fuwenquality="4" constellationlv="45" cultnum="370" physicalattack="0" physicaldefend="0" magicattack="0" magicdefend="0" critical="0" avoid="0" tenacity="0" penetrate="0" hit="0" stem="0"/>
	<copy id="10392" name="洞穴通道" equipnum="6" equiplv="40" equipquality="3" equipstrengthenlv="7" fuwennum="5" fuwenlv="4" fuwenquality="4" constellationlv="45" cultnum="370" physicalattack="0" physicaldefend="0" magicattack="0" magicdefend="0" critical="0" avoid="0" tenacity="0" penetrate="0" hit="0" stem="0"/>
	<copy id="10393" name="黑精灵洞穴" equipnum="7" equiplv="40" equipquality="3" equipstrengthenlv="7" fuwennum="6" fuwenlv="4" fuwenquality="4" constellationlv="45" cultnum="380" physicalattack="0" physicaldefend="0" magicattack="0" magicdefend="0" critical="0" avoid="0" tenacity="0" penetrate="0" hit="0" stem="0"/>
	<copy id="10411" name="废弃村庄" equipnum="7" equiplv="40" equipquality="3" equipstrengthenlv="7" fuwennum="6" fuwenlv="4" fuwenquality="4" constellationlv="45" cultnum="380" physicalattack="0" physicaldefend="0" magicattack="0" magicdefend="0" critical="0" avoid="0" tenacity="0" penetrate="0" hit="0" stem="0"/>
	<copy id="10412" name="凌乱街道" equipnum="7" equiplv="40" equipquality="3" equipstrengthenlv="7" fuwennum="6" fuwenlv="4" fuwenquality="4" constellationlv="45" cultnum="380" physicalattack="0" physicaldefend="0" magicattack="0" magicdefend="0" critical="0" avoid="0" tenacity="0" penetrate="0" hit="0" stem="0"/>
	<copy id="10413" name="瘟疫村落" equipnum="8" equiplv="40" equipquality="3" equipstrengthenlv="8" fuwennum="6" fuwenlv="4" fuwenquality="4" constellationlv="45" cultnum="390" physicalattack="0" physicaldefend="0" magicattack="0" magicdefend="0" critical="0" avoid="0" tenacity="0" penetrate="0" hit="0" stem="0"/>
	<copy id="10421" name="裂痕峡谷" equipnum="8" equiplv="40" equipquality="3" equipstrengthenlv="8" fuwennum="6" fuwenlv="4" fuwenquality="4" constellationlv="45" cultnum="390" physicalattack="0" physicaldefend="0" magicattack="0" magicdefend="0" critical="0" avoid="0" tenacity="0" penetrate="0" hit="0" stem="0"/>
	<copy id="10422" name="峡谷通道" equipnum="8" equiplv="40" equipquality="3" equipstrengthenlv="8" fuwennum="6" fuwenlv="4" fuwenquality="4" constellationlv="45" cultnum="390" physicalattack="0" physicaldefend="0" magicattack="0" magicdefend="0" critical="0" avoid="0" tenacity="0" penetrate="0" hit="0" stem="0"/>
	<copy id="10423" name="死亡峡谷" equipnum="9" equiplv="40" equipquality="3" equipstrengthenlv="8" fuwennum="6" fuwenlv="5" fuwenquality="4" constellationlv="45" cultnum="400" physicalattack="0" physicaldefend="0" magicattack="0" magicdefend="0" critical="0" avoid="0" tenacity="0" penetrate="0" hit="0" stem="0"/>
	<copy id="10431" name="荆棘湿地" equipnum="9" equiplv="40" equipquality="3" equipstrengthenlv="8" fuwennum="6" fuwenlv="5" fuwenquality="4" constellationlv="45" cultnum="400" physicalattack="0" physicaldefend="0" magicattack="0" magicdefend="0" critical="0" avoid="0" tenacity="0" penetrate="0" hit="0" stem="0"/>
	<copy id="10432" name="紫罗兰湿地" equipnum="9" equiplv="40" equipquality="3" equipstrengthenlv="8" fuwennum="6" fuwenlv="5" fuwenquality="4" constellationlv="45" cultnum="400" physicalattack="0" physicaldefend="0" magicattack="0" magicdefend="0" critical="0" avoid="0" tenacity="0" penetrate="0" hit="0" stem="0"/>
	<copy id="10433" name="荆棘密林" equipnum="10" equiplv="40" equipquality="3" equipstrengthenlv="8" fuwennum="6" fuwenlv="5" fuwenquality="4" constellationlv="45" cultnum="410" physicalattack="0" physicaldefend="0" magicattack="0" magicdefend="0" critical="0" avoid="0" tenacity="0" penetrate="0" hit="0" stem="0"/>
	<copy id="10441" name="寂静废墟" equipnum="10" equiplv="40" equipquality="3" equipstrengthenlv="8" fuwennum="6" fuwenlv="5" fuwenquality="4" constellationlv="45" cultnum="410" physicalattack="0" physicaldefend="0" magicattack="0" magicdefend="0" critical="0" avoid="0" tenacity="0" penetrate="0" hit="0" stem="0"/>
	<copy id="10442" name="亡者废墟" equipnum="10" equiplv="40" equipquality="3" equipstrengthenlv="8" fuwennum="6" fuwenlv="5" fuwenquality="4" constellationlv="45" cultnum="410" physicalattack="0" physicaldefend="0" magicattack="0" magicdefend="0" critical="0" avoid="0" tenacity="0" penetrate="0" hit="0" stem="0"/>
	<copy id="10443" name="亡灵结界" equipnum="1" equiplv="50" equipquality="3" equipstrengthenlv="8" fuwennum="7" fuwenlv="5" fuwenquality="4" constellationlv="50" cultnum="420" physicalattack="0" physicaldefend="0" magicattack="0" magicdefend="0" critical="0" avoid="0" tenacity="0" penetrate="0" hit="0" stem="0"/>
	<copy id="10451" name="圣光殿堂" equipnum="1" equiplv="50" equipquality="3" equipstrengthenlv="8" fuwennum="7" fuwenlv="5" fuwenquality="4" constellationlv="50" cultnum="420" physicalattack="0" physicaldefend="0" magicattack="0" magicdefend="0" critical="0" avoid="0" tenacity="0" penetrate="0" hit="0" stem="0"/>
	<copy id="10452" name="惩戒殿堂" equipnum="1" equiplv="50" equipquality="3" equipstrengthenlv="8" fuwennum="7" fuwenlv="5" fuwenquality="4" constellationlv="50" cultnum="420" physicalattack="0" physicaldefend="0" magicattack="0" magicdefend="0" critical="0" avoid="0" tenacity="0" penetrate="0" hit="0" stem="0"/>
	<copy id="10453" name="骑士圣殿" equipnum="2" equiplv="50" equipquality="3" equipstrengthenlv="9" fuwennum="7" fuwenlv="5" fuwenquality="4" constellationlv="50" cultnum="430" physicalattack="0" physicaldefend="0" magicattack="0" magicdefend="0" critical="0" avoid="0" tenacity="0" penetrate="0" hit="0" stem="0"/>
	<copy id="10461" name="冥想殿堂" equipnum="2" equiplv="50" equipquality="3" equipstrengthenlv="9" fuwennum="7" fuwenlv="5" fuwenquality="4" constellationlv="50" cultnum="430" physicalattack="0" physicaldefend="0" magicattack="0" magicdefend="0" critical="0" avoid="0" tenacity="0" penetrate="0" hit="0" stem="0"/>
	<copy id="10462" name="克里克教堂" equipnum="2" equiplv="50" equipquality="3" equipstrengthenlv="9" fuwennum="7" fuwenlv="5" fuwenquality="4" constellationlv="50" cultnum="430" physicalattack="0" physicaldefend="0" magicattack="0" magicdefend="0" critical="0" avoid="0" tenacity="0" penetrate="0" hit="0" stem="0"/>
	<copy id="10463" name="魔法师工会" equipnum="3" equiplv="50" equipquality="3" equipstrengthenlv="9" fuwennum="7" fuwenlv="5" fuwenquality="4" constellationlv="50" cultnum="440" physicalattack="0" physicaldefend="0" magicattack="0" magicdefend="0" critical="0" avoid="0" tenacity="0" penetrate="0" hit="0" stem="0"/>
	<copy id="10471" name="无尽沙漠" equipnum="3" equiplv="50" equipquality="3" equipstrengthenlv="9" fuwennum="7" fuwenlv="5" fuwenquality="4" constellationlv="50" cultnum="440" physicalattack="0" physicaldefend="0" magicattack="0" magicdefend="0" critical="0" avoid="0" tenacity="0" penetrate="0" hit="0" stem="0"/>
	<copy id="10472" name="沙漠平原" equipnum="3" equiplv="50" equipquality="3" equipstrengthenlv="9" fuwennum="7" fuwenlv="5" fuwenquality="4" constellationlv="50" cultnum="440" physicalattack="0" physicaldefend="0" magicattack="0" magicdefend="0" critical="0" avoid="0" tenacity="0" penetrate="0" hit="0" stem="0"/>
	<copy id="10473" name="科斯沙漠" equipnum="4" equiplv="50" equipquality="3" equipstrengthenlv="9" fuwennum="7" fuwenlv="5" fuwenquality="4" constellationlv="50" cultnum="450" physicalattack="0" physicaldefend="0" magicattack="0" magicdefend="0" critical="0" avoid="0" tenacity="0" penetrate="0" hit="0" stem="0"/>
	<copy id="10481" name="月影森林" equipnum="4" equiplv="50" equipquality="3" equipstrengthenlv="9" fuwennum="7" fuwenlv="5" fuwenquality="4" constellationlv="50" cultnum="450" physicalattack="0" physicaldefend="0" magicattack="0" magicdefend="0" critical="0" avoid="0" tenacity="0" penetrate="0" hit="0" stem="0"/>
	<copy id="10482" name="树人族森林" equipnum="4" equiplv="50" equipquality="3" equipstrengthenlv="9" fuwennum="7" fuwenlv="5" fuwenquality="4" constellationlv="50" cultnum="450" physicalattack="0" physicaldefend="0" magicattack="0" magicdefend="0" critical="0" avoid="0" tenacity="0" penetrate="0" hit="0" stem="0"/>
	<copy id="10483" name="树人族圣地" equipnum="5" equiplv="50" equipquality="3" equipstrengthenlv="9" fuwennum="8" fuwenlv="5" fuwenquality="4" constellationlv="55" cultnum="460" physicalattack="0" physicaldefend="0" magicattack="0" magicdefend="0" critical="0" avoid="0" tenacity="0" penetrate="0" hit="0" stem="0"/>
	<copy id="10491" name="荒地石林" equipnum="5" equiplv="50" equipquality="3" equipstrengthenlv="9" fuwennum="8" fuwenlv="5" fuwenquality="4" constellationlv="55" cultnum="460" physicalattack="0" physicaldefend="0" magicattack="0" magicdefend="0" critical="0" avoid="0" tenacity="0" penetrate="0" hit="0" stem="0"/>
	<copy id="10492" name="烈风峡谷" equipnum="5" equiplv="50" equipquality="3" equipstrengthenlv="9" fuwennum="8" fuwenlv="5" fuwenquality="4" constellationlv="55" cultnum="460" physicalattack="0" physicaldefend="0" magicattack="0" magicdefend="0" critical="0" avoid="0" tenacity="0" penetrate="0" hit="0" stem="0"/>
	<copy id="10493" name="蛮多荒地" equipnum="6" equiplv="50" equipquality="3" equipstrengthenlv="10" fuwennum="8" fuwenlv="5" fuwenquality="4" constellationlv="55" cultnum="470" physicalattack="0" physicaldefend="0" magicattack="0" magicdefend="0" critical="0" avoid="0" tenacity="0" penetrate="0" hit="0" stem="0"/>
	<copy id="10511" name="陨城岗哨" equipnum="6" equiplv="50" equipquality="3" equipstrengthenlv="10" fuwennum="8" fuwenlv="5" fuwenquality="4" constellationlv="55" cultnum="470" physicalattack="0" physicaldefend="0" magicattack="0" magicdefend="0" critical="0" avoid="0" tenacity="0" penetrate="0" hit="0" stem="0"/>
	<copy id="10512" name="陨城防线" equipnum="6" equiplv="50" equipquality="3" equipstrengthenlv="10" fuwennum="8" fuwenlv="5" fuwenquality="4" constellationlv="55" cultnum="470" physicalattack="0" physicaldefend="0" magicattack="0" magicdefend="0" critical="0" avoid="0" tenacity="0" penetrate="0" hit="0" stem="0"/>
	<copy id="10513" name="陨落之城" equipnum="7" equiplv="50" equipquality="3" equipstrengthenlv="10" fuwennum="8" fuwenlv="5" fuwenquality="4" constellationlv="55" cultnum="480" physicalattack="0" physicaldefend="0" magicattack="0" magicdefend="0" critical="0" avoid="0" tenacity="0" penetrate="0" hit="0" stem="0"/>
	<copy id="10521" name="幽暗湿地" equipnum="7" equiplv="50" equipquality="3" equipstrengthenlv="10" fuwennum="8" fuwenlv="5" fuwenquality="4" constellationlv="55" cultnum="480" physicalattack="0" physicaldefend="0" magicattack="0" magicdefend="0" critical="0" avoid="0" tenacity="0" penetrate="0" hit="0" stem="0"/>
	<copy id="10522" name="泥泞湿地" equipnum="7" equiplv="50" equipquality="3" equipstrengthenlv="10" fuwennum="8" fuwenlv="5" fuwenquality="4" constellationlv="55" cultnum="480" physicalattack="0" physicaldefend="0" magicattack="0" magicdefend="0" critical="0" avoid="0" tenacity="0" penetrate="0" hit="0" stem="0"/>
	<copy id="10523" name="腐蚀沼泽" equipnum="8" equiplv="50" equipquality="3" equipstrengthenlv="10" fuwennum="8" fuwenlv="5" fuwenquality="4" constellationlv="55" cultnum="490" physicalattack="0" physicaldefend="0" magicattack="0" magicdefend="0" critical="0" avoid="0" tenacity="0" penetrate="0" hit="0" stem="0"/>
	<copy id="10531" name="恶魔要塞" equipnum="8" equiplv="50" equipquality="3" equipstrengthenlv="10" fuwennum="8" fuwenlv="5" fuwenquality="4" constellationlv="55" cultnum="490" physicalattack="0" physicaldefend="0" magicattack="0" magicdefend="0" critical="0" avoid="0" tenacity="0" penetrate="0" hit="0" stem="0"/>
	<copy id="10532" name="风暴要塞" equipnum="8" equiplv="50" equipquality="3" equipstrengthenlv="10" fuwennum="8" fuwenlv="5" fuwenquality="4" constellationlv="55" cultnum="490" physicalattack="0" physicaldefend="0" magicattack="0" magicdefend="0" critical="0" avoid="0" tenacity="0" penetrate="0" hit="0" stem="0"/>
	<copy id="10533" name="魔塔" equipnum="9" equiplv="50" equipquality="3" equipstrengthenlv="10" fuwennum="8" fuwenlv="5" fuwenquality="4" constellationlv="55" cultnum="500" physicalattack="0" physicaldefend="0" magicattack="0" magicdefend="0" critical="0" avoid="0" tenacity="0" penetrate="0" hit="0" stem="0"/>
</check>