<cultures level="22">
	<culture><!--培养方式-->
		<style sign="1" exp="1-2"  vip="0" name="金币培养"/><!--exp为不保存当前培养属性而得到的培养经验点，上限为100-->
		<style sign="2" exp="1-2"  vip="0"  name="天赋石培养"/>
		<style sign="3" exp="3-5"  vip="0" name="高级培养"/>
		<style sign="4" exp="5-7"  vip="0"  name="至尊培养"/>
	</culture>
	<regions>
		<region sign="1" period="10"  probably="100" fnum="0" lnum="4"/><!--period为按玩家当前最大属性值百分比划分的区间，fnum是取值下限，lnum是取值上限-->
		<region sign="1" period="30"  probably="50"  fnum="-9" lnum="5"/>
		<region sign="1" period="50"  probably="20"  fnum="-19" lnum="5"/>
		<region sign="1" period="70"  probably="5"   fnum="-19" lnum="5"/>
		<region sign="1" period="100" probably="2"   fnum="-19" lnum="5"/>	
		<region sign="2" period="10"  probably="100" fnum="0" lnum="5"/>
		<region sign="2" period="30"  probably="60" fnum="-15" lnum="8"/>
		<region sign="2" period="50"  probably="30" fnum="-15" lnum="8"/>
		<region sign="2" period="70"  probably="6" fnum="-15" lnum="8"/>
		<region sign="2" period="100" probably="4" fnum="-15" lnum="8"/>	
		<region sign="3" period="10"  probably="100" fnum="1" lnum="8"/>
		<region sign="3" period="30"  probably="80" fnum="-15" lnum="10"/>
		<region sign="3" period="50"  probably="50" fnum="-15" lnum="10"/>
		<region sign="3" period="70"  probably="15" fnum="-15" lnum="10"/>
		<region sign="3" period="100" probably="10" fnum="-15" lnum="10"/>	
		<region sign="4" period="10"  probably="100" fnum="1" lnum="15"/>
		<region sign="4" period="30"  probably="100" fnum="1" lnum="15"/>
		<region sign="4" period="50"  probably="80" fnum="-5" lnum="15"/>
		<region sign="4" period="70"  probably="30" fnum="-5" lnum="15"/>
		<region sign="4" period="100" probably="20" fnum="-5" lnum="15"/>
	</regions>
	<consume>
		<con sign="1" level="6-10" num="1350"/>
		<con sign="1" level="11-20" num="1350"/><!--金币培养配置已更新-->
		<con sign="1" level="21-30" num="1350"/>
		<con sign="1" level="31-40" num="2360"/>
		<con sign="1" level="41-50" num="4800"/>
		<con sign="1" level="51-60" num="9060"/>
		<con sign="1" level="61-70" num="15990"/>
		<con sign="1" level="71-80" num="23340"/>
		<con sign="1" level="81-90" num="42330"/>
		<con sign="1" level="91-100" num="61960"/>
		<con sign="2" level="6-10" num="10"/>
		<con sign="2" level="11-20" num="10"/>
		<con sign="2" level="21-30" num="10"/>
		<con sign="2" level="31-40" num="10"/>
		<con sign="2" level="41-50" num="10"/>
		<con sign="2" level="51-60" num="10"/>
		<con sign="2" level="61-70" num="10"/>
		<con sign="2" level="71-80" num="10"/>
		<con sign="2" level="81-90" num="10"/>
		<con sign="2" level="91-100" num="10"/>	
		<con sign="3" level="6-10" num="20"/>
		<con sign="3" level="11-20" num="20"/>
		<con sign="3" level="21-30" num="20"/>
		<con sign="3" level="31-40" num="20"/>
		<con sign="3" level="41-50" num="20"/>
		<con sign="3" level="51-60" num="20"/>
		<con sign="3" level="61-70" num="20"/>
		<con sign="3" level="71-80" num="20"/>
		<con sign="3" level="81-90" num="20"/>
		<con sign="3" level="91-100" num="20"/>
		<con sign="4" level="6-10" num="50"/>
		<con sign="4" level="11-20" num="50"/>
		<con sign="4" level="21-30" num="50"/>
		<con sign="4" level="31-40" num="50"/>
		<con sign="4" level="41-50" num="50"/>
		<con sign="4" level="51-60" num="50"/>
		<con sign="4" level="61-70" num="50"/>
		<con sign="4" level="71-80" num="50"/>
		<con sign="4" level="81-90" num="50"/>
		<con sign="4" level="91-100" num="50"/>
	</consume>
	<max><!--str=力量，magic=智力，body=体质，sharp=敏捷(已经是最新的）-->
		<data lv="6"  str="52"   magic="52"   body="52"   sharp="52"  />
		<data lv="7"  str="59"   magic="59"   body="59"   sharp="59"  />
		<data lv="8"  str="66"   magic="66"   body="66"   sharp="66"  />
		<data lv="9"  str="74"   magic="74"   body="74"   sharp="74"  />
		<data lv="10" str="81"   magic="81"   body="81"   sharp="81"  />
		<data lv="11" str="98"   magic="98"   body="98"   sharp="98"  />
		<data lv="12" str="106"  magic="106"  body="106"  sharp="106" />
		<data lv="13" str="115"  magic="115"  body="115"  sharp="115" />
		<data lv="14" str="123"  magic="123"  body="123"  sharp="123" />
		<data lv="15" str="131"  magic="131"  body="131"  sharp="131" />
		<data lv="16" str="139"  magic="139"  body="139"  sharp="139" />
		<data lv="17" str="147"  magic="147"  body="147"  sharp="147" />
		<data lv="18" str="155"  magic="155"  body="155"  sharp="155" />
		<data lv="19" str="163"  magic="163"  body="163"  sharp="163" />
		<data lv="20" str="171"  magic="171"  body="171"  sharp="171" />
		<data lv="21" str="203"  magic="203"  body="203"  sharp="203" />
		<data lv="22" str="212"  magic="212"  body="212"  sharp="212" />
		<data lv="23" str="221"  magic="221"  body="221"  sharp="221" />
		<data lv="24" str="230"  magic="230"  body="230"  sharp="230" />
		<data lv="25" str="239"  magic="239"  body="239"  sharp="239" />
		<data lv="26" str="248"  magic="248"  body="248"  sharp="248" />
		<data lv="27" str="257"  magic="257"  body="257"  sharp="257" />
		<data lv="28" str="266"  magic="266"  body="266"  sharp="266" />
		<data lv="29" str="276"  magic="276"  body="276"  sharp="276" />
		<data lv="30" str="285"  magic="285"  body="285"  sharp="285" />
		<data lv="31" str="336"  magic="336"  body="336"  sharp="336" />
		<data lv="32" str="346"  magic="346"  body="346"  sharp="346" />
		<data lv="33" str="357"  magic="357"  body="357"  sharp="357" />
		<data lv="34" str="368"  magic="368"  body="368"  sharp="368" />
		<data lv="35" str="378"  magic="378"  body="378"  sharp="378" />
		<data lv="36" str="388"  magic="388"  body="388"  sharp="388" />
		<data lv="37" str="399"  magic="399"  body="399"  sharp="399" />
		<data lv="38" str="410"  magic="410"  body="410"  sharp="410" />
		<data lv="39" str="420"  magic="420"  body="420"  sharp="420" />
		<data lv="40" str="430"  magic="430"  body="430"  sharp="430" />
		<data lv="41" str="515"  magic="515"  body="515"  sharp="515" />
		<data lv="42" str="527"  magic="527"  body="527"  sharp="527" />
		<data lv="43" str="539"  magic="539"  body="539"  sharp="539" />
		<data lv="44" str="551"  magic="551"  body="551"  sharp="551" />
		<data lv="45" str="564"  magic="564"  body="564"  sharp="564" />
		<data lv="46" str="576"  magic="576"  body="576"  sharp="576" />
		<data lv="47" str="588"  magic="588"  body="588"  sharp="588" />
		<data lv="48" str="600"  magic="600"  body="600"  sharp="600" />
		<data lv="49" str="613"  magic="613"  body="613"  sharp="613" />
		<data lv="50" str="625"  magic="625"  body="625"  sharp="625" />
		<data lv="51" str="744"  magic="744"  body="744"  sharp="744" />
		<data lv="52" str="758"  magic="758"  body="758"  sharp="758" />
		<data lv="53" str="772"  magic="772"  body="772"  sharp="772" />
		<data lv="54" str="787"  magic="787"  body="787"  sharp="787" />
		<data lv="55" str="801"  magic="801"  body="801"  sharp="801" />
		<data lv="56" str="815"  magic="815"  body="815"  sharp="815" />
		<data lv="57" str="829"  magic="829"  body="829"  sharp="829" />
		<data lv="58" str="844"  magic="844"  body="844"  sharp="844" />
		<data lv="59" str="858"  magic="858"  body="858"  sharp="858" />
		<data lv="60" str="872"  magic="872"  body="872"  sharp="872" />
		<data lv="61" str="1026" magic="1026" body="1026" sharp="1026"/>
		<data lv="62" str="1043" magic="1043" body="1043" sharp="1043"/>
		<data lv="63" str="1059" magic="1059" body="1059" sharp="1059"/>
		<data lv="64" str="1076" magic="1076" body="1076" sharp="1076"/>
		<data lv="65" str="1092" magic="1092" body="1092" sharp="1092"/>
		<data lv="66" str="1109" magic="1109" body="1109" sharp="1109"/>
		<data lv="67" str="1125" magic="1125" body="1125" sharp="1125"/>
		<data lv="68" str="1142" magic="1142" body="1142" sharp="1142"/>
		<data lv="69" str="1159" magic="1159" body="1159" sharp="1159"/>
		<data lv="70" str="1175" magic="1175" body="1175" sharp="1175"/>
		<data lv="71" str="1368" magic="1368" body="1368" sharp="1368"/>
		<data lv="72" str="1387" magic="1387" body="1387" sharp="1387"/>
		<data lv="73" str="1406" magic="1406" body="1406" sharp="1406"/>
		<data lv="74" str="1425" magic="1425" body="1425" sharp="1425"/>
		<data lv="75" str="1444" magic="1444" body="1444" sharp="1444"/>
		<data lv="76" str="1463" magic="1463" body="1463" sharp="1463"/>
		<data lv="77" str="1482" magic="1482" body="1482" sharp="1482"/>
		<data lv="78" str="1501" magic="1501" body="1501" sharp="1501"/>
		<data lv="79" str="1520" magic="1520" body="1520" sharp="1520"/>
		<data lv="80" str="1539" magic="1539" body="1539" sharp="1539"/>
		<data lv="81" str="1775" magic="1775" body="1775" sharp="1775"/>
		<data lv="82" str="1797" magic="1797" body="1797" sharp="1797"/>
		<data lv="83" str="1819" magic="1819" body="1819" sharp="1819"/>
		<data lv="84" str="1840" magic="1840" body="1840" sharp="1840"/>
		<data lv="85" str="1862" magic="1862" body="1862" sharp="1862"/>
		<data lv="86" str="1884" magic="1884" body="1884" sharp="1884"/>
		<data lv="87" str="1905" magic="1905" body="1905" sharp="1905"/>
		<data lv="88" str="1927" magic="1927" body="1927" sharp="1927"/>
		<data lv="89" str="1949" magic="1949" body="1949" sharp="1949"/>
		<data lv="90" str="1970" magic="1970" body="1970" sharp="1970"/>
		<data lv="91" str="2254" magic="2254" body="2254" sharp="2254"/>
		<data lv="92" str="2279" magic="2279" body="2279" sharp="2279"/>
		<data lv="93" str="2303" magic="2303" body="2303" sharp="2303"/>
		<data lv="94" str="2328" magic="2328" body="2328" sharp="2328"/>
		<data lv="95" str="2350" magic="2350" body="2350" sharp="2350"/>
		<data lv="96" str="2377" magic="2377" body="2377" sharp="2377"/>
		<data lv="97" str="2401" magic="2401" body="2401" sharp="2401"/>
		<data lv="98" str="2426" magic="2426" body="2426" sharp="2426"/>
		<data lv="99" str="2450" magic="2450" body="2450" sharp="2450"/>
		<data lv="100" str="2475" magic="2475" body="2475" sharp="2475"/>
	</max>	
</cultures>