<?xml version="1.0" encoding="utf-8"?>
<equips>
	<jichu>	
		<zsjichu>
			<equip level="1" strength="10" body="10" clever="5" sharp="9" hp="500" mp="200" physicalAttack="125" magicAttack="0" physicalDefend="28" magicDefend="28"/>
			<equip level="10" strength="33" body="33" clever="5" sharp="31" hp="950" mp="163" physicalAttack="140" magicAttack="0" physicalDefend="109" magicDefend="109"/>
			<equip level="20" strength="83" body="83" clever="5" sharp="78" hp="1950" mp="413" physicalAttack="340" magicAttack="0" physicalDefend="289" magicDefend="289"/>
			<equip level="30" strength="133" body="133" clever="5" sharp="125" hp="2950" mp="663" physicalAttack="540" magicAttack="0" physicalDefend="469" magicDefend="469"/>
			<equip level="40" strength="183" body="183" clever="5" sharp="172" hp="3950" mp="913" physicalAttack="740" magicAttack="0" physicalDefend="649" magicDefend="649"/>
			<equip level="50" strength="233" body="233" clever="5" sharp="219" hp="4950" mp="1163" physicalAttack="940" magicAttack="0" physicalDefend="829" magicDefend="829"/>
			<equip level="60" strength="283" body="283" clever="5" sharp="266" hp="5950" mp="1413" physicalAttack="1140" magicAttack="0" physicalDefend="1009" magicDefend="1009"/>
			<equip level="70" strength="333" body="333" clever="5" sharp="313" hp="6950" mp="1663" physicalAttack="1340" magicAttack="0" physicalDefend="1189" magicDefend="1189"/>
			<equip level="80" strength="383" body="383" clever="5" sharp="360" hp="7950" mp="1913" physicalAttack="1540" magicAttack="0" physicalDefend="1369" magicDefend="1369"/>
			<equip level="90" strength="433" body="433" clever="5" sharp="407" hp="8950" mp="2163" physicalAttack="1740" magicAttack="0" physicalDefend="1549" magicDefend="1549"/>
			<equip level="100" strength="483" body="483" clever="5" sharp="454" hp="9950" mp="2413" physicalAttack="1940" magicAttack="0" physicalDefend="1729" magicDefend="1729"/>
		</zsjichu>
		<fsjichu>
			<equip level="1" strength="5" body="10" clever="10" sharp="9" hp="500" mp="200" physicalAttack="0" magicAttack="125" physicalDefend="28" magicDefend="28"/>
			<equip level="10" strength="5" body="33" clever="33" sharp="31" hp="950" mp="325" physicalAttack="0" magicAttack="140" physicalDefend="109" magicDefend="109"/>
			<equip level="20" strength="5" body="83" clever="83" sharp="78" hp="1950" mp="825" physicalAttack="0" magicAttack="340" physicalDefend="289" magicDefend="289"/>
			<equip level="30" strength="5" body="133" clever="133" sharp="125" hp="2950" mp="1325" physicalAttack="0" magicAttack="540" physicalDefend="469" magicDefend="469"/>
			<equip level="40" strength="5" body="183" clever="183" sharp="172" hp="3950" mp="1825" physicalAttack="0" magicAttack="740" physicalDefend="649" magicDefend="649"/>
			<equip level="50" strength="5" body="233" clever="233" sharp="219" hp="4950" mp="2325" physicalAttack="0" magicAttack="940" physicalDefend="829" magicDefend="829"/>
			<equip level="60" strength="5" body="283" clever="283" sharp="266" hp="5950" mp="2825" physicalAttack="0" magicAttack="1140" physicalDefend="1009" magicDefend="1009"/>
			<equip level="70" strength="5" body="333" clever="333" sharp="313" hp="6950" mp="3325" physicalAttack="0" magicAttack="1340" physicalDefend="1189" magicDefend="1189"/>
			<equip level="80" strength="5" body="383" clever="383" sharp="360" hp="7950" mp="3825" physicalAttack="0" magicAttack="1540" physicalDefend="1369" magicDefend="1369"/>
			<equip level="90" strength="5" body="433" clever="433" sharp="407" hp="8950" mp="4325" physicalAttack="0" magicAttack="1740" physicalDefend="1549" magicDefend="1549"/>
			<equip level="100" strength="5" body="483" clever="483" sharp="454" hp="9950" mp="4825" physicalAttack="0" magicAttack="1940" physicalDefend="1729" magicDefend="1729"/>
		</fsjichu>
		<ssjichu>
			<equip level="1" strength="10" body="10" clever="5" sharp="9" hp="500" mp="200" physicalAttack="125" magicAttack="0" physicalDefend="28" magicDefend="28"/>
			<equip level="10" strength="33" body="33" clever="5" sharp="31" hp="950" mp="163" physicalAttack="140" magicAttack="0" physicalDefend="109" magicDefend="109"/>
			<equip level="20" strength="83" body="83" clever="5" sharp="78" hp="1950" mp="413" physicalAttack="340" magicAttack="0" physicalDefend="289" magicDefend="289"/>
			<equip level="30" strength="133" body="133" clever="5" sharp="125" hp="2950" mp="663" physicalAttack="540" magicAttack="0" physicalDefend="469" magicDefend="469"/>
			<equip level="40" strength="183" body="183" clever="5" sharp="172" hp="3950" mp="913" physicalAttack="740" magicAttack="0" physicalDefend="649" magicDefend="649"/>
			<equip level="50" strength="233" body="233" clever="5" sharp="219" hp="4950" mp="1163" physicalAttack="940" magicAttack="0" physicalDefend="829" magicDefend="829"/>
			<equip level="60" strength="283" body="283" clever="5" sharp="266" hp="5950" mp="1413" physicalAttack="1140" magicAttack="0" physicalDefend="1009" magicDefend="1009"/>
			<equip level="70" strength="333" body="333" clever="5" sharp="313" hp="6950" mp="1663" physicalAttack="1340" magicAttack="0" physicalDefend="1189" magicDefend="1189"/>
			<equip level="80" strength="383" body="383" clever="5" sharp="360" hp="7950" mp="1913" physicalAttack="1540" magicAttack="0" physicalDefend="1369" magicDefend="1369"/>
			<equip level="90" strength="433" body="433" clever="5" sharp="407" hp="8950" mp="2163" physicalAttack="1740" magicAttack="0" physicalDefend="1549" magicDefend="1549"/>
			<equip level="100" strength="483" body="483" clever="5" sharp="454" hp="9950" mp="2413" physicalAttack="1940" magicAttack="0" physicalDefend="1729" magicDefend="1729"/>
		</ssjichu>
	</jichu>
	<fujia>	
		<zsfujia>
			<equip level="1" strength="0" body="0" clever="0" sharp="0" hp="0" mp="0" physicalAttack="0" magicAttack="0" physicalDefend="0" magicDefend="0" fatal="0" tenacity="0" penetrate="0" stem="0" hit="0" avoid="0"/>
			<equip level="10" strength="0" body="0" clever="0" sharp="0" hp="950" mp="163" physicalAttack="140" magicAttack="0" physicalDefend="109" magicDefend="109" fatal="96" tenacity="150" penetrate="100" stem="218" hit="64" avoid="67"/>
			<equip level="20" strength="0" body="0" clever="0" sharp="0" hp="1950" mp="413" physicalAttack="340" magicAttack="0" physicalDefend="289" magicDefend="289" fatal="258" tenacity="414" penetrate="276" stem="604" hit="175" avoid="184"/>
			<equip level="30" strength="0" body="0" clever="0" sharp="0" hp="2950" mp="663" physicalAttack="540" magicAttack="0" physicalDefend="469" magicDefend="469" fatal="413" tenacity="664" penetrate="443" stem="970" hit="281" avoid="294"/>
			<equip level="40" strength="0" body="0" clever="0" sharp="0" hp="3950" mp="913" physicalAttack="740" magicAttack="0" physicalDefend="649" magicDefend="649" fatal="562" tenacity="899" penetrate="599" stem="1317" hit="380" avoid="398"/>
			<equip level="50" strength="0" body="0" clever="0" sharp="0" hp="4950" mp="1163" physicalAttack="940" magicAttack="0" physicalDefend="829" magicDefend="829" fatal="704" tenacity="1118" penetrate="745" stem="1642" hit="471" avoid="495"/>
			<equip level="60" strength="0" body="0" clever="0" sharp="0" hp="5950" mp="1413" physicalAttack="1140" magicAttack="0" physicalDefend="1009" magicDefend="1009" fatal="839" tenacity="1322" penetrate="881" stem="1947" hit="557" avoid="585"/>
			<equip level="70" strength="0" body="0" clever="0" sharp="0" hp="6950" mp="1663" physicalAttack="1340" magicAttack="0" physicalDefend="1189" magicDefend="1189" fatal="968" tenacity="1511" penetrate="1007" stem="2232" hit="635" avoid="668"/>
			<equip level="80" strength="0" body="0" clever="0" sharp="0" hp="7950" mp="1913" physicalAttack="1540" magicAttack="0" physicalDefend="1369" magicDefend="1369" fatal="1090" tenacity="1685" penetrate="1123" stem="2499" hit="707" avoid="745"/>
			<equip level="90" strength="0" body="0" clever="0" sharp="0" hp="8950" mp="2163" physicalAttack="1740" magicAttack="0" physicalDefend="1549" magicDefend="1549" fatal="1206" tenacity="1846" penetrate="1231" stem="2746" hit="773" avoid="816"/>
			<equip level="100" strength="0" body="0" clever="0" sharp="0" hp="9950" mp="2413" physicalAttack="1940" magicAttack="0" physicalDefend="1729" magicDefend="1729" fatal="1316" tenacity="1994" penetrate="1329" stem="2977" hit="833" avoid="881"/>
		</zsfujia>
		<fsfujia>
			<equip level="1" strength="0" body="0" clever="0" sharp="0" hp="0" mp="0" physicalAttack="0" magicAttack="0" physicalDefend="0" magicDefend="0" fatal="0" tenacity="0" penetrate="0" stem="0" hit="0" avoid="0"/>
			<equip level="10" strength="0" body="0" clever="0" sharp="0" hp="950" mp="325" physicalAttack="0" magicAttack="140" physicalDefend="109" magicDefend="109" fatal="112" tenacity="100" penetrate="150" stem="145" hit="64" avoid="67"/>
			<equip level="20" strength="0" body="0" clever="0" sharp="0" hp="1950" mp="825" physicalAttack="0" magicAttack="340" physicalDefend="289" magicDefend="289" fatal="299" tenacity="276" penetrate="414" stem="402" hit="175" avoid="184"/>
			<equip level="30" strength="0" body="0" clever="0" sharp="0" hp="2950" mp="1325" physicalAttack="0" magicAttack="540" physicalDefend="469" magicDefend="469" fatal="480" tenacity="443" penetrate="664" stem="647" hit="281" avoid="294"/>
			<equip level="40" strength="0" body="0" clever="0" sharp="0" hp="3950" mp="1825" physicalAttack="0" magicAttack="740" physicalDefend="649" magicDefend="649" fatal="653" tenacity="599" penetrate="899" stem="878" hit="380" avoid="398"/>
			<equip level="50" strength="0" body="0" clever="0" sharp="0" hp="4950" mp="2325" physicalAttack="0" magicAttack="940" physicalDefend="829" magicDefend="829" fatal="820" tenacity="745" penetrate="1118" stem="1095" hit="471" avoid="495"/>
			<equip level="60" strength="0" body="0" clever="0" sharp="0" hp="5950" mp="2825" physicalAttack="0" magicAttack="1140" physicalDefend="1009" magicDefend="1009" fatal="980" tenacity="881" penetrate="1322" stem="1298" hit="557" avoid="585"/>
			<equip level="70" strength="0" body="0" clever="0" sharp="0" hp="6950" mp="3325" physicalAttack="0" magicAttack="1340" physicalDefend="1189" magicDefend="1189" fatal="1134" tenacity="1007" penetrate="1511" stem="1488" hit="635" avoid="668"/>
			<equip level="80" strength="0" body="0" clever="0" sharp="0" hp="7950" mp="3825" physicalAttack="0" magicAttack="1540" physicalDefend="1369" magicDefend="1369" fatal="1281" tenacity="1123" penetrate="1685" stem="1666" hit="707" avoid="745"/>
			<equip level="90" strength="0" body="0" clever="0" sharp="0" hp="8950" mp="4325" physicalAttack="0" magicAttack="1740" physicalDefend="1549" magicDefend="1549" fatal="1422" tenacity="1231" penetrate="1846" stem="1831" hit="773" avoid="816"/>
			<equip level="100" strength="0" body="0" clever="0" sharp="0" hp="9950" mp="4825" physicalAttack="0" magicAttack="1940" physicalDefend="1729" magicDefend="1729" fatal="1557" tenacity="1329" penetrate="1994" stem="1984" hit="833" avoid="881"/>
		</fsfujia>
		<ssfujia>
			<equip level="1" strength="0" body="0" clever="0" sharp="0" hp="0" mp="0" physicalAttack="0" magicAttack="0" physicalDefend="0" magicDefend="0" fatal="0" tenacity="0" penetrate="0" stem="0" hit="0" avoid="0"/>
			<equip level="10" strength="0" body="0" clever="0" sharp="0" hp="950" mp="163" physicalAttack="140" magicAttack="0" physicalDefend="109" magicDefend="109" fatal="96" tenacity="100" penetrate="100" stem="145" hit="95" avoid="68"/>
			<equip level="20" strength="0" body="0" clever="0" sharp="0" hp="1950" mp="413" physicalAttack="340" magicAttack="0" physicalDefend="289" magicDefend="289" fatal="258" tenacity="276" penetrate="276" stem="402" hit="263" avoid="188"/>
			<equip level="30" strength="0" body="0" clever="0" sharp="0" hp="2950" mp="663" physicalAttack="540" magicAttack="0" physicalDefend="469" magicDefend="469" fatal="413" tenacity="443" penetrate="443" stem="647" hit="421" avoid="301"/>
			<equip level="40" strength="0" body="0" clever="0" sharp="0" hp="3950" mp="913" physicalAttack="740" magicAttack="0" physicalDefend="649" magicDefend="649" fatal="562" tenacity="599" penetrate="599" stem="878" hit="570" avoid="407"/>
			<equip level="50" strength="0" body="0" clever="0" sharp="0" hp="4950" mp="1163" physicalAttack="940" magicAttack="0" physicalDefend="829" magicDefend="829" fatal="704" tenacity="745" penetrate="745" stem="1095" hit="707" avoid="506"/>
			<equip level="60" strength="0" body="0" clever="0" sharp="0" hp="5950" mp="1413" physicalAttack="1140" magicAttack="0" physicalDefend="1009" magicDefend="1009" fatal="839" tenacity="881" penetrate="881" stem="1298" hit="835" avoid="599"/>
			<equip level="70" strength="0" body="0" clever="0" sharp="0" hp="6950" mp="1663" physicalAttack="1340" magicAttack="0" physicalDefend="1189" magicDefend="1189" fatal="968" tenacity="1007" penetrate="1007" stem="1488" hit="953" avoid="685"/>
			<equip level="80" strength="0" body="0" clever="0" sharp="0" hp="7950" mp="1913" physicalAttack="1540" magicAttack="0" physicalDefend="1369" magicDefend="1369" fatal="1090" tenacity="1123" penetrate="1123" stem="1666" hit="1061" avoid="765"/>
			<equip level="90" strength="0" body="0" clever="0" sharp="0" hp="8950" mp="2163" physicalAttack="1740" magicAttack="0" physicalDefend="1549" magicDefend="1549" fatal="1206" tenacity="1231" penetrate="1231" stem="1831" hit="1160" avoid="838"/>
			<equip level="100" strength="0" body="0" clever="0" sharp="0" hp="9950" mp="2413" physicalAttack="1940" magicAttack="0" physicalDefend="1729" magicDefend="1729" fatal="1316" tenacity="1329" penetrate="1329" stem="1984" hit="1250" avoid="905"/>
		</ssfujia>
	</fujia>
</equips>
