<exceptionDrops>
<!--战士橙色武器20级：110035；30级：110045；40级：110055；50级：110065；60级：110075；
	战士橙色耳环20级：119035；30级：119045；40级：119055；50级：119065；60级：119075；
	战士橙色戒指20级：118035；30级：118045；40级：118055；50级：118065；60级：118075；
	战士橙色项链20级：117035；30级：117045；40级：117055；50级：117065；60级：117075；
	法师橙色武器20级：120035；30级：120045；40级：120055；50级：120065；60级：120075；
	法师橙色耳环20级：129035；30级：129045；40级：129055；50级：129065；60级：129075；
	法师橙色戒指20级：128035；30级：128045；40级：128055；50级：128065；60级：128075；
	法师橙色项链20级：127035；30级：127045；40级：127055；50级：127065；60级：127075；
	射手橙色武器20级：130035；30级：130045；40级：130055；50级：130065；60级：130075；
	射手橙色耳环20级：139035；30级：139045；40级：139055；50级：139065；60级：139075；
	射手橙色戒指20级：138035；30级：138045；40级：138055；50级：138065；60级：138075；
	射手橙色项链20级：137035；30级：137045；40级：137055；50级：137065；60级：137075；
	生命之泉：2050104
	小生命之泉：2050159
	远古神力：2050142
-->
<!--itemId:掉落物品ID; 
	itemNum:掉落数量; 
	dropBaseRate:掉落基础几率（万分比）; 
	dropPlayerMaxLevel：掉落的玩家最大等级；
	todayServerDropNum:今天服务器允许掉落的总数，超过之后将不再掉落；
	每通关 playerCopyNumAdd 次数加成几率 playerAddRate（每掉落一次清空一次）；
	个人通关掉落几率加成最大值为 playerAddRateMax；
	全服所有玩家每通关 serverCopyNumAdd 次以后，并且全服掉落总个数<= serverDropNum 的时候 加成 serverAddRate 万分比；
	全服通关掉落几率加成最大值为 serverAddRateMax
-->
	<drop no = "1"> <!--20级试练之地-->
		<dropdate itemId="110035" itemNum="1" dropBaseRate="2" dropPlayerMaxLevel="100"  todayServerDropNum="1" playerCopyNumAdd="4" playerAddRate="5" playerAddRateMax="30" serverCopyNumAdd="500" serverDropNum="1" serverAddRate="10" serverAddRateMax="20"/>
		<dropdate itemId="119035" itemNum="1" dropBaseRate="2" dropPlayerMaxLevel="100"  todayServerDropNum="1" playerCopyNumAdd="4" playerAddRate="5" playerAddRateMax="30" serverCopyNumAdd="500" serverDropNum="1" serverAddRate="10" serverAddRateMax="20"/>
		<dropdate itemId="120035" itemNum="1" dropBaseRate="2" dropPlayerMaxLevel="100"  todayServerDropNum="1" playerCopyNumAdd="4" playerAddRate="5" playerAddRateMax="30" serverCopyNumAdd="500" serverDropNum="1" serverAddRate="10" serverAddRateMax="20"/>
		<dropdate itemId="129035" itemNum="1" dropBaseRate="2" dropPlayerMaxLevel="100"  todayServerDropNum="1" playerCopyNumAdd="4" playerAddRate="5" playerAddRateMax="30" serverCopyNumAdd="500" serverDropNum="1" serverAddRate="10" serverAddRateMax="20"/>
		<dropdate itemId="130035" itemNum="1" dropBaseRate="2" dropPlayerMaxLevel="100"  todayServerDropNum="1" playerCopyNumAdd="4" playerAddRate="5" playerAddRateMax="30" serverCopyNumAdd="500" serverDropNum="1" serverAddRate="10" serverAddRateMax="20"/>
		<dropdate itemId="139035" itemNum="1" dropBaseRate="2" dropPlayerMaxLevel="100"  todayServerDropNum="1" playerCopyNumAdd="4" playerAddRate="5" playerAddRateMax="30" serverCopyNumAdd="500" serverDropNum="1" serverAddRate="10" serverAddRateMax="20"/>
		<dropdate itemId="118035" itemNum="1" dropBaseRate="2" dropPlayerMaxLevel="100"  todayServerDropNum="1" playerCopyNumAdd="4" playerAddRate="5" playerAddRateMax="30" serverCopyNumAdd="500" serverDropNum="1" serverAddRate="10" serverAddRateMax="20"/>
		<dropdate itemId="117035" itemNum="1" dropBaseRate="2" dropPlayerMaxLevel="100"  todayServerDropNum="1" playerCopyNumAdd="4" playerAddRate="5" playerAddRateMax="30" serverCopyNumAdd="500" serverDropNum="1" serverAddRate="10" serverAddRateMax="20"/>
		<dropdate itemId="128035" itemNum="1" dropBaseRate="2" dropPlayerMaxLevel="100"  todayServerDropNum="1" playerCopyNumAdd="4" playerAddRate="5" playerAddRateMax="30" serverCopyNumAdd="500" serverDropNum="1" serverAddRate="10" serverAddRateMax="20"/>
		<dropdate itemId="127035" itemNum="1" dropBaseRate="2" dropPlayerMaxLevel="100"  todayServerDropNum="1" playerCopyNumAdd="4" playerAddRate="5" playerAddRateMax="30" serverCopyNumAdd="500" serverDropNum="1" serverAddRate="10" serverAddRateMax="20"/>
		<dropdate itemId="138035" itemNum="1" dropBaseRate="2" dropPlayerMaxLevel="100"  todayServerDropNum="1" playerCopyNumAdd="4" playerAddRate="5" playerAddRateMax="30" serverCopyNumAdd="500" serverDropNum="1" serverAddRate="10" serverAddRateMax="20"/>
		<dropdate itemId="137035" itemNum="1" dropBaseRate="2" dropPlayerMaxLevel="100"  todayServerDropNum="1" playerCopyNumAdd="4" playerAddRate="5" playerAddRateMax="30" serverCopyNumAdd="500" serverDropNum="1" serverAddRate="10" serverAddRateMax="20"/>
		<dropdate itemId="2050159" itemNum="1" dropBaseRate="200" dropPlayerMaxLevel="30"  todayServerDropNum="150" playerCopyNumAdd="1" playerAddRate="100" playerAddRateMax="1000" serverCopyNumAdd="0" serverDropNum="0" serverAddRate="0" serverAddRateMax="0"/>
		<dropdate itemId="2050142" itemNum="1" dropBaseRate="100" dropPlayerMaxLevel="30"  todayServerDropNum="600" playerCopyNumAdd="2" playerAddRate="200" playerAddRateMax="1500" serverCopyNumAdd="0" serverDropNum="0" serverAddRate="0" serverAddRateMax="0"/>
	</drop>
	<drop no = "2"> <!--30级试练之地-->
		<dropdate itemId="110045" itemNum="1" dropBaseRate="2" dropPlayerMaxLevel="100"  todayServerDropNum="1" playerCopyNumAdd="4" playerAddRate="5" playerAddRateMax="30" serverCopyNumAdd="500" serverDropNum="1" serverAddRate="10" serverAddRateMax="20"/>
		<dropdate itemId="119045" itemNum="1" dropBaseRate="2" dropPlayerMaxLevel="100"  todayServerDropNum="1" playerCopyNumAdd="4" playerAddRate="5" playerAddRateMax="30" serverCopyNumAdd="500" serverDropNum="1" serverAddRate="10" serverAddRateMax="20"/>
		<dropdate itemId="120045" itemNum="1" dropBaseRate="2" dropPlayerMaxLevel="100"  todayServerDropNum="1" playerCopyNumAdd="4" playerAddRate="5" playerAddRateMax="30" serverCopyNumAdd="500" serverDropNum="1" serverAddRate="10" serverAddRateMax="20"/>
		<dropdate itemId="129045" itemNum="1" dropBaseRate="2" dropPlayerMaxLevel="100"  todayServerDropNum="1" playerCopyNumAdd="4" playerAddRate="5" playerAddRateMax="30" serverCopyNumAdd="500" serverDropNum="1" serverAddRate="10" serverAddRateMax="20"/>
		<dropdate itemId="130045" itemNum="1" dropBaseRate="2" dropPlayerMaxLevel="100"  todayServerDropNum="1" playerCopyNumAdd="4" playerAddRate="5" playerAddRateMax="30" serverCopyNumAdd="500" serverDropNum="1" serverAddRate="10" serverAddRateMax="20"/>
		<dropdate itemId="139045" itemNum="1" dropBaseRate="2" dropPlayerMaxLevel="100"  todayServerDropNum="1" playerCopyNumAdd="4" playerAddRate="5" playerAddRateMax="30" serverCopyNumAdd="500" serverDropNum="1" serverAddRate="10" serverAddRateMax="20"/>
		<dropdate itemId="118045" itemNum="1" dropBaseRate="2" dropPlayerMaxLevel="100"  todayServerDropNum="1" playerCopyNumAdd="4" playerAddRate="5" playerAddRateMax="30" serverCopyNumAdd="500" serverDropNum="1" serverAddRate="10" serverAddRateMax="20"/>
		<dropdate itemId="117045" itemNum="1" dropBaseRate="2" dropPlayerMaxLevel="100"  todayServerDropNum="1" playerCopyNumAdd="4" playerAddRate="5" playerAddRateMax="30" serverCopyNumAdd="500" serverDropNum="1" serverAddRate="10" serverAddRateMax="20"/>
		<dropdate itemId="128045" itemNum="1" dropBaseRate="2" dropPlayerMaxLevel="100"  todayServerDropNum="1" playerCopyNumAdd="4" playerAddRate="5" playerAddRateMax="30" serverCopyNumAdd="500" serverDropNum="1" serverAddRate="10" serverAddRateMax="20"/>
		<dropdate itemId="127045" itemNum="1" dropBaseRate="2" dropPlayerMaxLevel="100"  todayServerDropNum="1" playerCopyNumAdd="4" playerAddRate="5" playerAddRateMax="30" serverCopyNumAdd="500" serverDropNum="1" serverAddRate="10" serverAddRateMax="20"/>
		<dropdate itemId="138045" itemNum="1" dropBaseRate="2" dropPlayerMaxLevel="100"  todayServerDropNum="1" playerCopyNumAdd="4" playerAddRate="5" playerAddRateMax="30" serverCopyNumAdd="500" serverDropNum="1" serverAddRate="10" serverAddRateMax="20"/>
		<dropdate itemId="137045" itemNum="1" dropBaseRate="2" dropPlayerMaxLevel="100"  todayServerDropNum="1" playerCopyNumAdd="4" playerAddRate="5" playerAddRateMax="30" serverCopyNumAdd="500" serverDropNum="1" serverAddRate="10" serverAddRateMax="20"/>
		<dropdate itemId="2050159" itemNum="1" dropBaseRate="200" dropPlayerMaxLevel="40"  todayServerDropNum="150" playerCopyNumAdd="1" playerAddRate="100" playerAddRateMax="1000" serverCopyNumAdd="0" serverDropNum="0" serverAddRate="0" serverAddRateMax="0"/>
		<dropdate itemId="2050142" itemNum="1" dropBaseRate="100" dropPlayerMaxLevel="40"  todayServerDropNum="600" playerCopyNumAdd="2" playerAddRate="200" playerAddRateMax="1500" serverCopyNumAdd="0" serverDropNum="0" serverAddRate="0" serverAddRateMax="0"/>
	</drop>
	<drop no = "3"> <!--40级试练之地-->
		<dropdate itemId="110055" itemNum="1" dropBaseRate="2" dropPlayerMaxLevel="100"  todayServerDropNum="1" playerCopyNumAdd="4" playerAddRate="5" playerAddRateMax="30" serverCopyNumAdd="500" serverDropNum="1" serverAddRate="10" serverAddRateMax="20"/>
		<dropdate itemId="119055" itemNum="1" dropBaseRate="2" dropPlayerMaxLevel="100"  todayServerDropNum="1" playerCopyNumAdd="4" playerAddRate="5" playerAddRateMax="30" serverCopyNumAdd="500" serverDropNum="1" serverAddRate="10" serverAddRateMax="20"/>
		<dropdate itemId="120055" itemNum="1" dropBaseRate="2" dropPlayerMaxLevel="100"  todayServerDropNum="1" playerCopyNumAdd="4" playerAddRate="5" playerAddRateMax="30" serverCopyNumAdd="500" serverDropNum="1" serverAddRate="10" serverAddRateMax="20"/>
		<dropdate itemId="129055" itemNum="1" dropBaseRate="2" dropPlayerMaxLevel="100"  todayServerDropNum="1" playerCopyNumAdd="4" playerAddRate="5" playerAddRateMax="30" serverCopyNumAdd="500" serverDropNum="1" serverAddRate="10" serverAddRateMax="20"/>
		<dropdate itemId="130055" itemNum="1" dropBaseRate="2" dropPlayerMaxLevel="100"  todayServerDropNum="1" playerCopyNumAdd="4" playerAddRate="5" playerAddRateMax="30" serverCopyNumAdd="500" serverDropNum="1" serverAddRate="10" serverAddRateMax="20"/>
		<dropdate itemId="139055" itemNum="1" dropBaseRate="2" dropPlayerMaxLevel="100"  todayServerDropNum="1" playerCopyNumAdd="4" playerAddRate="5" playerAddRateMax="30" serverCopyNumAdd="500" serverDropNum="1" serverAddRate="10" serverAddRateMax="20"/>
		<dropdate itemId="118055" itemNum="1" dropBaseRate="2" dropPlayerMaxLevel="100"  todayServerDropNum="1" playerCopyNumAdd="4" playerAddRate="5" playerAddRateMax="30" serverCopyNumAdd="500" serverDropNum="1" serverAddRate="10" serverAddRateMax="20"/>
		<dropdate itemId="117055" itemNum="1" dropBaseRate="2" dropPlayerMaxLevel="100"  todayServerDropNum="1" playerCopyNumAdd="4" playerAddRate="5" playerAddRateMax="30" serverCopyNumAdd="500" serverDropNum="1" serverAddRate="10" serverAddRateMax="20"/>
		<dropdate itemId="128055" itemNum="1" dropBaseRate="2" dropPlayerMaxLevel="100"  todayServerDropNum="1" playerCopyNumAdd="4" playerAddRate="5" playerAddRateMax="30" serverCopyNumAdd="500" serverDropNum="1" serverAddRate="10" serverAddRateMax="20"/>
		<dropdate itemId="127055" itemNum="1" dropBaseRate="2" dropPlayerMaxLevel="100"  todayServerDropNum="1" playerCopyNumAdd="4" playerAddRate="5" playerAddRateMax="30" serverCopyNumAdd="500" serverDropNum="1" serverAddRate="10" serverAddRateMax="20"/>
		<dropdate itemId="138055" itemNum="1" dropBaseRate="2" dropPlayerMaxLevel="100"  todayServerDropNum="1" playerCopyNumAdd="4" playerAddRate="5" playerAddRateMax="30" serverCopyNumAdd="500" serverDropNum="1" serverAddRate="10" serverAddRateMax="20"/>
		<dropdate itemId="137055" itemNum="1" dropBaseRate="2" dropPlayerMaxLevel="100"  todayServerDropNum="1" playerCopyNumAdd="4" playerAddRate="5" playerAddRateMax="30" serverCopyNumAdd="500" serverDropNum="1" serverAddRate="10" serverAddRateMax="20"/>
		<dropdate itemId="2050159" itemNum="1" dropBaseRate="200" dropPlayerMaxLevel="50"  todayServerDropNum="150" playerCopyNumAdd="1" playerAddRate="100" playerAddRateMax="1000" serverCopyNumAdd="0" serverDropNum="0" serverAddRate="0" serverAddRateMax="0"/>
		<dropdate itemId="2050142" itemNum="1" dropBaseRate="100" dropPlayerMaxLevel="50"  todayServerDropNum="600" playerCopyNumAdd="2" playerAddRate="200" playerAddRateMax="1500" serverCopyNumAdd="0" serverDropNum="0" serverAddRate="0" serverAddRateMax="0"/>
	</drop>
	<drop no = "4"> <!--50级试练之地-->
		<dropdate itemId="110065" itemNum="1" dropBaseRate="2" dropPlayerMaxLevel="100"  todayServerDropNum="1" playerCopyNumAdd="4" playerAddRate="5" playerAddRateMax="30" serverCopyNumAdd="500" serverDropNum="1" serverAddRate="10" serverAddRateMax="20"/>
		<dropdate itemId="119065" itemNum="1" dropBaseRate="2" dropPlayerMaxLevel="100"  todayServerDropNum="1" playerCopyNumAdd="4" playerAddRate="5" playerAddRateMax="30" serverCopyNumAdd="500" serverDropNum="1" serverAddRate="10" serverAddRateMax="20"/>
		<dropdate itemId="120065" itemNum="1" dropBaseRate="2" dropPlayerMaxLevel="100"  todayServerDropNum="1" playerCopyNumAdd="4" playerAddRate="5" playerAddRateMax="30" serverCopyNumAdd="500" serverDropNum="1" serverAddRate="10" serverAddRateMax="20"/>
		<dropdate itemId="129065" itemNum="1" dropBaseRate="2" dropPlayerMaxLevel="100"  todayServerDropNum="1" playerCopyNumAdd="4" playerAddRate="5" playerAddRateMax="30" serverCopyNumAdd="500" serverDropNum="1" serverAddRate="10" serverAddRateMax="20"/>
		<dropdate itemId="130065" itemNum="1" dropBaseRate="2" dropPlayerMaxLevel="100"  todayServerDropNum="1" playerCopyNumAdd="4" playerAddRate="5" playerAddRateMax="30" serverCopyNumAdd="500" serverDropNum="1" serverAddRate="10" serverAddRateMax="20"/>
		<dropdate itemId="139065" itemNum="1" dropBaseRate="2" dropPlayerMaxLevel="100"  todayServerDropNum="1" playerCopyNumAdd="4" playerAddRate="5" playerAddRateMax="30" serverCopyNumAdd="500" serverDropNum="1" serverAddRate="10" serverAddRateMax="20"/>
		<dropdate itemId="118065" itemNum="1" dropBaseRate="2" dropPlayerMaxLevel="100"  todayServerDropNum="1" playerCopyNumAdd="4" playerAddRate="5" playerAddRateMax="30" serverCopyNumAdd="500" serverDropNum="1" serverAddRate="10" serverAddRateMax="20"/>
		<dropdate itemId="117065" itemNum="1" dropBaseRate="2" dropPlayerMaxLevel="100"  todayServerDropNum="1" playerCopyNumAdd="4" playerAddRate="5" playerAddRateMax="30" serverCopyNumAdd="500" serverDropNum="1" serverAddRate="10" serverAddRateMax="20"/>
		<dropdate itemId="128065" itemNum="1" dropBaseRate="2" dropPlayerMaxLevel="100"  todayServerDropNum="1" playerCopyNumAdd="4" playerAddRate="5" playerAddRateMax="30" serverCopyNumAdd="500" serverDropNum="1" serverAddRate="10" serverAddRateMax="20"/>
		<dropdate itemId="127065" itemNum="1" dropBaseRate="2" dropPlayerMaxLevel="100"  todayServerDropNum="1" playerCopyNumAdd="4" playerAddRate="5" playerAddRateMax="30" serverCopyNumAdd="500" serverDropNum="1" serverAddRate="10" serverAddRateMax="20"/>
		<dropdate itemId="138065" itemNum="1" dropBaseRate="2" dropPlayerMaxLevel="100"  todayServerDropNum="1" playerCopyNumAdd="4" playerAddRate="5" playerAddRateMax="30" serverCopyNumAdd="500" serverDropNum="1" serverAddRate="10" serverAddRateMax="20"/>
		<dropdate itemId="137065" itemNum="1" dropBaseRate="2" dropPlayerMaxLevel="100"  todayServerDropNum="1" playerCopyNumAdd="4" playerAddRate="5" playerAddRateMax="30" serverCopyNumAdd="500" serverDropNum="1" serverAddRate="10" serverAddRateMax="20"/>
		<dropdate itemId="2050159" itemNum="1" dropBaseRate="200" dropPlayerMaxLevel="60"  todayServerDropNum="150" playerCopyNumAdd="1" playerAddRate="100" playerAddRateMax="1000" serverCopyNumAdd="0" serverDropNum="0" serverAddRate="0" serverAddRateMax="0"/>
		<dropdate itemId="2050142" itemNum="1" dropBaseRate="100" dropPlayerMaxLevel="60"  todayServerDropNum="600" playerCopyNumAdd="2" playerAddRate="200" playerAddRateMax="1500" serverCopyNumAdd="0" serverDropNum="0" serverAddRate="0" serverAddRateMax="0"/>
	</drop>
	<drop no = "5"> <!--60级试练之地-->
		<dropdate itemId="110075" itemNum="1" dropBaseRate="2" dropPlayerMaxLevel="100"  todayServerDropNum="1" playerCopyNumAdd="4" playerAddRate="5" playerAddRateMax="30" serverCopyNumAdd="500" serverDropNum="1" serverAddRate="10" serverAddRateMax="20"/>
		<dropdate itemId="119075" itemNum="1" dropBaseRate="2" dropPlayerMaxLevel="100"  todayServerDropNum="1" playerCopyNumAdd="4" playerAddRate="5" playerAddRateMax="30" serverCopyNumAdd="500" serverDropNum="1" serverAddRate="10" serverAddRateMax="20"/>
		<dropdate itemId="120075" itemNum="1" dropBaseRate="2" dropPlayerMaxLevel="100"  todayServerDropNum="1" playerCopyNumAdd="4" playerAddRate="5" playerAddRateMax="30" serverCopyNumAdd="500" serverDropNum="1" serverAddRate="10" serverAddRateMax="20"/>
		<dropdate itemId="129075" itemNum="1" dropBaseRate="2" dropPlayerMaxLevel="100"  todayServerDropNum="1" playerCopyNumAdd="4" playerAddRate="5" playerAddRateMax="30" serverCopyNumAdd="500" serverDropNum="1" serverAddRate="10" serverAddRateMax="20"/>
		<dropdate itemId="130075" itemNum="1" dropBaseRate="2" dropPlayerMaxLevel="100"  todayServerDropNum="1" playerCopyNumAdd="4" playerAddRate="5" playerAddRateMax="30" serverCopyNumAdd="500" serverDropNum="1" serverAddRate="10" serverAddRateMax="20"/>
		<dropdate itemId="139075" itemNum="1" dropBaseRate="2" dropPlayerMaxLevel="100"  todayServerDropNum="1" playerCopyNumAdd="4" playerAddRate="5" playerAddRateMax="30" serverCopyNumAdd="500" serverDropNum="1" serverAddRate="10" serverAddRateMax="20"/>
		<dropdate itemId="118075" itemNum="1" dropBaseRate="2" dropPlayerMaxLevel="100"  todayServerDropNum="1" playerCopyNumAdd="4" playerAddRate="5" playerAddRateMax="30" serverCopyNumAdd="500" serverDropNum="1" serverAddRate="10" serverAddRateMax="20"/>
		<dropdate itemId="117075" itemNum="1" dropBaseRate="2" dropPlayerMaxLevel="100"  todayServerDropNum="1" playerCopyNumAdd="4" playerAddRate="5" playerAddRateMax="30" serverCopyNumAdd="500" serverDropNum="1" serverAddRate="10" serverAddRateMax="20"/>
		<dropdate itemId="128075" itemNum="1" dropBaseRate="2" dropPlayerMaxLevel="100"  todayServerDropNum="1" playerCopyNumAdd="4" playerAddRate="5" playerAddRateMax="30" serverCopyNumAdd="500" serverDropNum="1" serverAddRate="10" serverAddRateMax="20"/>
		<dropdate itemId="127075" itemNum="1" dropBaseRate="2" dropPlayerMaxLevel="100"  todayServerDropNum="1" playerCopyNumAdd="4" playerAddRate="5" playerAddRateMax="30" serverCopyNumAdd="500" serverDropNum="1" serverAddRate="10" serverAddRateMax="20"/>
		<dropdate itemId="138075" itemNum="1" dropBaseRate="2" dropPlayerMaxLevel="100"  todayServerDropNum="1" playerCopyNumAdd="4" playerAddRate="5" playerAddRateMax="30" serverCopyNumAdd="500" serverDropNum="1" serverAddRate="10" serverAddRateMax="20"/>
		<dropdate itemId="137075" itemNum="1" dropBaseRate="2" dropPlayerMaxLevel="100"  todayServerDropNum="1" playerCopyNumAdd="4" playerAddRate="5" playerAddRateMax="30" serverCopyNumAdd="500" serverDropNum="1" serverAddRate="10" serverAddRateMax="20"/>
		<dropdate itemId="2050159" itemNum="1" dropBaseRate="200" dropPlayerMaxLevel="70"  todayServerDropNum="150" playerCopyNumAdd="1" playerAddRate="100" playerAddRateMax="1000" serverCopyNumAdd="0" serverDropNum="0" serverAddRate="0" serverAddRateMax="0"/>
		<dropdate itemId="2050142" itemNum="1" dropBaseRate="100" dropPlayerMaxLevel="70"  todayServerDropNum="600" playerCopyNumAdd="2" playerAddRate="200" playerAddRateMax="1500" serverCopyNumAdd="0" serverDropNum="0" serverAddRate="0" serverAddRateMax="0"/>
	</drop>
</exceptionDrops>


