<expedition>
   <storey parentLevel="1">  
	<gamecopy id="10011" name="傲慢01" level="1" exp="26" money="3" spirit="1">
		<map id="20102011">
		<Monster id="200229" name="精灵射手" x="100" y="150" />
		<Monster id="200229" name="精灵射手" x="100" y="150" /> 
		<Monster id="200229" name="精灵射手" x="100" y="150" />
		<Monster id="200230" name="精灵法师" x="100" y="150" />
		<Monster id="200230" name="精灵法师" x="100" y="150" />
		<Monster id="200230" name="精灵法师" x="100" y="150" />
		</map>
	</gamecopy>
   	<gamecopy id="10012" name="傲慢02" level="2" exp="26" money="3" spirit="1">
		<map id="20102012">
		<Monster id="200229" name="精灵射手" x="100" y="150" />
		<Monster id="200229" name="精灵射手" x="100" y="150" />
		<Monster id="200229" name="精灵射手" x="100" y="150" />
		<Monster id="200230" name="精灵法师" x="100" y="150" />
		<Monster id="200230" name="精灵法师" x="100" y="150" />
		<Monster id="200230" name="精灵法师" x="100" y="150" />
		</map>
   </gamecopy>
   	<gamecopy id="10013" name="傲慢03" level="3" exp="26" money="3" spirit="1">
		<map id="20102013">
		<Monster id="200229" name="精灵射手" x="100" y="150" />
		<Monster id="200229" name="精灵射手" x="100" y="150" />
		<Monster id="200229" name="精灵射手" x="100" y="150" />
		<Monster id="200230" name="精灵法师" x="100" y="150" />
		<Monster id="200230" name="精灵法师" x="100" y="150" />
		<Monster id="200230" name="精灵法师" x="100" y="150" />
		</map>
   </gamecopy>
	<gamecopy id="10014" name="傲慢04" level="4" exp="26" money="3" spirit="1">
		<map id="20102021">
		<Monster id="200229" name="精灵射手" x="100" y="150" />
		<Monster id="200229" name="精灵射手" x="100" y="150" />
		<Monster id="200229" name="精灵射手" x="100" y="150" />
		<Monster id="200230" name="精灵法师" x="100" y="150" />
		<Monster id="200230" name="精灵法师" x="100" y="150" />
		<Monster id="200230" name="精灵法师" x="100" y="150" />
		</map>
	</gamecopy>
   	<gamecopy id="10015" name="傲慢05" level="5" exp="26" money="3" spirit="1">
		<map id="20102022">
		<Monster id="200229" name="精灵射手" x="100" y="150" />
		<Monster id="200229" name="精灵射手" x="100" y="150" />
		<Monster id="200229" name="精灵射手" x="100" y="150" />
		<Monster id="200230" name="精灵法师" x="100" y="150" />
		<Monster id="200230" name="精灵法师" x="100" y="150" />
		<Monster id="200230" name="精灵法师" x="100" y="150" />
		<Monster id="200231" name="精灵族长" x="100" y="150" />
		</map>
    </gamecopy>
   	<gamecopy id="10016" name="傲慢06" level="6" exp="26" money="3" spirit="1">
		<map id="20102023">
		<Monster id="200232" name="精灵射手" x="100" y="150" />
		<Monster id="200232" name="精灵射手" x="100" y="150" />
		<Monster id="200232" name="精灵射手" x="100" y="150" />
		<Monster id="200233" name="精灵法师" x="100" y="150" />
		<Monster id="200233" name="精灵法师" x="100" y="150" />
		<Monster id="200233" name="精灵法师" x="100" y="150" />
		</map>
	</gamecopy>
   	<gamecopy id="10017" name="傲慢07" level="7" exp="26" money="3" spirit="1">
		<map id="20102023">
		<Monster id="200232" name="精灵射手" x="100" y="150" />
		<Monster id="200232" name="精灵射手" x="100" y="150" />
		<Monster id="200232" name="精灵射手" x="100" y="150" />
		<Monster id="200233" name="精灵法师" x="100" y="150" />
		<Monster id="200233" name="精灵法师" x="100" y="150" />
		<Monster id="200233" name="精灵法师" x="100" y="150" />
		</map>
	</gamecopy>
   	<gamecopy id="10018" name="傲慢08" level="8" exp="26" money="3" spirit="1">
		<map id="20102032">
		<Monster id="200232" name="精灵射手" x="100" y="150" />
		<Monster id="200232" name="精灵射手" x="100" y="150" />
		<Monster id="200232" name="精灵射手" x="100" y="150" />
		<Monster id="200233" name="精灵法师" x="100" y="150" />
		<Monster id="200233" name="精灵法师" x="100" y="150" />
		<Monster id="200233" name="精灵法师" x="100" y="150" />
		</map>
   </gamecopy>
   	<gamecopy id="10019" name="傲慢09" level="9" exp="26" money="3" spirit="1">
		<map id="20102033">
		<Monster id="200232" name="精灵射手" x="100" y="150" />
		<Monster id="200232" name="精灵射手" x="100" y="150" />
		<Monster id="200232" name="精灵射手" x="100" y="150" />
		<Monster id="200233" name="精灵法师" x="100" y="150" />
		<Monster id="200233" name="精灵法师" x="100" y="150" />
		<Monster id="200233" name="精灵法师" x="100" y="150" />
		</map>
   </gamecopy>
   	<gamecopy id="10020" name="傲慢10" level="10" exp="26" money="3" spirit="1">
		<map id="20102041">
		<Monster id="200232" name="精灵射手" x="100" y="150" />
		<Monster id="200232" name="精灵射手" x="100" y="150" />
		<Monster id="200232" name="精灵射手" x="100" y="150" />
		<Monster id="200233" name="精灵法师" x="100" y="150" />
		<Monster id="200233" name="精灵法师" x="100" y="150" />
		<Monster id="200233" name="精灵法师" x="100" y="150" />
		</map>
   </gamecopy>
   </storey>  
   <storey parentLevel="2">  
    <gamecopy id="10021" name="嫉妒01" level="1" exp="26" money="3" spirit="1">
		<map id="20102042">
		<Monster id="200235" name="双头魔狼" x="100" y="150" />
		<Monster id="200235" name="双头魔狼" x="100" y="150" />
		<Monster id="200235" name="双头魔狼" x="100" y="150" />
		<Monster id="200236" name="黑蝙蝠" x="100" y="150" />
		<Monster id="200236" name="黑蝙蝠" x="100" y="150" />
		<Monster id="200236" name="黑蝙蝠" x="100" y="150" />
		</map>
   </gamecopy>		
   	<gamecopy id="10022" name="嫉妒02" level="2" exp="26" money="3" spirit="1">
		<map id="20102043">
		<Monster id="200235" name="双头魔狼" x="100" y="150" />
		<Monster id="200235" name="双头魔狼" x="100" y="150" />
		<Monster id="200235" name="双头魔狼" x="100" y="150" />
		<Monster id="200236" name="黑蝙蝠" x="100" y="150" />
		<Monster id="200236" name="黑蝙蝠" x="100" y="150" />
		<Monster id="200236" name="黑蝙蝠" x="100" y="150" />
		</map>	
   </gamecopy>
   	<gamecopy id="10023" name="嫉妒03" level="3" exp="26" money="3" spirit="1">
		<map id="20102051">
		<Monster id="200235" name="双头魔狼" x="100" y="150" />
		<Monster id="200235" name="双头魔狼" x="100" y="150" />
		<Monster id="200235" name="双头魔狼" x="100" y="150" />
		<Monster id="200236" name="黑蝙蝠" x="100" y="150" />
		<Monster id="200236" name="黑蝙蝠" x="100" y="150" />
		<Monster id="200236" name="黑蝙蝠" x="100" y="150" />
		</map>
   </gamecopy>
   	<gamecopy id="10024" name="嫉妒04" level="4" exp="26" money="3" spirit="1">
		<map id="20102052">
		<Monster id="200235" name="双头魔狼" x="100" y="150" />
		<Monster id="200235" name="双头魔狼" x="100" y="150" />
		<Monster id="200235" name="双头魔狼" x="100" y="150" />
		<Monster id="200236" name="黑蝙蝠" x="100" y="150" />
		<Monster id="200236" name="黑蝙蝠" x="100" y="150" />
		<Monster id="200236" name="黑蝙蝠" x="100" y="150" />
		</map>	
   </gamecopy>    
   	<gamecopy id="10025" name="嫉妒05" level="5" exp="26" money="3" spirit="1">
		<map id="20102053">
		<Monster id="200235" name="双头魔狼" x="100" y="150" />
		<Monster id="200235" name="双头魔狼" x="100" y="150" />
		<Monster id="200235" name="双头魔狼" x="100" y="150" />
		<Monster id="200236" name="黑蝙蝠" x="100" y="150" />
		<Monster id="200236" name="黑蝙蝠" x="100" y="150" />
		<Monster id="200236" name="黑蝙蝠" x="100" y="150" />
		<Monster id="200237" name="红龙" x="100" y="150" />
		</map>	
   </gamecopy> 
   	<gamecopy id="10026" name="嫉妒06" level="6" exp="26" money="3" spirit="1">
		<map id="20102061">
		<Monster id="200238" name="黑龙" x="100" y="150" />
		<Monster id="200238" name="黑龙" x="100" y="150" />
		<Monster id="200238" name="黑龙" x="100" y="150" />
		<Monster id="200239" name="绿龙" x="100" y="150" />
		<Monster id="200239" name="绿龙" x="100" y="150" />
		<Monster id="200239" name="绿龙" x="100" y="150" />
		</map>
   </gamecopy>
   	<gamecopy id="10027" name="嫉妒07" level="7" exp="26" money="3" spirit="1">
		<map id="20102062">
		<Monster id="200238" name="黑龙" x="100" y="150" />
		<Monster id="200238" name="黑龙" x="100" y="150" />
		<Monster id="200238" name="黑龙" x="100" y="150" />
		<Monster id="200239" name="绿龙" x="100" y="150" />
		<Monster id="200239" name="绿龙" x="100" y="150" />
		<Monster id="200239" name="绿龙" x="100" y="150" />
		</map>
   </gamecopy>
   	<gamecopy id="10028" name="嫉妒08" level="8" exp="26" money="3" spirit="1">
		<map id="20102063">
		<Monster id="200238" name="黑龙" x="100" y="150" />
		<Monster id="200238" name="黑龙" x="100" y="150" />
		<Monster id="200238" name="黑龙" x="100" y="150" />
		<Monster id="200239" name="绿龙" x="100" y="150" />
		<Monster id="200239" name="绿龙" x="100" y="150" />
		<Monster id="200239" name="绿龙" x="100" y="150" />
		</map>
   </gamecopy>
   	<gamecopy id="10029" name="嫉妒09" level="9" exp="26" money="3" spirit="1">
		<map id="20102071">
		<Monster id="200238" name="黑龙" x="100" y="150" />
		<Monster id="200238" name="黑龙" x="100" y="150" />
		<Monster id="200238" name="黑龙" x="100" y="150" />
		<Monster id="200239" name="绿龙" x="100" y="150" />
		<Monster id="200239" name="绿龙" x="100" y="150" />
		<Monster id="200239" name="绿龙" x="100" y="150" />
		</map>
   </gamecopy>
   	<gamecopy id="10030" name="嫉妒10" level="10" exp="26" money="3" spirit="1">
		<map id="20102072">
		<Monster id="200238" name="黑龙" x="100" y="150" />
		<Monster id="200238" name="黑龙" x="100" y="150" />
		<Monster id="200238" name="黑龙" x="100" y="150" />
		<Monster id="200239" name="绿龙" x="100" y="150" />
		<Monster id="200239" name="绿龙" x="100" y="150" />
		<Monster id="200239" name="绿龙" x="100" y="150" />
		<Monster id="200240" name="金龙" x="100" y="150" />
		</map>
   </gamecopy>
   	<gamecopy id="10031" name="嫉妒11" level="11" exp="26" money="3" spirit="1">
		<map id="20102073">
		<Monster id="200241" name="炎龙" x="100" y="150" />
		<Monster id="200241" name="炎龙" x="100" y="150" />
		<Monster id="200241" name="炎龙" x="100" y="150" />
		<Monster id="200242" name="冰雪巨人" x="100" y="150" />
		<Monster id="200242" name="冰雪巨人" x="100" y="150" />
		<Monster id="200242" name="冰雪巨人" x="100" y="150" />
		</map>
   </gamecopy>
   	<gamecopy id="10032" name="嫉妒12" level="12" exp="26" money="3" spirit="1">
		<map id="20102081">
		<Monster id="200241" name="炎龙" x="100" y="150" />
		<Monster id="200241" name="炎龙" x="100" y="150" />
		<Monster id="200241" name="炎龙" x="100" y="150" />
		<Monster id="200242" name="冰雪巨人" x="100" y="150" />
		<Monster id="200242" name="冰雪巨人" x="100" y="150" />
		<Monster id="200242" name="冰雪巨人" x="100" y="150" />
		</map>
   </gamecopy>
   	<gamecopy id="10033" name="嫉妒13" level="13" exp="26" money="3" spirit="1">
		<map id="20102082">
		<Monster id="200241" name="炎龙" x="100" y="150" />
		<Monster id="200241" name="炎龙" x="100" y="150" />
		<Monster id="200241" name="炎龙" x="100" y="150" />
		<Monster id="200242" name="冰雪巨人" x="100" y="150" />
		<Monster id="200242" name="冰雪巨人" x="100" y="150" />
		<Monster id="200242" name="冰雪巨人" x="100" y="150" />
		</map>
   </gamecopy>
   	<gamecopy id="10034" name="嫉妒14" level="14" exp="26" money="3" spirit="1">
		<map id="20102082">
		<Monster id="200241" name="炎龙" x="100" y="150" />
		<Monster id="200241" name="炎龙" x="100" y="150" />
		<Monster id="200241" name="炎龙" x="100" y="150" />
		<Monster id="200242" name="冰雪巨人" x="100" y="150" />
		<Monster id="200242" name="冰雪巨人" x="100" y="150" />
		<Monster id="200242" name="冰雪巨人" x="100" y="150" />
		</map>
   </gamecopy>
   	<gamecopy id="10035" name="嫉妒15" level="15" exp="26" money="3" spirit="1">
		<map id="20102091">
		<Monster id="200241" name="炎龙" x="100" y="150" />
		<Monster id="200241" name="炎龙" x="100" y="150" />
		<Monster id="200241" name="炎龙" x="100" y="150" />
		<Monster id="200242" name="冰雪巨人" x="100" y="150" />
		<Monster id="200242" name="冰雪巨人" x="100" y="150" />
		<Monster id="200242" name="冰雪巨人" x="100" y="150" />
		<Monster id="200243" name="黑精灵祭司" x="100" y="150" />
		</map>
   </gamecopy>
   </storey>  
   <storey parentLevel="3">  
    <gamecopy id="10041" name="暴怒01" level="1" exp="26" money="3" spirit="1">
		<map id="20102092">
		<Monster id="200244" name="岩石战士" x="100" y="150" />
		<Monster id="200244" name="岩石战士" x="100" y="150" />
		<Monster id="200244" name="岩石战士" x="100" y="150" />
		<Monster id="200245" name="黑暗魔兵" x="100" y="150" />
		<Monster id="200245" name="黑暗魔兵" x="100" y="150" />
		<Monster id="200245" name="黑暗魔兵" x="100" y="150" />
		</map>
   </gamecopy>
   	<gamecopy id="10042" name="暴怒02" level="2" exp="26" money="3" spirit="1">
		<map id="20102093">
		<Monster id="200244" name="岩石战士" x="100" y="150" />
		<Monster id="200244" name="岩石战士" x="100" y="150" />
		<Monster id="200244" name="岩石战士" x="100" y="150" />
		<Monster id="200245" name="黑暗魔兵" x="100" y="150" />
		<Monster id="200245" name="黑暗魔兵" x="100" y="150" />
		<Monster id="200245" name="黑暗魔兵" x="100" y="150" />
		</map>
   </gamecopy>
   	<gamecopy id="10043" name="暴怒03" level="3" exp="26" money="3" spirit="1">
		<map id="20202011">
		<Monster id="200244" name="岩石战士" x="100" y="150" />
		<Monster id="200244" name="岩石战士" x="100" y="150" />
		<Monster id="200244" name="岩石战士" x="100" y="150" />
		<Monster id="200245" name="黑暗魔兵" x="100" y="150" />
		<Monster id="200245" name="黑暗魔兵" x="100" y="150" />
		<Monster id="200245" name="黑暗魔兵" x="100" y="150" />
		</map>
   </gamecopy>
   	<gamecopy id="10044" name="暴怒04" level="4" exp="26" money="3" spirit="1">
		<map id="20202013">
		<Monster id="200244" name="岩石战士" x="100" y="150" />
		<Monster id="200244" name="岩石战士" x="100" y="150" />
		<Monster id="200244" name="岩石战士" x="100" y="150" />
		<Monster id="200245" name="黑暗魔兵" x="100" y="150" />
		<Monster id="200245" name="黑暗魔兵" x="100" y="150" />
		<Monster id="200245" name="黑暗魔兵" x="100" y="150" />
		</map>
   </gamecopy>
   	<gamecopy id="10045" name="暴怒05" level="5" exp="26" money="3" spirit="1">
		<map id="20202012">
		<Monster id="200244" name="岩石战士" x="100" y="150" />
		<Monster id="200244" name="岩石战士" x="100" y="150" />
		<Monster id="200244" name="岩石战士" x="100" y="150" />
		<Monster id="200245" name="黑暗魔兵" x="100" y="150" />
		<Monster id="200245" name="黑暗魔兵" x="100" y="150" />
		<Monster id="200245" name="黑暗魔兵" x="100" y="150" />
		<Monster id="200246" name="骷髅魔将" x="100" y="150" />
		</map>
   </gamecopy>
    <gamecopy id="10046" name="暴怒06" level="6" exp="26" money="3" spirit="1">
		<map id="20202021">
		<Monster id="200247" name="狂暴魔兵" x="100" y="150" />
		<Monster id="200247" name="狂暴魔兵" x="100" y="150" />
		<Monster id="200247" name="狂暴魔兵" x="100" y="150" />
		<Monster id="200248" name="嗜血魔兵" x="100" y="150" />
		<Monster id="200248" name="嗜血魔兵" x="100" y="150" />
		<Monster id="200248" name="嗜血魔兵" x="100" y="150" />
		</map>
   </gamecopy>
    <gamecopy id="10147" name="暴怒07" level="7" exp="26" money="3" spirit="1">
		<map id="20202023">
		<Monster id="200247" name="狂暴魔兵" x="100" y="150" />
		<Monster id="200247" name="狂暴魔兵" x="100" y="150" />
		<Monster id="200247" name="狂暴魔兵" x="100" y="150" />
		<Monster id="200248" name="嗜血魔兵" x="100" y="150" />
		<Monster id="200248" name="嗜血魔兵" x="100" y="150" />
		<Monster id="200248" name="嗜血魔兵" x="100" y="150" />
		</map>
   </gamecopy>
    <gamecopy id="10148" name="暴怒08" level="8" exp="26" money="3" spirit="1">
		<map id="20202022">
		<Monster id="200247" name="狂暴魔兵" x="100" y="150" />
		<Monster id="200247" name="狂暴魔兵" x="100" y="150" />
		<Monster id="200247" name="狂暴魔兵" x="100" y="150" />
		<Monster id="200248" name="嗜血魔兵" x="100" y="150" />
		<Monster id="200248" name="嗜血魔兵" x="100" y="150" />
		<Monster id="200248" name="嗜血魔兵" x="100" y="150" />
		</map>
   </gamecopy>
    <gamecopy id="10149" name="暴怒09" level="9" exp="26" money="3" spirit="1">
		<map id="20202031">
		<Monster id="200247" name="狂暴魔兵" x="100" y="150" />
		<Monster id="200247" name="狂暴魔兵" x="100" y="150" />
		<Monster id="200247" name="狂暴魔兵" x="100" y="150" />
		<Monster id="200248" name="嗜血魔兵" x="100" y="150" />
		<Monster id="200248" name="嗜血魔兵" x="100" y="150" />
		<Monster id="200248" name="嗜血魔兵" x="100" y="150" />
		</map>
   </gamecopy>
    <gamecopy id="10150" name="暴怒10" level="10" exp="26" money="3" spirit="1">
		<map id="20202033">
		<Monster id="200247" name="狂暴魔兵" x="100" y="150" />
		<Monster id="200247" name="狂暴魔兵" x="100" y="150" />
		<Monster id="200247" name="狂暴魔兵" x="100" y="150" />
		<Monster id="200248" name="嗜血魔兵" x="100" y="150" />
		<Monster id="200248" name="嗜血魔兵" x="100" y="150" />
		<Monster id="200248" name="嗜血魔兵" x="100" y="150" />
		<Monster id="200249" name="高级亡灵祭祀" x="100" y="150" />
		</map>
   </gamecopy>
    <gamecopy id="10151" name="暴怒11" level="11" exp="26" money="3" spirit="1">
		<map id="20202032">
		<Monster id="200247" name="狂暴魔兵" x="100" y="150" />
		<Monster id="200247" name="狂暴魔兵" x="100" y="150" />
		<Monster id="200247" name="狂暴魔兵" x="100" y="150" />
		<Monster id="200248" name="嗜血魔兵" x="100" y="150" />
		<Monster id="200248" name="嗜血魔兵" x="100" y="150" />
		<Monster id="200248" name="嗜血魔兵" x="100" y="150" />
		</map>
   </gamecopy>
    <gamecopy id="10152" name="暴怒12" level="12" exp="26" money="3" spirit="1">
		<map id="20202041">
		<Monster id="200250" name="黑精灵射手" x="100" y="150" />
		<Monster id="200250" name="黑精灵射手" x="100" y="150" />
		<Monster id="200250" name="黑精灵射手" x="100" y="150" />
		<Monster id="200251" name="黑精灵法师" x="100" y="150" />
		<Monster id="200251" name="黑精灵法师" x="100" y="150" />
		<Monster id="200251" name="黑精灵法师" x="100" y="150" />
		</map>
   </gamecopy>
    <gamecopy id="10153" name="暴怒13" level="13" exp="26" money="3" spirit="1">
		<map id="20202043">
		<Monster id="200250" name="黑精灵射手" x="100" y="150" />
		<Monster id="200250" name="黑精灵射手" x="100" y="150" />
		<Monster id="200250" name="黑精灵射手" x="100" y="150" />
		<Monster id="200251" name="黑精灵法师" x="100" y="150" />
		<Monster id="200251" name="黑精灵法师" x="100" y="150" />
		<Monster id="200251" name="黑精灵法师" x="100" y="150" />
		</map>
   </gamecopy>
    <gamecopy id="10154" name="暴怒14" level="14" exp="26" money="3" spirit="1">
		<map id="20202042">
		<Monster id="200250" name="黑精灵射手" x="100" y="150" />
		<Monster id="200250" name="黑精灵射手" x="100" y="150" />
		<Monster id="200250" name="黑精灵射手" x="100" y="150" />
		<Monster id="200251" name="黑精灵法师" x="100" y="150" />
		<Monster id="200251" name="黑精灵法师" x="100" y="150" />
		<Monster id="200251" name="黑精灵法师" x="100" y="150" />
		</map>
   </gamecopy>
    <gamecopy id="10155" name="暴怒15" level="15" exp="26" money="3" spirit="1">
		<map id="20202051">
		<Monster id="200250" name="黑精灵射手" x="100" y="150" />
		<Monster id="200250" name="黑精灵射手" x="100" y="150" />
		<Monster id="200250" name="黑精灵射手" x="100" y="150" />
		<Monster id="200251" name="黑精灵法师" x="100" y="150" />
		<Monster id="200251" name="黑精灵法师" x="100" y="150" />
		<Monster id="200251" name="黑精灵法师" x="100" y="150" />
		<Monster id="200252" name="黄金骨龙" x="100" y="150" />
		</map>
   </gamecopy>
    <gamecopy id="10156" name="暴怒16" level="16" exp="26" money="3" spirit="1">
		<map id="20202053">
		<Monster id="200253" name="感染的村民" x="100" y="150" />
		<Monster id="200253" name="感染的村民" x="100" y="150" />
		<Monster id="200253" name="感染的村民" x="100" y="150" />
		<Monster id="200254" name="骷髅魔兵" x="100" y="150" />
		<Monster id="200254" name="骷髅魔兵" x="100" y="150" />
		<Monster id="200254" name="骷髅魔兵" x="100" y="150" />
		</map>
   </gamecopy>
    <gamecopy id="10157" name="暴怒17" level="17" exp="26" money="3" spirit="1">
		<map id="20202052">
		<Monster id="200253" name="感染的村民" x="100" y="150" />
		<Monster id="200253" name="感染的村民" x="100" y="150" />
		<Monster id="200253" name="感染的村民" x="100" y="150" />
		<Monster id="200254" name="骷髅魔兵" x="100" y="150" />
		<Monster id="200254" name="骷髅魔兵" x="100" y="150" />
		<Monster id="200254" name="骷髅魔兵" x="100" y="150" />
		</map>
   </gamecopy>
    <gamecopy id="10158" name="暴怒18" level="18" exp="26" money="3" spirit="1">
		<map id="20202061">
		<Monster id="200253" name="感染的村民" x="100" y="150" />
		<Monster id="200253" name="感染的村民" x="100" y="150" />
		<Monster id="200253" name="感染的村民" x="100" y="150" />
		<Monster id="200254" name="骷髅魔兵" x="100" y="150" />
		<Monster id="200254" name="骷髅魔兵" x="100" y="150" />
		<Monster id="200254" name="骷髅魔兵" x="100" y="150" />
		</map>
   </gamecopy>
    <gamecopy id="10159" name="暴怒19" level="19" exp="26" money="3" spirit="1">
		<map id="20202063">
		<Monster id="200253" name="感染的村民" x="100" y="150" />
		<Monster id="200253" name="感染的村民" x="100" y="150" />
		<Monster id="200253" name="感染的村民" x="100" y="150" />
		<Monster id="200254" name="骷髅魔兵" x="100" y="150" />
		<Monster id="200254" name="骷髅魔兵" x="100" y="150" />
		<Monster id="200254" name="骷髅魔兵" x="100" y="150" />
		</map>
   </gamecopy>
    <gamecopy id="10160" name="暴怒20" level="20" exp="26" money="3" spirit="1">
		<map id="20202062">
		<Monster id="200253" name="感染的村民" x="100" y="150" />
		<Monster id="200253" name="感染的村民" x="100" y="150" />
		<Monster id="200253" name="感染的村民" x="100" y="150" />
		<Monster id="200254" name="骷髅魔兵" x="100" y="150" />
		<Monster id="200254" name="骷髅魔兵" x="100" y="150" />
		<Monster id="200254" name="骷髅魔兵" x="100" y="150" />
		<Monster id="200255" name="圣裁骑士" x="100" y="150" />
		</map>
   </gamecopy>
   </storey>  
   <storey parentLevel="4">  
   <gamecopy id="10071" name="懒惰01" level="1" exp="26" money="3" spirit="1">
		<map id="20202071">
		<Monster id="200023" name="流窜的土匪" x="100" y="150" />
		<Monster id="200023" name="流窜的土匪" x="100" y="150" />
		<Monster id="200023" name="流窜的土匪" x="100" y="150" />
		<Monster id="200023" name="流窜的土匪" x="100" y="150" />
		<Monster id="200002" name="流窜的土匪" x="100" y="150" />
		<Monster id="200002" name="沼泽魔兵" x="100" y="150" />
		</map>
   </gamecopy>
   <gamecopy id="10072" name="懒惰02" level="2" exp="26" money="3" spirit="1">
		<map id="20202073">
		<Monster id="200256" name="高级亡灵法师" x="100" y="150" />
		<Monster id="200256" name="高级亡灵法师" x="100" y="150" />
		<Monster id="200256" name="高级亡灵法师" x="100" y="150" />
		<Monster id="200257" name="光明骑士" x="100" y="150" />
		<Monster id="200257" name="光明骑士" x="100" y="150" />
		<Monster id="200257" name="光明骑士" x="100" y="150" />
		</map>
   </gamecopy>
   <gamecopy id="10073" name="懒惰03" level="3" exp="26" money="3" spirit="1">
		<map id="20202072">
		<Monster id="200256" name="高级亡灵法师" x="100" y="150" />
		<Monster id="200256" name="高级亡灵法师" x="100" y="150" />
		<Monster id="200256" name="高级亡灵法师" x="100" y="150" />
		<Monster id="200257" name="光明骑士" x="100" y="150" />
		<Monster id="200257" name="光明骑士" x="100" y="150" />
		<Monster id="200257" name="光明骑士" x="100" y="150" />
		</map>
   </gamecopy>
   <gamecopy id="10074" name="懒惰04" level="4" exp="26" money="3" spirit="1">
		<map id="20202081">
		<Monster id="200256" name="高级亡灵法师" x="100" y="150" />
		<Monster id="200256" name="高级亡灵法师" x="100" y="150" />
		<Monster id="200256" name="高级亡灵法师" x="100" y="150" />
		<Monster id="200257" name="光明骑士" x="100" y="150" />
		<Monster id="200257" name="光明骑士" x="100" y="150" />
		<Monster id="200257" name="光明骑士" x="100" y="150" />
		</map>
   </gamecopy>
   <gamecopy id="10075" name="懒惰05" level="5" exp="26" money="3" spirit="1">
		<map id="20202083">
		<Monster id="200256" name="高级亡灵法师" x="100" y="150" />
		<Monster id="200256" name="高级亡灵法师" x="100" y="150" />
		<Monster id="200256" name="高级亡灵法师" x="100" y="150" />
		<Monster id="200257" name="光明骑士" x="100" y="150" />
		<Monster id="200257" name="光明骑士" x="100" y="150" />
		<Monster id="200257" name="光明骑士" x="100" y="150" />
		<Monster id="200258" name="高级魔法师" x="100" y="150" />		
		</map>
   </gamecopy>
   <gamecopy id="10076" name="懒惰06" level="6" exp="26" money="3" spirit="1">
		<map id="20202082">
		<Monster id="200259" name="中级魔法师" x="100" y="150" />
		<Monster id="200259" name="中级魔法师" x="100" y="150" />
		<Monster id="200259" name="中级魔法师" x="100" y="150" />
		<Monster id="200260" name="巨钳魔蝎" x="100" y="150" />
		<Monster id="200260" name="巨钳魔蝎" x="100" y="150" />
		<Monster id="200260" name="巨钳魔蝎" x="100" y="150" />
		</map>
   </gamecopy>
   <gamecopy id="10077" name="懒惰07" level="7" exp="26" money="3" spirit="1">
		<map id="20202091">
		<Monster id="200259" name="中级魔法师" x="100" y="150" />
		<Monster id="200259" name="中级魔法师" x="100" y="150" />
		<Monster id="200259" name="中级魔法师" x="100" y="150" />
		<Monster id="200260" name="巨钳魔蝎" x="100" y="150" />
		<Monster id="200260" name="巨钳魔蝎" x="100" y="150" />
		<Monster id="200260" name="巨钳魔蝎" x="100" y="150" />
		</map>
   </gamecopy>
   <gamecopy id="10078" name="懒惰08" level="8" exp="26" money="3" spirit="1">
		<map id="20202093">
		<Monster id="200259" name="中级魔法师" x="100" y="150" />
		<Monster id="200259" name="中级魔法师" x="100" y="150" />
		<Monster id="200259" name="中级魔法师" x="100" y="150" />
		<Monster id="200260" name="巨钳魔蝎" x="100" y="150" />
		<Monster id="200260" name="巨钳魔蝎" x="100" y="150" />
		<Monster id="200260" name="巨钳魔蝎" x="100" y="150" />
		</map>
   </gamecopy>
   <gamecopy id="10079" name="懒惰09" level="9" exp="26" money="3" spirit="1">
		<map id="20202092">
		<Monster id="200259" name="中级魔法师" x="100" y="150" />
		<Monster id="200259" name="中级魔法师" x="100" y="150" />
		<Monster id="200259" name="中级魔法师" x="100" y="150" />
		<Monster id="200260" name="巨钳魔蝎" x="100" y="150" />
		<Monster id="200260" name="巨钳魔蝎" x="100" y="150" />
		<Monster id="200260" name="巨钳魔蝎" x="100" y="150" />
		</map>
   </gamecopy>
   <gamecopy id="10080" name="懒惰10" level="10" exp="26" money="3" spirit="1">
		<map id="20202101">
		<Monster id="200259" name="中级魔法师" x="100" y="150" />
		<Monster id="200259" name="中级魔法师" x="100" y="150" />
		<Monster id="200259" name="中级魔法师" x="100" y="150" />
		<Monster id="200260" name="巨钳魔蝎" x="100" y="150" />
		<Monster id="200260" name="巨钳魔蝎" x="100" y="150" />
		<Monster id="200260" name="巨钳魔蝎" x="100" y="150" />
		<Monster id="200261" name="利爪恶魔" x="100" y="150" />
		</map>
   </gamecopy>
   <gamecopy id="10081" name="懒惰11" level="11" exp="26" money="3" spirit="1">
		<map id="20202103">
		<Monster id="200262" name="树灵" x="100" y="150" />
		<Monster id="200262" name="树灵" x="100" y="150" />
		<Monster id="200262" name="树灵" x="100" y="150" />
		<Monster id="200263" name="巨熊" x="100" y="150" />
		<Monster id="200263" name="巨熊" x="100" y="150" />
		<Monster id="200263" name="巨熊" x="100" y="150" />
		</map>
   </gamecopy>
   <gamecopy id="10082" name="懒惰12" level="12" exp="26" money="3" spirit="1">
		<map id="20202103">
		<Monster id="200262" name="树灵" x="100" y="150" />
		<Monster id="200262" name="树灵" x="100" y="150" />
		<Monster id="200262" name="树灵" x="100" y="150" />
		<Monster id="200263" name="巨熊" x="100" y="150" />
		<Monster id="200263" name="巨熊" x="100" y="150" />
		<Monster id="200263" name="巨熊" x="100" y="150" />
		</map>
   </gamecopy>
   <gamecopy id="10083" name="懒惰13" level="13" exp="26" money="3" spirit="1">
		<map id="20202112">
		<Monster id="200262" name="树灵" x="100" y="150" />
		<Monster id="200262" name="树灵" x="100" y="150" />
		<Monster id="200262" name="树灵" x="100" y="150" />
		<Monster id="200263" name="巨熊" x="100" y="150" />
		<Monster id="200263" name="巨熊" x="100" y="150" />
		<Monster id="200263" name="巨熊" x="100" y="150" />
		</map>
   </gamecopy>
   <gamecopy id="10084" name="懒惰14" level="14" exp="26" money="3" spirit="1">
		<map id="20202113">
		<Monster id="200262" name="树灵" x="100" y="150" />
		<Monster id="200262" name="树灵" x="100" y="150" />
		<Monster id="200262" name="树灵" x="100" y="150" />
		<Monster id="200263" name="巨熊" x="100" y="150" />
		<Monster id="200263" name="巨熊" x="100" y="150" />
		<Monster id="200263" name="巨熊" x="100" y="150" />
		</map>
   </gamecopy>
   <gamecopy id="10085" name="懒惰15" level="15" exp="26" money="3" spirit="1">
		<map id="20202123">
		<Monster id="200262" name="树灵" x="100" y="150" />
		<Monster id="200262" name="树灵" x="100" y="150" />
		<Monster id="200262" name="树灵" x="100" y="150" />
		<Monster id="200263" name="巨熊" x="100" y="150" />
		<Monster id="200263" name="巨熊" x="100" y="150" />
		<Monster id="200263" name="巨熊" x="100" y="150" />
		<Monster id="200264" name="生命之树" x="100" y="150" />		
		</map>
   </gamecopy>
   <gamecopy id="10086" name="懒惰16" level="16" exp="26" money="3" spirit="1">
		<map id="20202131">
		<Monster id="200265" name="地精战士" x="100" y="150" />
		<Monster id="200265" name="地精战士" x="100" y="150" />
		<Monster id="200265" name="地精战士" x="100" y="150" />
		<Monster id="200266" name="火焰巨人" x="100" y="150" />
		<Monster id="200266" name="火焰巨人" x="100" y="150" />
		<Monster id="200266" name="火焰巨人" x="100" y="150" />
		</map>
   </gamecopy>
   <gamecopy id="10087" name="懒惰17" level="17" exp="26" money="3" spirit="1">
		<map id="20202133">
		<Monster id="200265" name="地精战士" x="100" y="150" />
		<Monster id="200265" name="地精战士" x="100" y="150" />
		<Monster id="200265" name="地精战士" x="100" y="150" />
		<Monster id="200266" name="火焰巨人" x="100" y="150" />
		<Monster id="200266" name="火焰巨人" x="100" y="150" />
		<Monster id="200266" name="火焰巨人" x="100" y="150" />
		</map>
   </gamecopy>
   <gamecopy id="10088" name="懒惰18" level="18" exp="26" money="3" spirit="1">
		<map id="20202141">
		<Monster id="200265" name="地精战士" x="100" y="150" />
		<Monster id="200265" name="地精战士" x="100" y="150" />
		<Monster id="200265" name="地精战士" x="100" y="150" />
		<Monster id="200266" name="火焰巨人" x="100" y="150" />
		<Monster id="200266" name="火焰巨人" x="100" y="150" />
		<Monster id="200266" name="火焰巨人" x="100" y="150" />
		</map>
   </gamecopy>
   <gamecopy id="10089" name="懒惰19" level="19" exp="26" money="3" spirit="1">
		<map id="20202143">
		<Monster id="200265" name="地精战士" x="100" y="150" />
		<Monster id="200265" name="地精战士" x="100" y="150" />
		<Monster id="200265" name="地精战士" x="100" y="150" />
		<Monster id="200266" name="火焰巨人" x="100" y="150" />
		<Monster id="200266" name="火焰巨人" x="100" y="150" />
		<Monster id="200266" name="火焰巨人" x="100" y="150" />
		</map>
   </gamecopy>
   <gamecopy id="10090" name="懒惰20" level="20" exp="26" money="3" spirit="1">
		<map id="20202143">
		<Monster id="200265" name="地精战士" x="100" y="150" />
		<Monster id="200265" name="地精战士" x="100" y="150" />
		<Monster id="200265" name="地精战士" x="100" y="150" />
		<Monster id="200266" name="火焰巨人" x="100" y="150" />
		<Monster id="200266" name="火焰巨人" x="100" y="150" />
		<Monster id="200266" name="火焰巨人" x="100" y="150" />
		<Monster id="200267" name="地穴恶魔" x="100" y="150" />
		</map>
   </gamecopy>
   <gamecopy id="10091" name="懒惰21" level="21" exp="26" money="3" spirit="1">
		<map id="20202151">
		<Monster id="200023" name="黑龙" x="100" y="150" />
		<Monster id="200023" name="黑龙" x="100" y="150" />
		<Monster id="200023" name="黑龙" x="100" y="150" />
		<Monster id="200023" name="黑龙" x="100" y="150" />
		<Monster id="200002" name="黑龙" x="100" y="150" />
		<Monster id="200002" name="绿龙" x="100" y="150" />
		</map>
   </gamecopy>
   <gamecopy id="10092" name="懒惰22" level="22" exp="26" money="3" spirit="1">
		<map id="20202153">
		<Monster id="200268" name="狂暴的猩猩" x="100" y="150" />
		<Monster id="200268" name="狂暴的猩猩" x="100" y="150" />
		<Monster id="200268" name="狂暴的猩猩" x="100" y="150" />
		<Monster id="200269" name="骷髅射手" x="100" y="150" />
		<Monster id="200269" name="骷髅射手" x="100" y="150" />
		<Monster id="200269" name="骷髅射手" x="100" y="150" />
		</map>
   </gamecopy>
   <gamecopy id="10093" name="懒惰23" level="23" exp="26" money="3" spirit="1">
		<map id="20202151">
		<Monster id="200268" name="狂暴的猩猩" x="100" y="150" />
		<Monster id="200268" name="狂暴的猩猩" x="100" y="150" />
		<Monster id="200268" name="狂暴的猩猩" x="100" y="150" />
		<Monster id="200269" name="骷髅射手" x="100" y="150" />
		<Monster id="200269" name="骷髅射手" x="100" y="150" />
		<Monster id="200269" name="骷髅射手" x="100" y="150" />
		</map>
   </gamecopy>
   <gamecopy id="10094" name="懒惰24" level="24" exp="26" money="3" spirit="1">
		<map id="20202152">
		<Monster id="200268" name="狂暴的猩猩" x="100" y="150" />
		<Monster id="200268" name="狂暴的猩猩" x="100" y="150" />
		<Monster id="200268" name="狂暴的猩猩" x="100" y="150" />
		<Monster id="200269" name="骷髅射手" x="100" y="150" />
		<Monster id="200269" name="骷髅射手" x="100" y="150" />
		<Monster id="200269" name="骷髅射手" x="100" y="150" />
		</map>
   </gamecopy>
   <gamecopy id="10095" name="懒惰25" level="25" exp="26" money="3" spirit="1">
		<map id="20202161">
		<Monster id="200268" name="狂暴的猩猩" x="100" y="150" />
		<Monster id="200268" name="狂暴的猩猩" x="100" y="150" />
		<Monster id="200268" name="狂暴的猩猩" x="100" y="150" />
		<Monster id="200269" name="骷髅射手" x="100" y="150" />
		<Monster id="200269" name="骷髅射手" x="100" y="150" />
		<Monster id="200269" name="骷髅射手" x="100" y="150" />
		<Monster id="200270" name="火焰领主" x="100" y="150" />
		</map>
   </gamecopy>
   </storey>  
   <storey parentLevel="5">  
   <gamecopy id="10101" name="贪婪01" level="1" exp="26" money="3" spirit="1">
		<map id="20202071">
		<Monster id="200271" name="岩石怪" x="100" y="150" />
		<Monster id="200271" name="岩石怪" x="100" y="150" />
		<Monster id="200271" name="岩石怪" x="100" y="150" />
		<Monster id="200272" name="狂暴魔战士" x="100" y="150" />
		<Monster id="200272" name="狂暴魔战士" x="100" y="150" />
		<Monster id="200272" name="狂暴魔战士" x="100" y="150" />
		</map>
   </gamecopy>
   <gamecopy id="10102" name="贪婪02" level="2" exp="26" money="3" spirit="1">
		<map id="20202073">
		<Monster id="200271" name="岩石怪" x="100" y="150" />
		<Monster id="200271" name="岩石怪" x="100" y="150" />
		<Monster id="200271" name="岩石怪" x="100" y="150" />
		<Monster id="200272" name="狂暴魔战士" x="100" y="150" />
		<Monster id="200272" name="狂暴魔战士" x="100" y="150" />
		<Monster id="200272" name="狂暴魔战士" x="100" y="150" />
		</map>
   </gamecopy>
   <gamecopy id="10103" name="贪婪03" level="3" exp="26" money="3" spirit="1">
		<map id="20202072">
		<Monster id="200271" name="岩石怪" x="100" y="150" />
		<Monster id="200271" name="岩石怪" x="100" y="150" />
		<Monster id="200271" name="岩石怪" x="100" y="150" />
		<Monster id="200272" name="狂暴魔战士" x="100" y="150" />
		<Monster id="200272" name="狂暴魔战士" x="100" y="150" />
		<Monster id="200272" name="狂暴魔战士" x="100" y="150" />
		</map>
   </gamecopy>
   <gamecopy id="10104" name="贪婪04" level="4" exp="26" money="3" spirit="1">
		<map id="20202081">
		<Monster id="200271" name="岩石怪" x="100" y="150" />
		<Monster id="200271" name="岩石怪" x="100" y="150" />
		<Monster id="200271" name="岩石怪" x="100" y="150" />
		<Monster id="200272" name="狂暴魔战士" x="100" y="150" />
		<Monster id="200272" name="狂暴魔战士" x="100" y="150" />
		<Monster id="200272" name="狂暴魔战士" x="100" y="150" />
		</map>
   </gamecopy>
   <gamecopy id="10105" name="贪婪05" level="5" exp="26" money="3" spirit="1">
		<map id="20202083">
		<Monster id="200271" name="岩石怪" x="100" y="150" />
		<Monster id="200271" name="岩石怪" x="100" y="150" />
		<Monster id="200271" name="岩石怪" x="100" y="150" />
		<Monster id="200272" name="狂暴魔战士" x="100" y="150" />
		<Monster id="200272" name="狂暴魔战士" x="100" y="150" />
		<Monster id="200272" name="狂暴魔战士" x="100" y="150" />
		<Monster id="200273" name="大地之熊" x="100" y="150" />
		</map>
   </gamecopy>
   <gamecopy id="10106" name="贪婪06" level="6" exp="26" money="3" spirit="1">
		<map id="20202082">
		<Monster id="200274" name="黑暗魔战士" x="100" y="150" />
		<Monster id="200274" name="黑暗魔战士" x="100" y="150" />
		<Monster id="200274" name="黑暗魔战士" x="100" y="150" />
		<Monster id="200275" name="章鱼怪" x="100" y="150" />
		<Monster id="200275" name="章鱼怪" x="100" y="150" />
		<Monster id="200275" name="章鱼怪" x="100" y="150" />
		</map>
   </gamecopy>
   <gamecopy id="10107" name="贪婪07" level="7" exp="26" money="3" spirit="1">
		<map id="20202091">
		<Monster id="200274" name="黑暗魔战士" x="100" y="150" />
		<Monster id="200274" name="黑暗魔战士" x="100" y="150" />
		<Monster id="200274" name="黑暗魔战士" x="100" y="150" />
		<Monster id="200275" name="章鱼怪" x="100" y="150" />
		<Monster id="200275" name="章鱼怪" x="100" y="150" />
		<Monster id="200275" name="章鱼怪" x="100" y="150" />
		</map>
   </gamecopy>
   <gamecopy id="10108" name="贪婪08" level="8" exp="26" money="3" spirit="1">
		<map id="20202093">
		<Monster id="200274" name="黑暗魔战士" x="100" y="150" />
		<Monster id="200274" name="黑暗魔战士" x="100" y="150" />
		<Monster id="200274" name="黑暗魔战士" x="100" y="150" />
		<Monster id="200275" name="章鱼怪" x="100" y="150" />
		<Monster id="200275" name="章鱼怪" x="100" y="150" />
		<Monster id="200275" name="章鱼怪" x="100" y="150" />
		</map>
   </gamecopy>
   <gamecopy id="10109" name="贪婪09" level="9" exp="26" money="3" spirit="1">
		<map id="20202092">
		<Monster id="200274" name="黑暗魔战士" x="100" y="150" />
		<Monster id="200274" name="黑暗魔战士" x="100" y="150" />
		<Monster id="200274" name="黑暗魔战士" x="100" y="150" />
		<Monster id="200275" name="章鱼怪" x="100" y="150" />
		<Monster id="200275" name="章鱼怪" x="100" y="150" />
		<Monster id="200275" name="章鱼怪" x="100" y="150" />
		</map>
   </gamecopy>
   <gamecopy id="10110" name="贪婪10" level="10" exp="26" money="3" spirit="1">
		<map id="20202101">
		<Monster id="200274" name="黑暗魔战士" x="100" y="150" />
		<Monster id="200274" name="黑暗魔战士" x="100" y="150" />
		<Monster id="200274" name="黑暗魔战士" x="100" y="150" />
		<Monster id="200275" name="章鱼怪" x="100" y="150" />
		<Monster id="200275" name="章鱼怪" x="100" y="150" />
		<Monster id="200275" name="章鱼怪" x="100" y="150" />
		<Monster id="200276" name="岩石巨人" x="100" y="150" />
		</map>
   </gamecopy>
   <gamecopy id="10111" name="贪婪11" level="11" exp="26" money="3" spirit="1">
		<map id="20202103">
		<Monster id="200277" name="魔化的章鱼" x="100" y="150" />
		<Monster id="200277" name="魔化的章鱼" x="100" y="150" />
		<Monster id="200277" name="魔化的章鱼" x="100" y="150" />
		<Monster id="200278" name="魔龙" x="100" y="150" />
		<Monster id="200278" name="魔龙" x="100" y="150" />
		<Monster id="200278" name="魔龙" x="100" y="150" />
		</map>
   </gamecopy>
   <gamecopy id="10112" name="贪婪12" level="12" exp="26" money="3" spirit="1">
		<map id="20202103">
		<Monster id="200277" name="魔化的章鱼" x="100" y="150" />
		<Monster id="200277" name="魔化的章鱼" x="100" y="150" />
		<Monster id="200277" name="魔化的章鱼" x="100" y="150" />
		<Monster id="200278" name="魔龙" x="100" y="150" />
		<Monster id="200278" name="魔龙" x="100" y="150" />
		<Monster id="200278" name="魔龙" x="100" y="150" />
		</map>
   </gamecopy>
   <gamecopy id="10113" name="贪婪13" level="13" exp="26" money="3" spirit="1">
		<map id="20202112">
		<Monster id="200277" name="魔化的章鱼" x="100" y="150" />
		<Monster id="200277" name="魔化的章鱼" x="100" y="150" />
		<Monster id="200277" name="魔化的章鱼" x="100" y="150" />
		<Monster id="200278" name="魔龙" x="100" y="150" />
		<Monster id="200278" name="魔龙" x="100" y="150" />
		<Monster id="200278" name="魔龙" x="100" y="150" />
		</map>
   </gamecopy>
   <gamecopy id="10114" name="贪婪14" level="14" exp="26" money="3" spirit="1">
		<map id="20202113">
		<Monster id="200277" name="魔化的章鱼" x="100" y="150" />
		<Monster id="200277" name="魔化的章鱼" x="100" y="150" />
		<Monster id="200277" name="魔化的章鱼" x="100" y="150" />
		<Monster id="200278" name="魔龙" x="100" y="150" />
		<Monster id="200278" name="魔龙" x="100" y="150" />
		<Monster id="200278" name="魔龙" x="100" y="150" />
		</map>
   </gamecopy>
   <gamecopy id="10115" name="贪婪15" level="15" exp="26" money="3" spirit="1">
		<map id="20202123">
		<Monster id="200277" name="魔化的章鱼" x="100" y="150" />
		<Monster id="200277" name="魔化的章鱼" x="100" y="150" />
		<Monster id="200277" name="魔化的章鱼" x="100" y="150" />
		<Monster id="200278" name="魔龙" x="100" y="150" />
		<Monster id="200278" name="魔龙" x="100" y="150" />
		<Monster id="200278" name="魔龙" x="100" y="150" />
		<Monster id="200279" name="天眼魔王" x="100" y="150" />
		</map>
   </gamecopy>
   <gamecopy id="10116" name="贪婪16" level="16" exp="26" money="3" spirit="1">
		<map id="20202131">
		<Monster id="200280" name="船员" x="100" y="150" />
		<Monster id="200280" name="船员" x="100" y="150" />
		<Monster id="200280" name="船员" x="100" y="150" />
		<Monster id="200281" name="食人章鱼" x="100" y="150" />
		<Monster id="200281" name="食人章鱼" x="100" y="150" />
		<Monster id="200281" name="食人章鱼" x="100" y="150" />
		</map>
   </gamecopy>
   <gamecopy id="10117" name="贪婪17" level="17" exp="26" money="3" spirit="1">
		<map id="20202133">
		<Monster id="200280" name="船员" x="100" y="150" />
		<Monster id="200280" name="船员" x="100" y="150" />
		<Monster id="200280" name="船员" x="100" y="150" />
		<Monster id="200281" name="食人章鱼" x="100" y="150" />
		<Monster id="200281" name="食人章鱼" x="100" y="150" />
		<Monster id="200281" name="食人章鱼" x="100" y="150" />
		</map>
   </gamecopy>
   <gamecopy id="10118" name="贪婪18" level="18" exp="26" money="3" spirit="1">
		<map id="20202141">
		<Monster id="200280" name="船员" x="100" y="150" />
		<Monster id="200280" name="船员" x="100" y="150" />
		<Monster id="200280" name="船员" x="100" y="150" />
		<Monster id="200281" name="食人章鱼" x="100" y="150" />
		<Monster id="200281" name="食人章鱼" x="100" y="150" />
		<Monster id="200281" name="食人章鱼" x="100" y="150" />
		</map>
   </gamecopy>
   <gamecopy id="10119" name="贪婪19" level="19" exp="26" money="3" spirit="1">
		<map id="20202143">
		<Monster id="200280" name="船员" x="100" y="150" />
		<Monster id="200280" name="船员" x="100" y="150" />
		<Monster id="200280" name="船员" x="100" y="150" />
		<Monster id="200281" name="食人章鱼" x="100" y="150" />
		<Monster id="200281" name="食人章鱼" x="100" y="150" />
		<Monster id="200281" name="食人章鱼" x="100" y="150" />
		</map>
   </gamecopy>
   <gamecopy id="10120" name="贪婪20" level="20" exp="26" money="3" spirit="1">
		<map id="20202143">
		<Monster id="200280" name="船员" x="100" y="150" />
		<Monster id="200280" name="船员" x="100" y="150" />
		<Monster id="200280" name="船员" x="100" y="150" />
		<Monster id="200281" name="食人章鱼" x="100" y="150" />
		<Monster id="200281" name="食人章鱼" x="100" y="150" />
		<Monster id="200281" name="食人章鱼" x="100" y="150" />
		<Monster id="200282" name="恶魔骑士" x="100" y="150" />
		</map>
   </gamecopy>
   <gamecopy id="10121" name="贪婪21" level="21" exp="26" money="3" spirit="1">
		<map id="20202151">
		<Monster id="200283" name="精英魔将" x="100" y="150" />
		<Monster id="200283" name="精英魔将" x="100" y="150" />
		<Monster id="200283" name="精英魔将" x="100" y="150" />
		<Monster id="200284" name="海盗" x="100" y="150" />
		<Monster id="200284" name="海盗" x="100" y="150" />
		<Monster id="200284" name="海盗" x="100" y="150" />
		</map>
   </gamecopy>
   <gamecopy id="10122" name="贪婪22" level="22" exp="26" money="3" spirit="1">
		<map id="20202153">
		<Monster id="200283" name="精英魔将" x="100" y="150" />
		<Monster id="200283" name="精英魔将" x="100" y="150" />
		<Monster id="200283" name="精英魔将" x="100" y="150" />
		<Monster id="200284" name="海盗" x="100" y="150" />
		<Monster id="200284" name="海盗" x="100" y="150" />
		<Monster id="200284" name="海盗" x="100" y="150" />
		</map>
   </gamecopy>
   <gamecopy id="10123" name="贪婪23" level="23" exp="26" money="3" spirit="1">
		<map id="20202151">
		<Monster id="200283" name="精英魔将" x="100" y="150" />
		<Monster id="200283" name="精英魔将" x="100" y="150" />
		<Monster id="200283" name="精英魔将" x="100" y="150" />
		<Monster id="200284" name="海盗" x="100" y="150" />
		<Monster id="200284" name="海盗" x="100" y="150" />
		<Monster id="200284" name="海盗" x="100" y="150" />
		</map>
   </gamecopy>
   <gamecopy id="10124" name="贪婪24" level="24" exp="26" money="3" spirit="1">
		<map id="20202152">
		<Monster id="200283" name="精英魔将" x="100" y="150" />
		<Monster id="200283" name="精英魔将" x="100" y="150" />
		<Monster id="200283" name="精英魔将" x="100" y="150" />
		<Monster id="200284" name="海盗" x="100" y="150" />
		<Monster id="200284" name="海盗" x="100" y="150" />
		<Monster id="200284" name="海盗" x="100" y="150" />
		</map>
   </gamecopy>
   <gamecopy id="10125" name="贪婪25" level="25" exp="26" money="3" spirit="1">
		<map id="20202161">
		<Monster id="200283" name="精英魔将" x="100" y="150" />
		<Monster id="200283" name="精英魔将" x="100" y="150" />
		<Monster id="200283" name="精英魔将" x="100" y="150" />
		<Monster id="200284" name="海盗" x="100" y="150" />
		<Monster id="200284" name="海盗" x="100" y="150" />
		<Monster id="200284" name="海盗" x="100" y="150" />
		<Monster id="200285" name="凶残的海盗船长" x="100" y="150" />
		</map>
   </gamecopy>
   </storey> 
   <storey parentLevel="6"> 
   <gamecopy id="10131" name="饕餮01" level="1" exp="26" money="3" spirit="1">
		<map id="20202162">
		<Monster id="200286" name="凶残海盗" x="100" y="150" />
		<Monster id="200286" name="凶残海盗" x="100" y="150" />
		<Monster id="200286" name="凶残海盗" x="100" y="150" />
		<Monster id="200287" name="枯藤毒刺花" x="100" y="150" />
		<Monster id="200287" name="枯藤毒刺花" x="100" y="150" />
		<Monster id="200287" name="枯藤毒刺花" x="100" y="150" />
		</map>
   </gamecopy>
   <gamecopy id="10132" name="饕餮02" level="2" exp="26" money="3" spirit="1">
		<map id="20202171">
		<Monster id="200286" name="凶残海盗" x="100" y="150" />
		<Monster id="200286" name="凶残海盗" x="100" y="150" />
		<Monster id="200286" name="凶残海盗" x="100" y="150" />
		<Monster id="200287" name="枯藤毒刺花" x="100" y="150" />
		<Monster id="200287" name="枯藤毒刺花" x="100" y="150" />
		<Monster id="200287" name="枯藤毒刺花" x="100" y="150" />
		</map>
   </gamecopy>
   <gamecopy id="10133" name="饕餮03" level="3" exp="26" money="3" spirit="1">
		<map id="20202173">
		<Monster id="200286" name="凶残海盗" x="100" y="150" />
		<Monster id="200286" name="凶残海盗" x="100" y="150" />
		<Monster id="200286" name="凶残海盗" x="100" y="150" />
		<Monster id="200287" name="枯藤毒刺花" x="100" y="150" />
		<Monster id="200287" name="枯藤毒刺花" x="100" y="150" />
		<Monster id="200287" name="枯藤毒刺花" x="100" y="150" />
		</map>
   </gamecopy>
   <gamecopy id="10134" name="饕餮04" level="4" exp="26" money="3" spirit="1">
		<map id="20202173">
		<Monster id="200286" name="凶残海盗" x="100" y="150" />
		<Monster id="200286" name="凶残海盗" x="100" y="150" />
		<Monster id="200286" name="凶残海盗" x="100" y="150" />
		<Monster id="200287" name="枯藤毒刺花" x="100" y="150" />
		<Monster id="200287" name="枯藤毒刺花" x="100" y="150" />
		<Monster id="200287" name="枯藤毒刺花" x="100" y="150" />
		</map>
   </gamecopy>
   <gamecopy id="10135" name="饕餮05" level="5" exp="26" money="3" spirit="1">
		<map id="20202181">
		<Monster id="200286" name="凶残海盗" x="100" y="150" />
		<Monster id="200286" name="凶残海盗" x="100" y="150" />
		<Monster id="200286" name="凶残海盗" x="100" y="150" />
		<Monster id="200287" name="枯藤毒刺花" x="100" y="150" />
		<Monster id="200287" name="枯藤毒刺花" x="100" y="150" />
		<Monster id="200287" name="枯藤毒刺花" x="100" y="150" />
		<Monster id="200288" name="堕落天使" x="100" y="150" />
		</map>
   </gamecopy>
   <gamecopy id="10136" name="饕餮06" level="6" exp="26" money="3" spirit="1">
		<map id="20202183">
		<Monster id="200289" name="贪婪海盗" x="100" y="150" />
		<Monster id="200289" name="贪婪海盗" x="100" y="150" />
		<Monster id="200289" name="贪婪海盗" x="100" y="150" />
		<Monster id="200290" name="毒刺花" x="100" y="150" />
		<Monster id="200290" name="毒刺花" x="100" y="150" />
		<Monster id="200290" name="毒刺花" x="100" y="150" />
		</map>
   </gamecopy>
   <gamecopy id="10137" name="饕餮07" level="7" exp="26" money="3" spirit="1">
		<map id="20202191">
		<Monster id="200289" name="贪婪海盗" x="100" y="150" />
		<Monster id="200289" name="贪婪海盗" x="100" y="150" />
		<Monster id="200289" name="贪婪海盗" x="100" y="150" />
		<Monster id="200290" name="毒刺花" x="100" y="150" />
		<Monster id="200290" name="毒刺花" x="100" y="150" />
		<Monster id="200290" name="毒刺花" x="100" y="150" />
		</map>
   </gamecopy>
   <gamecopy id="10138" name="饕餮08" level="8" exp="26" money="3" spirit="1">
		<map id="20202191">
		<Monster id="200289" name="贪婪海盗" x="100" y="150" />
		<Monster id="200289" name="贪婪海盗" x="100" y="150" />
		<Monster id="200289" name="贪婪海盗" x="100" y="150" />
		<Monster id="200290" name="毒刺花" x="100" y="150" />
		<Monster id="200290" name="毒刺花" x="100" y="150" />
		<Monster id="200290" name="毒刺花" x="100" y="150" />
		</map>
   </gamecopy>
   <gamecopy id="10139" name="饕餮09" level="9" exp="26" money="3" spirit="1">
		<map id="20202193">
		<Monster id="200289" name="贪婪海盗" x="100" y="150" />
		<Monster id="200289" name="贪婪海盗" x="100" y="150" />
		<Monster id="200289" name="贪婪海盗" x="100" y="150" />
		<Monster id="200290" name="毒刺花" x="100" y="150" />
		<Monster id="200290" name="毒刺花" x="100" y="150" />
		<Monster id="200290" name="毒刺花" x="100" y="150" />
		</map>
   </gamecopy>
   <gamecopy id="10140" name="饕餮10" level="10" exp="26" money="3" spirit="1">
		<map id="20202193">
		<Monster id="200289" name="贪婪海盗" x="100" y="150" />
		<Monster id="200289" name="贪婪海盗" x="100" y="150" />
		<Monster id="200289" name="贪婪海盗" x="100" y="150" />
		<Monster id="200290" name="毒刺花" x="100" y="150" />
		<Monster id="200290" name="毒刺花" x="100" y="150" />
		<Monster id="200290" name="毒刺花" x="100" y="150" />
		<Monster id="200291" name="海盗船长" x="100" y="150" />
		</map>
   </gamecopy>
   <gamecopy id="10141" name="饕餮11" level="11" exp="26" money="3" spirit="1">
		<map id="20202203">
		<Monster id="200292" name="巨狼" x="100" y="150" />
		<Monster id="200292" name="巨狼" x="100" y="150" />
		<Monster id="200292" name="巨狼" x="100" y="150" />
		<Monster id="200293" name="狂暴魔狼" x="100" y="150" />
		<Monster id="200293" name="狂暴魔狼" x="100" y="150" />
		<Monster id="200293" name="狂暴魔狼" x="100" y="150" />
		</map>
   </gamecopy>
   <gamecopy id="10142" name="饕餮12" level="12" exp="26" money="3" spirit="1">
		<map id="20202202">
		<Monster id="200292" name="巨狼" x="100" y="150" />
		<Monster id="200292" name="巨狼" x="100" y="150" />
		<Monster id="200292" name="巨狼" x="100" y="150" />
		<Monster id="200293" name="狂暴魔狼" x="100" y="150" />
		<Monster id="200293" name="狂暴魔狼" x="100" y="150" />
		<Monster id="200293" name="狂暴魔狼" x="100" y="150" />
		</map>
   </gamecopy>
   <gamecopy id="10143" name="饕餮13" level="13" exp="26" money="3" spirit="1">
		<map id="20202211">
		<Monster id="200292" name="巨狼" x="100" y="150" />
		<Monster id="200292" name="巨狼" x="100" y="150" />
		<Monster id="200292" name="巨狼" x="100" y="150" />
		<Monster id="200293" name="狂暴魔狼" x="100" y="150" />
		<Monster id="200293" name="狂暴魔狼" x="100" y="150" />
		<Monster id="200293" name="狂暴魔狼" x="100" y="150" />
		</map>
   </gamecopy>
   <gamecopy id="10144" name="饕餮14" level="14" exp="26" money="3" spirit="1">
		<map id="20202213">
		<Monster id="200292" name="巨狼" x="100" y="150" />
		<Monster id="200292" name="巨狼" x="100" y="150" />
		<Monster id="200292" name="巨狼" x="100" y="150" />
		<Monster id="200293" name="狂暴魔狼" x="100" y="150" />
		<Monster id="200293" name="狂暴魔狼" x="100" y="150" />
		<Monster id="200293" name="狂暴魔狼" x="100" y="150" />
		</map>
   </gamecopy>
   <gamecopy id="10145" name="饕餮15" level="15" exp="26" money="3" spirit="1">
		<map id="20202212">
		<Monster id="200292" name="巨狼" x="100" y="150" />
		<Monster id="200292" name="巨狼" x="100" y="150" />
		<Monster id="200292" name="巨狼" x="100" y="150" />
		<Monster id="200293" name="狂暴魔狼" x="100" y="150" />
		<Monster id="200293" name="狂暴魔狼" x="100" y="150" />
		<Monster id="200293" name="狂暴魔狼" x="100" y="150" />
		<Monster id="200294" name="银狼" x="100" y="150" />
		<Monster id="200295" name="利爪恶魔" x="100" y="150" />
		</map>
   </gamecopy>
   <gamecopy id="10146" name="饕餮16" level="16" exp="26" money="3" spirit="1">
		<map id="20302011">
		<Monster id="200296" name="守洞狼怪" x="100" y="150" />
		<Monster id="200296" name="守洞狼怪" x="100" y="150" />
		<Monster id="200296" name="守洞狼怪" x="100" y="150" />
		<Monster id="200297" name="流窜的土匪" x="100" y="150" />
		<Monster id="200297" name="流窜的土匪" x="100" y="150" />
		<Monster id="200297" name="流窜的土匪" x="100" y="150" />
		</map>
   </gamecopy>
   <gamecopy id="10147" name="饕餮17" level="17" exp="26" money="3" spirit="1">
		<map id="20302013">
		<Monster id="200296" name="守洞狼怪" x="100" y="150" />
		<Monster id="200296" name="守洞狼怪" x="100" y="150" />
		<Monster id="200296" name="守洞狼怪" x="100" y="150" />
		<Monster id="200297" name="流窜的土匪" x="100" y="150" />
		<Monster id="200297" name="流窜的土匪" x="100" y="150" />
		<Monster id="200297" name="流窜的土匪" x="100" y="150" />
		</map>
   </gamecopy>
   <gamecopy id="10148" name="饕餮18" level="18" exp="26" money="3" spirit="1">
		<map id="20302013">
		<Monster id="200296" name="守洞狼怪" x="100" y="150" />
		<Monster id="200296" name="守洞狼怪" x="100" y="150" />
		<Monster id="200296" name="守洞狼怪" x="100" y="150" />
		<Monster id="200297" name="流窜的土匪" x="100" y="150" />
		<Monster id="200297" name="流窜的土匪" x="100" y="150" />
		<Monster id="200297" name="流窜的土匪" x="100" y="150" />
		</map>
   </gamecopy>
   <gamecopy id="10149" name="饕餮19" level="19" exp="26" money="3" spirit="1">
		<map id="20302012">
		<Monster id="200296" name="守洞狼怪" x="100" y="150" />
		<Monster id="200296" name="守洞狼怪" x="100" y="150" />
		<Monster id="200296" name="守洞狼怪" x="100" y="150" />
		<Monster id="200297" name="流窜的土匪" x="100" y="150" />
		<Monster id="200297" name="流窜的土匪" x="100" y="150" />
		<Monster id="200297" name="流窜的土匪" x="100" y="150" />
		</map>
   </gamecopy>
   <gamecopy id="10150" name="饕餮20" level="20" exp="26" money="3" spirit="1">
		<map id="20302021">
		<Monster id="200296" name="守洞狼怪" x="100" y="150" />
		<Monster id="200296" name="守洞狼怪" x="100" y="150" />
		<Monster id="200296" name="守洞狼怪" x="100" y="150" />
		<Monster id="200297" name="流窜的土匪" x="100" y="150" />
		<Monster id="200297" name="流窜的土匪" x="100" y="150" />
		<Monster id="200297" name="流窜的土匪" x="100" y="150" />
		<Monster id="200298" name="守卫将领" x="100" y="150" />
		<Monster id="200299" name="恶魔花" x="100" y="150" />
		</map>
   </gamecopy>
   <gamecopy id="10151" name="饕餮21" level="21" exp="26" money="3" spirit="1">
		<map id="20302023">
		<Monster id="200300" name="沼泽魔兵" x="100" y="150" />
		<Monster id="200300" name="沼泽魔兵" x="100" y="150" />
		<Monster id="200300" name="沼泽魔兵" x="100" y="150" />
		<Monster id="200301" name="沼泽怪" x="100" y="150" />
		<Monster id="200301" name="沼泽怪" x="100" y="150" />
		<Monster id="200301" name="沼泽怪" x="100" y="150" />
		</map>
   </gamecopy>
   <gamecopy id="10152" name="饕餮22" level="22" exp="26" money="3" spirit="1">
		<map id="20302022">
		<Monster id="200300" name="沼泽魔兵" x="100" y="150" />
		<Monster id="200300" name="沼泽魔兵" x="100" y="150" />
		<Monster id="200300" name="沼泽魔兵" x="100" y="150" />
		<Monster id="200301" name="沼泽怪" x="100" y="150" />
		<Monster id="200301" name="沼泽怪" x="100" y="150" />
		<Monster id="200301" name="沼泽怪" x="100" y="150" />
		</map>
   </gamecopy>
   <gamecopy id="10153" name="饕餮23" level="23" exp="26" money="3" spirit="1">
		<map id="20302022">
		<Monster id="200300" name="沼泽魔兵" x="100" y="150" />
		<Monster id="200300" name="沼泽魔兵" x="100" y="150" />
		<Monster id="200300" name="沼泽魔兵" x="100" y="150" />
		<Monster id="200301" name="沼泽怪" x="100" y="150" />
		<Monster id="200301" name="沼泽怪" x="100" y="150" />
		<Monster id="200301" name="沼泽怪" x="100" y="150" />
		</map>
   </gamecopy>
   <gamecopy id="10154" name="饕餮24" level="24" exp="26" money="3" spirit="1">
		<map id="20302033">
		<Monster id="200300" name="沼泽魔兵" x="100" y="150" />
		<Monster id="200300" name="沼泽魔兵" x="100" y="150" />
		<Monster id="200300" name="沼泽魔兵" x="100" y="150" />
		<Monster id="200301" name="沼泽怪" x="100" y="150" />
		<Monster id="200301" name="沼泽怪" x="100" y="150" />
		<Monster id="200301" name="沼泽怪" x="100" y="150" />
		</map>
   </gamecopy>
   <gamecopy id="10155 " name="饕餮25" level="25" exp="26" money="3" spirit="1">
		<map id="20302032">
		<Monster id="200300" name="沼泽魔兵" x="100" y="150" />
		<Monster id="200300" name="沼泽魔兵" x="100" y="150" />
		<Monster id="200300" name="沼泽魔兵" x="100" y="150" />
		<Monster id="200301" name="沼泽怪" x="100" y="150" />
		<Monster id="200301" name="沼泽怪" x="100" y="150" />
		<Monster id="200301" name="沼泽怪" x="100" y="150" />
		<Monster id="200302" name="指挥官" x="100" y="150" />
		<Monster id="200303" name="魔化谢尔顿" x="100" y="150" />
		</map>
   </gamecopy>
   </storey> 
   <storey parentLevel="7"> 
   <gamecopy id="10161" name="色欲01" level="1" exp="26" money="3" spirit="1">
		<map id="20302032">
		<Monster id="200308" name="蜘蛛怪" x="100" y="150" />
		<Monster id="200308" name="蜘蛛怪" x="100" y="150" />
		<Monster id="200308" name="蜘蛛怪" x="100" y="150" />
		<Monster id="200309" name="腐蚀蜘蛛" x="100" y="150" />
		<Monster id="200309" name="腐蚀蜘蛛" x="100" y="150" />
		<Monster id="200309" name="腐蚀蜘蛛" x="100" y="150" />
		</map>
   </gamecopy>
   <gamecopy id="10162" name="色欲02" level="2" exp="26" money="3" spirit="1">
		<map id="20302041">
		<Monster id="200308" name="蜘蛛怪" x="100" y="150" />
		<Monster id="200308" name="蜘蛛怪" x="100" y="150" />
		<Monster id="200308" name="蜘蛛怪" x="100" y="150" />
		<Monster id="200309" name="腐蚀蜘蛛" x="100" y="150" />
		<Monster id="200309" name="腐蚀蜘蛛" x="100" y="150" />
		<Monster id="200309" name="腐蚀蜘蛛" x="100" y="150" />
		</map>
   </gamecopy>
   <gamecopy id="10163" name="色欲03" level="3" exp="26" money="3" spirit="1">
		<map id="20302043">
		<Monster id="200308" name="蜘蛛怪" x="100" y="150" />
		<Monster id="200308" name="蜘蛛怪" x="100" y="150" />
		<Monster id="200308" name="蜘蛛怪" x="100" y="150" />
		<Monster id="200309" name="腐蚀蜘蛛" x="100" y="150" />
		<Monster id="200309" name="腐蚀蜘蛛" x="100" y="150" />
		<Monster id="200309" name="腐蚀蜘蛛" x="100" y="150" />
		</map>
   </gamecopy>
   <gamecopy id="10164" name="色欲04" level="4" exp="26" money="3" spirit="1">
		<map id="20302051">
		<Monster id="200308" name="蜘蛛怪" x="100" y="150" />
		<Monster id="200308" name="蜘蛛怪" x="100" y="150" />
		<Monster id="200308" name="蜘蛛怪" x="100" y="150" />
		<Monster id="200309" name="腐蚀蜘蛛" x="100" y="150" />
		<Monster id="200309" name="腐蚀蜘蛛" x="100" y="150" />
		<Monster id="200309" name="腐蚀蜘蛛" x="100" y="150" />
		</map>
   </gamecopy>
   <gamecopy id="10165" name="色欲05" level="5" exp="26" money="3" spirit="1">
		<map id="20302053">
		<Monster id="200308" name="蜘蛛怪" x="100" y="150" />
		<Monster id="200308" name="蜘蛛怪" x="100" y="150" />
		<Monster id="200308" name="蜘蛛怪" x="100" y="150" />
		<Monster id="200309" name="腐蚀蜘蛛" x="100" y="150" />
		<Monster id="200309" name="腐蚀蜘蛛" x="100" y="150" />
		<Monster id="200309" name="腐蚀蜘蛛" x="100" y="150" />
		<Monster id="200310" name="凶残的海盗船长" x="100" y="150" />		
		<Monster id="200311" name="黄金骨龙" x="100" y="150" />		
		</map>
   </gamecopy>
   <gamecopy id="10166" name="色欲06" level="6" exp="26" money="3" spirit="1">
		<map id="20302053">
		<Monster id="200312" name="魔化副将" x="100" y="150" />
		<Monster id="200312" name="魔化副将" x="100" y="150" />
		<Monster id="200312" name="魔化副将" x="100" y="150" />
		<Monster id="200313" name="魔化的搬运工" x="100" y="150" />
		<Monster id="200313" name="魔化的搬运工" x="100" y="150" />
		<Monster id="200313" name="魔化的搬运工" x="100" y="150" />
		</map>
   </gamecopy>
   <gamecopy id="10167" name="色欲07" level="7" exp="26" money="3" spirit="1">
		<map id="20302052">
		<Monster id="200312" name="魔化副将" x="100" y="150" />
		<Monster id="200312" name="魔化副将" x="100" y="150" />
		<Monster id="200312" name="魔化副将" x="100" y="150" />
		<Monster id="200313" name="魔化的搬运工" x="100" y="150" />
		<Monster id="200313" name="魔化的搬运工" x="100" y="150" />
		<Monster id="200313" name="魔化的搬运工" x="100" y="150" />
		</map>
   </gamecopy>
   <gamecopy id="10168" name="色欲08" level="8" exp="26" money="3" spirit="1">
		<map id="20302061">
		<Monster id="200312" name="魔化副将" x="100" y="150" />
		<Monster id="200312" name="魔化副将" x="100" y="150" />
		<Monster id="200312" name="魔化副将" x="100" y="150" />
		<Monster id="200313" name="魔化的搬运工" x="100" y="150" />
		<Monster id="200313" name="魔化的搬运工" x="100" y="150" />
		<Monster id="200313" name="魔化的搬运工" x="100" y="150" />
		</map>
   </gamecopy>
   <gamecopy id="10169" name="色欲09" level="9" exp="26" money="3" spirit="1">
		<map id="20302062">
		<Monster id="200312" name="魔化副将" x="100" y="150" />
		<Monster id="200312" name="魔化副将" x="100" y="150" />
		<Monster id="200312" name="魔化副将" x="100" y="150" />
		<Monster id="200313" name="魔化的搬运工" x="100" y="150" />
		<Monster id="200313" name="魔化的搬运工" x="100" y="150" />
		<Monster id="200313" name="魔化的搬运工" x="100" y="150" />
		</map>
   </gamecopy>
   <gamecopy id="10170" name="色欲10" level="10" exp="26" money="3" spirit="1">
		<map id="20302062">
		<Monster id="200312" name="魔化副将" x="100" y="150" />
		<Monster id="200312" name="魔化副将" x="100" y="150" />
		<Monster id="200312" name="魔化副将" x="100" y="150" />
		<Monster id="200313" name="魔化的搬运工" x="100" y="150" />
		<Monster id="200313" name="魔化的搬运工" x="100" y="150" />
		<Monster id="200313" name="魔化的搬运工" x="100" y="150" />
		<Monster id="200314" name="四目骨魔" x="100" y="150" />		
		<Monster id="200315" name="红龙" x="100" y="150" />		
		</map>
   </gamecopy>
   <gamecopy id="10171" name="色欲11" level="11" exp="26" money="3" spirit="1">
		<map id="20302071">
		<Monster id="200316" name="魔化的守卫" x="100" y="150" />
		<Monster id="200316" name="魔化的守卫" x="100" y="150" />
		<Monster id="200316" name="魔化的守卫" x="100" y="150" />
		<Monster id="200317" name="精英魔将" x="100" y="150" />
		<Monster id="200317" name="精英魔将" x="100" y="150" />
		<Monster id="200317" name="精英魔将" x="100" y="150" />
		</map>
   </gamecopy>
   <gamecopy id="10172" name="色欲12" level="12"  exp="26" money="3" spirit="1">
		<map id="20302073">
		<Monster id="200316" name="魔化的守卫" x="100" y="150" />
		<Monster id="200316" name="魔化的守卫" x="100" y="150" />
		<Monster id="200316" name="魔化的守卫" x="100" y="150" />
		<Monster id="200317" name="精英魔将" x="100" y="150" />
		<Monster id="200317" name="精英魔将" x="100" y="150" />
		<Monster id="200317" name="精英魔将" x="100" y="150" />
		</map>
   </gamecopy>
   <gamecopy id="10173" name="色欲13" level="13"  exp="26" money="3" spirit="1">
		<map id="20302072">
		<Monster id="200316" name="魔化的守卫" x="100" y="150" />
		<Monster id="200316" name="魔化的守卫" x="100" y="150" />
		<Monster id="200316" name="魔化的守卫" x="100" y="150" />
		<Monster id="200317" name="精英魔将" x="100" y="150" />
		<Monster id="200317" name="精英魔将" x="100" y="150" />
		<Monster id="200317" name="精英魔将" x="100" y="150" />
		</map>
   </gamecopy>
   <gamecopy id="10174" name="色欲14" level="14"  exp="26" money="3" spirit="1">
		<map id="20302081">
		<Monster id="200316" name="魔化的守卫" x="100" y="150" />
		<Monster id="200316" name="魔化的守卫" x="100" y="150" />
		<Monster id="200316" name="魔化的守卫" x="100" y="150" />
		<Monster id="200317" name="精英魔将" x="100" y="150" />
		<Monster id="200317" name="精英魔将" x="100" y="150" />
		<Monster id="200317" name="精英魔将" x="100" y="150" />
		</map>
   </gamecopy>
   <gamecopy id="10175" name="色欲15" level="15" exp="26" money="3" spirit="1">
	    <map id="20302083">
		<Monster id="200316" name="魔化的守卫" x="100" y="150" />
		<Monster id="200316" name="魔化的守卫" x="100" y="150" />
		<Monster id="200316" name="魔化的守卫" x="100" y="150" />
		<Monster id="200317" name="精英魔将" x="100" y="150" />
		<Monster id="200317" name="精英魔将" x="100" y="150" />
		<Monster id="200317" name="精英魔将" x="100" y="150" />
		<Monster id="200318" name="地狱双头狼" x="100" y="150" />		
		<Monster id="200319" name="冰雪巨人" x="100" y="150" />		
		</map>
   </gamecopy>
   <gamecopy id="10176" name="色欲16" level="16" exp="26" money="3" spirit="1">
		<map id="20302082">
		<Monster id="200320" name="精英魔将" x="100" y="150" />
		<Monster id="200320" name="精英魔将" x="100" y="150" />
		<Monster id="200320" name="精英魔将" x="100" y="150" />
		<Monster id="200321" name="魔化的守卫" x="100" y="150" />
		<Monster id="200321" name="魔化的守卫" x="100" y="150" />
		<Monster id="200321" name="魔化的守卫" x="100" y="150" />
		<Monster id="200322" name="黑暗魔战士" x="100" y="150" />
		<Monster id="200322" name="黑暗魔战士" x="100" y="150" />		
		<Monster id="200322" name="黑暗魔战士" x="100" y="150" />	
		</map>
   </gamecopy>
   <gamecopy id="10177" name="色欲17" level="17" exp="26" money="3" spirit="1">
		<map id="20302091">
		<Monster id="200320" name="精英魔将" x="100" y="150" />
		<Monster id="200320" name="精英魔将" x="100" y="150" />
		<Monster id="200320" name="精英魔将" x="100" y="150" />
		<Monster id="200321" name="魔化的守卫" x="100" y="150" />
		<Monster id="200321" name="魔化的守卫" x="100" y="150" />
		<Monster id="200321" name="魔化的守卫" x="100" y="150" />
		<Monster id="200322" name="黑暗魔战士" x="100" y="150" />
		<Monster id="200322" name="黑暗魔战士" x="100" y="150" />		
		<Monster id="200322" name="黑暗魔战士" x="100" y="150" />	
		</map>
   </gamecopy>
   <gamecopy id="10178" name="色欲18" level="18" exp="26" money="3" spirit="1">
		<map id="20302091">
		<Monster id="200320" name="精英魔将" x="100" y="150" />
		<Monster id="200320" name="精英魔将" x="100" y="150" />
		<Monster id="200320" name="精英魔将" x="100" y="150" />
		<Monster id="200321" name="魔化的守卫" x="100" y="150" />
		<Monster id="200321" name="魔化的守卫" x="100" y="150" />
		<Monster id="200321" name="魔化的守卫" x="100" y="150" />
		<Monster id="200322" name="黑暗魔战士" x="100" y="150" />
		<Monster id="200322" name="黑暗魔战士" x="100" y="150" />		
		<Monster id="200322" name="黑暗魔战士" x="100" y="150" />	
		</map>
   </gamecopy>
   <gamecopy id="10179" name="色欲19" level="19" exp="26" money="3" spirit="1">
		<map id="20302092">
		<Monster id="200320" name="精英魔将" x="100" y="150" />
		<Monster id="200320" name="精英魔将" x="100" y="150" />
		<Monster id="200320" name="精英魔将" x="100" y="150" />
		<Monster id="200321" name="魔化的守卫" x="100" y="150" />
		<Monster id="200321" name="魔化的守卫" x="100" y="150" />
		<Monster id="200321" name="魔化的守卫" x="100" y="150" />
		<Monster id="200322" name="黑暗魔战士" x="100" y="150" />
		<Monster id="200322" name="黑暗魔战士" x="100" y="150" />		
		<Monster id="200322" name="黑暗魔战士" x="100" y="150" />	
		</map>
   </gamecopy>
   <gamecopy id="10180" name="色欲20" level="20" exp="26" money="3" spirit="1">
		<map id="20302101">
		<Monster id="200320" name="精英魔将" x="100" y="150" />
		<Monster id="200320" name="精英魔将" x="100" y="150" />
		<Monster id="200320" name="精英魔将" x="100" y="150" />
		<Monster id="200321" name="魔化的守卫" x="100" y="150" />
		<Monster id="200321" name="魔化的守卫" x="100" y="150" />
		<Monster id="200321" name="魔化的守卫" x="100" y="150" />
		<Monster id="200322" name="黑暗魔战士" x="100" y="150" />
		<Monster id="200322" name="黑暗魔战士" x="100" y="150" />		
		<Monster id="200322" name="黑暗魔战士" x="100" y="150" />	
		<Monster id="200323" name="恶魔骑士" x="100" y="150" />	
		<Monster id="200324" name="圣裁骑士" x="100" y="150" />			
		</map>
   </gamecopy>
   <gamecopy id="10181" name="色欲21" level="21" exp="26" money="3" spirit="1">
		<map id="20302103">
		<Monster id="200325" name="黑暗魔兵" x="100" y="150" />
		<Monster id="200325" name="黑暗魔兵" x="100" y="150" />
		<Monster id="200325" name="黑暗魔兵" x="100" y="150" />
		<Monster id="200326" name="魔化副将" x="100" y="150" />
		<Monster id="200326" name="魔化副将" x="100" y="150" />
		<Monster id="200326" name="魔化副将" x="100" y="150" />
		<Monster id="200327" name="精英魔将" x="100" y="150" />
		<Monster id="200327" name="精英魔将" x="100" y="150" />
		<Monster id="200327" name="精英魔将" x="100" y="150" />
		</map>
   </gamecopy>
   <gamecopy id="10182" name="色欲22" level="22" exp="26" money="3" spirit="1">
		<map id="20302103">
		<Monster id="200325" name="黑暗魔兵" x="100" y="150" />
		<Monster id="200325" name="黑暗魔兵" x="100" y="150" />
		<Monster id="200325" name="黑暗魔兵" x="100" y="150" />
		<Monster id="200326" name="魔化副将" x="100" y="150" />
		<Monster id="200326" name="魔化副将" x="100" y="150" />
		<Monster id="200326" name="魔化副将" x="100" y="150" />
		<Monster id="200327" name="精英魔将" x="100" y="150" />
		<Monster id="200327" name="精英魔将" x="100" y="150" />
		<Monster id="200327" name="精英魔将" x="100" y="150" />
		</map>
   </gamecopy>
   <gamecopy id="10183" name="色欲23" level="23" exp="26" money="3" spirit="1">
		<map id="20302111">
		<Monster id="200325" name="黑暗魔兵" x="100" y="150" />
		<Monster id="200325" name="黑暗魔兵" x="100" y="150" />
		<Monster id="200325" name="黑暗魔兵" x="100" y="150" />
		<Monster id="200326" name="魔化副将" x="100" y="150" />
		<Monster id="200326" name="魔化副将" x="100" y="150" />
		<Monster id="200326" name="魔化副将" x="100" y="150" />
		<Monster id="200327" name="精英魔将" x="100" y="150" />
		<Monster id="200327" name="精英魔将" x="100" y="150" />
		<Monster id="200327" name="精英魔将" x="100" y="150" />
		</map>
   </gamecopy>
   <gamecopy id="10184" name="色欲24" level="24" exp="26" money="3" spirit="1">
		<map id="20302113">
		<Monster id="200325" name="黑暗魔兵" x="100" y="150" />
		<Monster id="200325" name="黑暗魔兵" x="100" y="150" />
		<Monster id="200325" name="黑暗魔兵" x="100" y="150" />
		<Monster id="200326" name="魔化副将" x="100" y="150" />
		<Monster id="200326" name="魔化副将" x="100" y="150" />
		<Monster id="200326" name="魔化副将" x="100" y="150" />
		<Monster id="200327" name="精英魔将" x="100" y="150" />
		<Monster id="200327" name="精英魔将" x="100" y="150" />
		<Monster id="200327" name="精英魔将" x="100" y="150" />
		</map>
   </gamecopy>
   <gamecopy id="10185" name="色欲25" level="25" exp="26" money="3" spirit="1">
		<map id="20302112">
		<Monster id="200325" name="黑暗魔兵" x="100" y="150" />
		<Monster id="200325" name="黑暗魔兵" x="100" y="150" />
		<Monster id="200325" name="黑暗魔兵" x="100" y="150" />
		<Monster id="200326" name="魔化副将" x="100" y="150" />
		<Monster id="200326" name="魔化副将" x="100" y="150" />
		<Monster id="200326" name="魔化副将" x="100" y="150" />
		<Monster id="200327" name="精英魔将" x="100" y="150" />
		<Monster id="200327" name="精英魔将" x="100" y="150" />
		<Monster id="200327" name="精英魔将" x="100" y="150" />
		<Monster id="200328" name="高级魔法师" x="100" y="150" />
		<Monster id="200329" name="高级亡灵祭祀" x="100" y="150" />
		</map>
   </gamecopy>
   <gamecopy id="10186" name="色欲26" level="26" exp="26" money="3" spirit="1">
		<map id="20302121">
		<Monster id="200330" name="精英魔将" x="100" y="150" />
		<Monster id="200330" name="精英魔将" x="100" y="150" />
		<Monster id="200330" name="精英魔将" x="100" y="150" />
		<Monster id="200331" name="绿龙" x="100" y="150" />
		<Monster id="200331" name="绿龙" x="100" y="150" />
		<Monster id="200331" name="绿龙" x="100" y="150" />
		<Monster id="200332" name="绿龙" x="100" y="150" />
		<Monster id="200332" name="绿龙" x="100" y="150" />
		<Monster id="200332" name="绿龙" x="100" y="150" />
		</map>
   </gamecopy>
   <gamecopy id="10187" name="色欲27" level="27" exp="26" money="3" spirit="1">
		<map id="20302123">
		<Monster id="200330" name="精英魔将" x="100" y="150" />
		<Monster id="200330" name="精英魔将" x="100" y="150" />
		<Monster id="200330" name="精英魔将" x="100" y="150" />
		<Monster id="200331" name="绿龙" x="100" y="150" />
		<Monster id="200331" name="绿龙" x="100" y="150" />
		<Monster id="200331" name="绿龙" x="100" y="150" />
		<Monster id="200332" name="绿龙" x="100" y="150" />
		<Monster id="200332" name="绿龙" x="100" y="150" />
		<Monster id="200332" name="绿龙" x="100" y="150" />
		</map>
   </gamecopy>
   <gamecopy id="10188" name="色欲28" level="28" exp="26" money="3" spirit="1">
		<map id="20302122">
		<Monster id="200330" name="精英魔将" x="100" y="150" />
		<Monster id="200330" name="精英魔将" x="100" y="150" />
		<Monster id="200330" name="精英魔将" x="100" y="150" />
		<Monster id="200331" name="绿龙" x="100" y="150" />
		<Monster id="200331" name="绿龙" x="100" y="150" />
		<Monster id="200331" name="绿龙" x="100" y="150" />
		<Monster id="200332" name="绿龙" x="100" y="150" />
		<Monster id="200332" name="绿龙" x="100" y="150" />
		<Monster id="200332" name="绿龙" x="100" y="150" />
		</map>
   </gamecopy>
   <gamecopy id="10189" name="色欲29" level="29" exp="26" money="3" spirit="1">
		<map id="20302131">
		<Monster id="200330" name="精英魔将" x="100" y="150" />
		<Monster id="200330" name="精英魔将" x="100" y="150" />
		<Monster id="200330" name="精英魔将" x="100" y="150" />
		<Monster id="200331" name="绿龙" x="100" y="150" />
		<Monster id="200331" name="绿龙" x="100" y="150" />
		<Monster id="200331" name="绿龙" x="100" y="150" />
		<Monster id="200332" name="绿龙" x="100" y="150" />
		<Monster id="200332" name="绿龙" x="100" y="150" />
		<Monster id="200332" name="绿龙" x="100" y="150" />
		</map>
   </gamecopy>
   <gamecopy id="10190" name="色欲30" level="30" exp="26" money="3" spirit="1">
		<map id="20302133">
		<Monster id="200330" name="精英魔将" x="100" y="150" />
		<Monster id="200330" name="精英魔将" x="100" y="150" />
		<Monster id="200330" name="精英魔将" x="100" y="150" />
		<Monster id="200331" name="绿龙" x="100" y="150" />
		<Monster id="200331" name="绿龙" x="100" y="150" />
		<Monster id="200331" name="绿龙" x="100" y="150" />
		<Monster id="200332" name="绿龙" x="100" y="150" />
		<Monster id="200332" name="绿龙" x="100" y="150" />
		<Monster id="200332" name="绿龙" x="100" y="150" />
		<Monster id="200333" name="堕落天使" x="100" y="150" />		
		<Monster id="200334" name="黄金骨龙" x="100" y="150" />
		<Monster id="200335" name="红龙" x="100" y="150" />		
		</map>
   </gamecopy>
   </storey> 
</expedition>