<filterWords>
	<value>毛泽东</value>
	<value>周恩来</value>
	<value>刘少奇</value>
	<value>朱德</value>
	<value>彭德怀</value>
	<value>林彪</value>
	<value>刘伯承</value>
	<value>陈毅</value>
	<value>贺龙</value>
	<value>聂荣臻</value>
	<value>徐向前</value>
	<value>罗荣桓</value>
	<value>叶剑英</value>
	<value>李大钊</value>
	<value>陈独秀</value>
	<value>孙中山</value>
	<value>孙文</value>
	<value>孙逸仙</value>
	<value>邓小平</value>
	<value>陈云</value>
	<value>江泽民</value>
	<value>李鹏</value>
	<value>朱镕基</value>
	<value>李瑞环</value>
	<value>尉健行</value>
	<value>李岚清</value>
	<value>胡锦涛</value>
	<value>罗干</value>
	<value>温家宝</value>
	<value>吴邦国</value>
	<value>曾庆红</value>
	<value>贾庆林</value>
	<value>黄菊</value>
	<value>吴官正</value>
	<value>李长春</value>
	<value>吴仪</value>
	<value>回良玉</value>
	<value>曾培炎</value>
	<value>周永康</value>
	<value>曹刚川</value>
	<value>唐家璇</value>
	<value>华建敏</value>
	<value>陈至立</value>
	<value>陈良宇</value>
	<value>张德江</value>
	<value>张立昌</value>
	<value>俞正声</value>
	<value>王乐泉</value>
	<value>刘云山</value>
	<value>王刚</value>
	<value>王兆国</value>
	<value>刘淇</value>
	<value>贺国强</value>
	<value>郭伯雄</value>
	<value>胡耀邦</value>
	<value>王乐泉</value>
	<value>王兆国</value>
	<value>周永康</value>
	<value>李登辉</value>
	<value>连战</value>
	<value>陈水扁</value>
	<value>宋楚瑜</value>
	<value>吕秀莲</value>
	<value>郁慕明</value>
	<value>蒋介石</value>
	<value>蒋中正</value>
	<value>蒋经国</value>
	<value>马英九</value>
	<value>习近平</value>
	<value>李克强</value>
	<value>吴帮国</value>
	<value>无帮国</value>
	<value>无邦国</value>
	<value>无帮过</value>
	<value>瘟家宝</value>
	<value>假庆林</value>
	<value>甲庆林</value>
	<value>假青林</value>
	<value>离长春</value>
	<value>习远平</value>
	<value>袭近平</value>
	<value>李磕墙</value>
	<value>贺过墙</value>
	<value>和锅枪</value>
	<value>粥永康</value>
	<value>轴永康</value>
	<value>肘永康</value>
	<value>周健康</value>
	<value>粥健康</value>
	<value>周小康</value>
	<value>李肇星务</value>
	<value>国务委员</value>
	<value>国务院</value>
	<value>中央委员</value>
	<value>发改委</value>
	<value>国家发展和改革委员会</value>
	<value>发展和改革委员会</value>
	<value>国家发展与改革委员会</value>
	<value>发展与改革委员会</value>
	<value>薄熙来</value>
	<value>温家饱</value>
	<value>温假饱</value>
	<value>胡惊涛</value>
	<value>布什</value>
	<value>布莱尔</value>
	<value>小泉</value>
	<value>纯一郎</value>
	<value>萨马兰奇</value>
	<value>安南</value>
	<value>阿拉法特</value>
	<value>普京</value>
	<value>默克尔</value>
	<value>克林顿</value>
	<value>里根</value>
	<value>尼克松</value>
	<value>林肯</value>
	<value>杜鲁门</value>
	<value>赫鲁晓夫</value>
	<value>列宁</value>
	<value>斯大林</value>
	<value>马克思</value>
	<value>恩格斯</value>
	<value>金正日</value>
	<value>金日成</value>
	<value>萨达姆</value>
	<value>胡志明</value>
	<value>西哈努克</value>
	<value>希拉克</value>
	<value>撒切尔</value>
	<value>阿罗约</value>
	<value>曼德拉</value>
	<value>卡斯特罗</value>
	<value>富兰克林</value>
	<value>华盛顿</value>
	<value>艾森豪威尔</value>
	<value>拿破仑</value>
	<value>亚历山大</value>
	<value>路易</value>
	<value>拉姆斯菲尔德</value>
	<value>劳拉</value>
	<value>鲍威尔</value>
	<value>奥巴马</value>
	<value>本拉登</value>
	<value>奥马尔</value>
	<value>柴玲</value>
	<value>达赖喇嘛</value>
	<value>江青</value>
	<value>张春桥</value>
	<value>姚文元</value>
	<value>王洪文</value>
	<value>东条英机</value>
	<value>希特勒</value>
	<value>墨索里尼</value>
	<value>冈村秀树</value>
	<value>冈村宁次</value>
	<value>高丽朴</value>
	<value>赵紫阳</value>
	<value>王丹</value>
	<value>沃尔开西</value>
	<value>李洪志</value>
	<value>李大师</value>
	<value>赖昌星</value>
	<value>马加爵</value>
	<value>班禅</value>
	<value>额尔德尼</value>
	<value>山本五十六</value>
	<value>阿扁</value>
	<value>阿扁万岁</value>
	<value>热那亚</value>
	<value>热比娅</value>
	<value>恐怖组织</value>
	<value>买毒品</value>
	<value>卖毒品</value>
	<value>茉莉花</value>
	<value>钓鱼岛</value>
	<value>钓鱼岛不属于中国</value>
	<value>突尼斯</value>
	<value>gongchandang</value>
	<value>新闻出版总署</value>
	<value>新闻出版署</value>
	<value>处女</value>
	<value>房事</value>
	<value>押大</value>
	<value>押小</value>
	<value>坐台</value>
	<value>猥亵</value>
	<value>猥琐</value>
	<value>肉欲</value>
	<value>肉体</value>
	<value>排泄</value>
	<value>卵子</value>
	<value>西藏314事件</value>
	<value>新疆7.5事件</value>
	<value>新疆国</value>
	<value>党中央</value>
	<value>新闻管制</value>
	<value>一边一国</value>
	<value>两国论</value>
	<value>分裂中国</value>
	<value>革命</value>
	<value>茉莉花</value>
	<value>突尼斯</value>
	<value>国内动态详情</value>
	<value>回回</value>
	<value>六四</value>
	<value>六四运动</value>
	<value>美国之音</value>
	<value>密宗</value>
	<value>民国</value>
	<value>民进党</value>
	<value>民运</value>
	<value>民主</value>
	<value>民主潮</value>
	<value>摩门教</value>
	<value>纳粹</value>
	<value>南华早报</value>
	<value>南蛮</value>
	<value>明慧网</value>
	<value>起义</value>
	<value>亲民党</value>
	<value>瘸腿帮</value>
	<value>人民报</value>
	<value>法轮功</value>
	<value>法轮大法</value>
	<value>打倒共产党</value>
	<value>台独万岁</value>
	<value>圣战</value>
	<value>示威</value>
	<value>台独</value>
	<value>台独分子</value>
	<value>台联</value>
	<value>台湾民国</value>
	<value>台湾岛国</value>
	<value>台湾国</value>
	<value>台湾独立</value>
	<value>太子党</value>
	<value>天安门事件</value>
	<value>屠杀</value>
	<value>小泉</value>
	<value>新党</value>
	<value>新疆独立</value>
	<value>新疆分裂</value>
	<value>新疆国</value>
	<value>疆独</value>
	<value>西藏独立</value>
	<value>西藏分裂</value>
	<value>西藏国</value>
	<value>藏独</value>
	<value>藏青会</value>
	<value>藏妇会</value>
	<value>学潮</value>
	<value>学运</value>
	<value>一党专政</value>
	<value>一中一台</value>
	<value>两个中国</value>
	<value>一贯道</value>
	<value>游行</value>
	<value>造反</value>
	<value>真善忍</value>
	<value>镇压</value>
	<value>政变</value>
	<value>政治</value>
	<value>政治反对派</value>
	<value>政治犯</value>
	<value>中共</value>
	<value>共产党</value>
	<value>反党</value>
	<value>反共</value>
	<value>政府</value>
	<value>民主党</value>
	<value>中国之春</value>
	<value>转法轮</value>
	<value>自焚</value>
	<value>共党</value>
	<value>共匪</value>
	<value>苏家屯</value>
	<value>基地组织</value>
	<value>塔利班</value>
	<value>东亚病夫</value>
	<value>支那</value>
	<value>高治联</value>
	<value>高自联</value>
	<value>专政</value>
	<value>专制</value>
	<value>世界维吾尔大会</value>
	<value>核工业基地</value>
	<value>核武器</value>
	<value>铀</value>
	<value>原子弹</value>
	<value>氢弹</value>
	<value>导弹</value>
	<value>核潜艇</value>
	<value>大参考</value>
	<value>小参考</value>
	<value>国内动态清样</value>
	<value>释迦牟尼</value>
	<value>阿弥陀佛</value>
	<value>多维</value>
	<value>河殇</value>
	<value>摩门教</value>
	<value>穆罕默德</value>
	<value>圣战</value>
	<value>耶和华</value>
	<value>耶稣</value>
	<value>伊斯兰</value>
	<value>真主安拉</value>
	<value>白莲教</value>
	<value>天主教</value>
	<value>基督教</value>
	<value>东正教</value>
	<value>大法</value>
	<value>法轮</value>
	<value>法轮功</value>
	<value>瘸腿帮</value>
	<value>真理教</value>
	<value>真善忍</value>
	<value>转法轮</value>
	<value>自焚</value>
	<value>走向圆满</value>
	<value>黄大仙</value>
	<value>跳大神</value>
	<value>神汉</value>
	<value>神婆</value>
	<value>真理教</value>
	<value>大卫教</value>
	<value>阎王</value>
	<value>黑白无常</value>
	<value>牛头马面</value>
	<value>藏独</value>
	<value>高丽棒子</value>
	<value>疆独</value>
	<value>蒙古鞑子</value>
	<value>台独</value>
	<value>台独分子</value>
	<value>台联</value>
	<value>台湾民国</value>
	<value>西藏独立</value>
	<value>新疆独立</value>
	<value>南蛮</value>
	<value>老毛子</value>
	<value>回民吃猪肉</value>
	<value>k粉</value>
	<value>古柯碱</value>
	<value>谋杀</value>
	<value>杀人</value>
	<value>吸毒</value>
	<value>贩毒</value>
	<value>赌博</value>
	<value>拐卖</value>
	<value>走私</value>
	<value>卖淫</value>
	<value>造反</value>
	<value>强奸</value>
	<value>轮奸</value>
	<value>抢劫</value>
	<value>先奸后杀</value>
	<value>押大</value>
	<value>押小</value>
	<value>押注</value>
	<value>下注</value>
	<value>抽头</value>
	<value>坐庄</value>
	<value>赌马</value>
	<value>赌球</value>
	<value>筹码</value>
	<value>老虎机</value>
	<value>轮盘赌</value>
	<value>安非他命</value>
	<value>大麻</value>
	<value>可卡因</value>
	<value>海洛因</value>
	<value>冰毒</value>
	<value>摇头丸</value>
	<value>杜冷丁</value>
	<value>鸦片</value>
	<value>罂粟</value>
	<value>迷幻药</value>
	<value>白粉</value>
	<value>嗑药</value>
	<value>吸毒</value>
	<value>冰毒</value>
	<value>冰粉</value>
	<value>牛B</value>
	<value>牛比</value>
	<value>J8</value>
	<value>小姐兼职</value>
	<value>交媾</value>
	<value>毛片</value>
	<value>黄片</value>
	<value>交配</value>
	<value>房事</value>
	<value>性事</value>
	<value>偷窥</value>
	<value>马拉戈壁</value>
	<value>AIDS</value>
	<value>aids</value>
	<value>Aids</value>
	<value>DICK</value>
	<value>dick</value>
	<value>Dick</value>
	<value>penis</value>
	<value>sex</value>
	<value>SM</value>
	<value>屙</value>
	<value>爱滋</value>
	<value>淋病</value>
	<value>梅毒</value>
	<value>爱液</value>
	<value>屄</value>
	<value>逼</value>
	<value>臭机八</value>
	<value>臭鸡巴</value>
	<value>吹喇叭</value>
	<value>吹箫</value>
	<value>催情药</value>
	<value>屌</value>
	<value>肛交</value>
	<value>肛门</value>
	<value>龟头</value>
	<value>黄色</value>
	<value>机八</value>
	<value>机巴</value>
	<value>鸡八</value>
	<value>鸡巴</value>
	<value>机掰</value>
	<value>机巴</value>
	<value>鸡叭</value>
	<value>鸡鸡</value>
	<value>鸡掰</value>
	<value>鸡奸</value>
	<value>妓女</value>
	<value>奸</value>
	<value>茎</value>
	<value>精液</value>
	<value>精子</value>
	<value>尻</value>
	<value>口交</value>
	<value>滥交</value>
	<value>乱交</value>
	<value>轮奸</value>
	<value>卖淫</value>
	<value>屁眼</value>
	<value>嫖娼</value>
	<value>强奸</value>
	<value>强奸犯</value>
	<value>情色</value>
	<value>肉棒</value>
	<value>乳房</value>
	<value>乳峰</value>
	<value>乳交</value>
	<value>乳头</value>
	<value>乳晕</value>
	<value>三陪</value>
	<value>色情</value>
	<value>射精</value>
	<value>手淫</value>
	<value>威而钢</value>
	<value>威而柔</value>
	<value>伟哥</value>
	<value>性高潮</value>
	<value>性交</value>
	<value>性虐</value>
	<value>性欲</value>
	<value>穴</value>
	<value>颜射</value>
	<value>阳物</value>
	<value>一夜情</value>
	<value>阴部</value>
	<value>阴唇</value>
	<value>阴道</value>
	<value>阴蒂</value>
	<value>阴核</value>
	<value>阴户</value>
	<value>阴茎</value>
	<value>阴门</value>
	<value>淫</value>
	<value>淫秽</value>
	<value>淫乱</value>
	<value>淫水</value>
	<value>淫娃</value>
	<value>淫液</value>
	<value>淫汁</value>
	<value>淫穴</value>
	<value>淫洞</value>
	<value>援交妹</value>
	<value>做爱</value>
	<value>梦遗</value>
	<value>阳痿</value>
	<value>早泄</value>
	<value>奸淫</value>
	<value>性欲</value>
	<value>性交</value>
	<value>Bitch</value>
	<value>bt</value>
	<value>cao</value>
	<value>FUCK</value>
	<value>Fuck</value>
	<value>fuck</value>
	<value>kao</value>
	<value>NMD</value>
	<value>NND</value>
	<value>sb</value>
	<value>shit</value>
	<value>SHIT</value>
	<value>SUCK</value>
	<value>Suck</value>
	<value>tmd</value>
	<value>TMD</value>
	<value>tnnd</value>
	<value>K他命</value>
	<value>白痴</value>
	<value>笨蛋</value>
	<value>屄</value>
	<value>变态</value>
	<value>婊子</value>
	<value>操她妈</value>
	<value>操妳妈</value>
	<value>操你</value>
	<value>操你妈</value>
	<value>操他妈</value>
	<value>草你</value>
	<value>肏</value>
	<value>册那</value>
	<value>侧那</value>
	<value>测拿</value>
	<value>插</value>
	<value>蠢猪</value>
	<value>荡妇</value>
	<value>发骚</value>
	<value>废物</value>
	<value>干她妈</value>
	<value>干妳</value>
	<value>干妳娘</value>
	<value>干你</value>
	<value>干你妈</value>
	<value>干你妈B</value>
	<value>干你妈b</value>
	<value>干你妈逼</value>
	<value>干你娘</value>
	<value>干他妈</value>
	<value>狗娘养的</value>
	<value>滚</value>
	<value>鸡奸</value>
	<value>贱货</value>
	<value>贱人</value>
	<value>烂人</value>
	<value>老母</value>
	<value>老土</value>
	<value>妈比</value>
	<value>妈的</value>
	<value>马的</value>
	<value>妳老母的</value>
	<value>妳娘的</value>
	<value>你妈逼</value>
	<value>破鞋</value>
	<value>仆街</value>
	<value>去她妈</value>
	<value>去妳的</value>
	<value>去妳妈</value>
	<value>去你的</value>
	<value>去你妈</value>
	<value>去死</value>
	<value>去他妈</value>
	<value>日</value>
	<value>日你</value>
	<value>赛她娘</value>
	<value>赛妳娘</value>
	<value>赛你娘</value>
	<value>赛他娘</value>
	<value>骚货</value>
	<value>傻B</value>
	<value>傻比</value>
	<value>傻子</value>
	<value>上妳</value>
	<value>上你</value>
	<value>神经病</value>
	<value>屎</value>
	<value>屎妳娘</value>
	<value>屎你娘</value>
	<value>他妈的</value>
	<value>王八蛋</value>
	<value>我操</value>
	<value>我日</value>
	<value>乡巴佬</value>
	<value>猪猡</value>
	<value>屙</value>
	<value>干</value>
	<value>尿</value>
	<value>掯</value>
	<value>屌</value>
	<value>操</value>
	<value>骑你</value>
	<value>湿了</value>
	<value>操你</value>
	<value>操他</value>
	<value>操她</value>
	<value>骑你</value>
	<value>骑他</value>
	<value>骑她</value>
	<value>欠骑</value>
	<value>欠人骑</value>
	<value>来爽我</value>
	<value>来插我</value>
	<value>干你</value>
	<value>干他</value>
	<value>干她</value>
	<value>干死</value>
	<value>干爆</value>
	<value>干机</value>
	<value>FUCK</value>
	<value>机叭</value>
	<value>臭鸡</value>
	<value>臭机</value>
	<value>烂鸟</value>
	<value>览叫</value>
	<value>阳具</value>
	<value>肉棒</value>
	<value>肉壶</value>
	<value>奶子</value>
	<value>摸咪咪</value>
	<value>干鸡</value>
	<value>干入</value>
	<value>小穴</value>
	<value>强奸</value>
	<value>插你</value>
	<value>插你</value>
	<value>爽你</value>
	<value>爽你</value>
	<value>干干</value>
	<value>干X</value>
	<value>我操</value>
	<value>他干</value>
	<value>干它</value>
	<value>干牠</value>
	<value>干您</value>
	<value>干汝</value>
	<value>干林</value>
	<value>操林</value>
	<value>干尼</value>
	<value>操尼</value>
	<value>我咧干</value>
	<value>干勒</value>
	<value>干我</value>
	<value>干到</value>
	<value>干啦</value>
	<value>干爽</value>
	<value>欠干</value>
	<value>狗干</value>
	<value>我干</value>
	<value>来干</value>
	<value>轮干</value>
	<value>轮流干</value>
	<value>干一干</value>
	<value>援交</value>
	<value>骑你</value>
	<value>我操</value>
	<value>轮奸</value>
	<value>鸡奸</value>
	<value>奸暴</value>
	<value>再奸</value>
	<value>我奸</value>
	<value>奸你</value>
	<value>奸你</value>
	<value>奸他</value>
	<value>奸她</value>
	<value>奸一奸</value>
	<value>淫水</value>
	<value>淫湿</value>
	<value>鸡歪</value>
	<value>仆街</value>
	<value>臭西</value>
	<value>尻</value>
	<value>遗精</value>
	<value>烂逼</value>
	<value>大血比</value>
	<value>叼你妈</value>
	<value>靠你妈</value>
	<value>草你</value>
	<value>干你</value>
	<value>日你</value>
	<value>插你</value>
	<value>奸你</value>
	<value>戳你</value>
	<value>逼你老母</value>
	<value>挨球</value>
	<value>我日你</value>
	<value>草拟妈</value>
	<value>卖逼</value>
	<value>狗操卖逼</value>
	<value>奸淫</value>
	<value>日死</value>
	<value>奶子</value>
	<value>阴茎</value>
	<value>奶娘</value>
	<value>他娘</value>
	<value>她娘</value>
	<value>骚B</value>
	<value>你妈了妹</value>
	<value>逼毛</value>
	<value>插你妈</value>
	<value>叼你</value>
	<value>渣波波</value>
	<value>嫩b</value>
	<value>weelaa</value>
	<value>缔顺</value>
	<value>帝顺</value>
	<value>蒂顺</value>
	<value>系统消息</value>
	<value>午夜</value>
	<value>看下</value>
	<value>草泥马</value>
	<value>法克鱿</value>
	<value>雅蠛蝶</value>
	<value>潜烈蟹</value>
	<value>菊花蚕</value>
	<value>尾申鲸</value>
	<value>吉跋猫</value>
	<value>搞栗棒</value>
	<value>吟稻雁</value>
	<value>达菲鸡</value>
	<value>SM</value>
	<value>ML</value>
	<value>3P</value>
	<value>群P</value>
	<value>马勒戈壁</value>
	<value>双飞</value>
	<value>周恩來</value>
	<value>碡</value>
	<value>籀</value>
	<value>朱駿</value>
	<value>朱狨基</value>
	<value>朱容基</value>
	<value>朱溶剂</value>
	<value>朱熔基</value>
	<value>朱镕基</value>
	<value>邾</value>
	<value>猪操</value>
	<value>猪聋畸</value>
	<value>猪毛</value>
	<value>猪毛1</value>
	<value>舳</value>
	<value>瘃</value>
	<value>躅</value>
	<value>翥</value>
	<value>專政</value>
	<value>颛</value>
	<value>丬</value>
	<value>隹</value>
	<value>窀</value>
	<value>卓伯源</value>
	<value>倬</value>
	<value>斫</value>
	<value>诼</value>
	<value>髭</value>
	<value>鲻</value>
	<value>子宫</value>
	<value>秭</value>
	<value>訾</value>
	<value>自焚</value>
	<value>自民党</value>
	<value>自慰</value>
	<value>自已的故事</value>
	<value>自由民主论坛</value>
	<value>总理</value>
	<value>偬</value>
	<value>诹</value>
	<value>陬</value>
	<value>鄹</value>
	<value>鲰</value>
	<value>躜</value>
	<value>缵</value>
	<value>作爱</value>
	<value>作秀</value>
	<value>阼</value>
	<value>祚</value>
	<value>做爱</value>
	<value>阿扁萬歲</value>
	<value>阿萊娜</value>
	<value>啊無卵</value>
	<value>埃裏克蘇特勤</value>
	<value>埃斯萬</value>
	<value>艾麗絲</value>
	<value>愛滋</value>
	<value>愛滋病</value>
	<value>垵</value>
	<value>暗黑法師</value>
	<value>嶴</value>
	<value>奧克拉</value>
	<value>奧拉德</value>
	<value>奧利弗</value>
	<value>奧魯奇</value>
	<value>奧倫</value>
	<value>奧特蘭</value>
	<value>㈧</value>
	<value>巴倫侍從</value>
	<value>巴倫坦</value>
	<value>白立樸</value>
	<value>白夢</value>
	<value>白皮書</value>
	<value>班禪</value>
	<value>寶石商人</value>
	<value>保釣</value>
	<value>鮑戈</value>
	<value>鮑彤</value>
	<value>鮑伊</value>
	<value>暴風亡靈</value>
	<value>暴亂</value>
	<value>暴熱的戰士</value>
	<value>暴躁的城塔野獸</value>
	<value>暴躁的警衛兵靈魂</value>
	<value>暴躁的馬杜克</value>
	<value>北大三角地論壇</value>
	<value>北韓</value>
	<value>北京當局</value>
	<value>北美自由論壇</value>
	<value>貝尤爾</value>
	<value>韝</value>
	<value>逼樣</value>
	<value>比樣</value>
	<value>蹕</value>
	<value>颮</value>
	<value>鑣</value>
	<value>婊子養的</value>
	<value>賓周</value>
	<value>冰後</value>
	<value>博訊</value>
	<value>不滅帝王</value>
	<value>不爽不要錢</value>
	<value>布萊爾</value>
	<value>布雷爾</value>
	<value>蔡崇國</value>
	<value>蔡啓芳</value>
	<value>黲</value>
	<value>操鶏</value>
	<value>操那嗎B</value>
	<value>操那嗎逼</value>
	<value>操那嗎比</value>
	<value>操你媽</value>
	<value>操你爺爺</value>
	<value>曹長青</value>
	<value>曹剛川</value>
	<value>草</value>
	<value>草你媽</value>
	<value>草擬媽</value>
	<value>册那娘餓比</value>
	<value>插那嗎B</value>
	<value>插那嗎逼</value>
	<value>插那嗎比</value>
	<value>插你媽</value>
	<value>插你爺爺</value>
	<value>覘</value>
	<value>蕆</value>
	<value>囅</value>
	<value>閶</value>
	<value>長官沙塔特</value>
	<value>常勁</value>
	<value>朝鮮</value>
	<value>車侖</value>
	<value>車侖女幹</value>
	<value>沉睡圖騰</value>
	<value>陳炳基</value>
	<value>陳博志</value>
	<value>陳定南</value>
	<value>陳建銘</value>
	<value>陳景俊</value>
	<value>陳菊</value>
	<value>陳軍</value>
	<value>陳良宇</value>
	<value>陳蒙</value>
	<value>陳破空</value>
	<value>陳水扁</value>
	<value>陳唐山</value>
	<value>陳希同</value>
	<value>陳小同</value>
	<value>陳宣良</value>
	<value>陳學聖</value>
	<value>陳一諮</value>
	<value>陳總統</value>
	<value>諶</value>
	<value>齔</value>
	<value>櫬</value>
	<value>讖</value>
	<value>程凱</value>
	<value>程鐵軍</value>
	<value>鴟</value>
	<value>痴鳩</value>
	<value>痴拈</value>
	<value>遲鈍的圖騰</value>
	<value>持不同政見</value>
	<value>赤色騎士</value>
	<value>赤色戰士</value>
	<value>處女膜</value>
	<value>傳染性病</value>
	<value>吹簫</value>
	<value>春夏自由論壇</value>
	<value>戳那嗎B</value>
	<value>戳那嗎逼</value>
	<value>戳那嗎比</value>
	<value>輳</value>
	<value>鹺</value>
	<value>錯B</value>
	<value>錯逼</value>
	<value>錯比</value>
	<value>錯那嗎B</value>
	<value>錯那嗎逼</value>
	<value>錯那嗎比</value>
	<value>達夫警衛兵</value>
	<value>達夫侍從</value>
	<value>達癩</value>
	<value>打飛機</value>
	<value>大參考</value>
	<value>大東亞</value>
	<value>大東亞共榮</value>
	<value>大鶏巴</value>
	<value>大紀元</value>
	<value>大紀元新聞網</value>
	<value>大紀園</value>
	<value>大家論壇</value>
	<value>大奶媽</value>
	<value>大史記</value>
	<value>大史紀</value>
	<value>大衛教</value>
	<value>大中國論壇</value>
	<value>大中華論壇</value>
	<value>大衆真人真事</value>
	<value>紿</value>
	<value>戴維教</value>
	<value>戴相龍</value>
	<value>彈劾</value>
	<value>氹</value>
	<value>蕩婦</value>
	<value>導師</value>
	<value>盜竊犯</value>
	<value>德維爾</value>
	<value>登輝</value>
	<value>鄧笑貧</value>
	<value>糴</value>
	<value>迪裏夏提</value>
	<value>覿</value>
	<value>地下教會</value>
	<value>帝國主義</value>
	<value>電視流氓</value>
	<value>叼你媽</value>
	<value>釣魚島</value>
	<value>丁關根</value>
	<value>東北獨立</value>
	<value>東部地下水路</value>
	<value>東方紅時空</value>
	<value>東方時空</value>
	<value>東南西北論談</value>
	<value>東社</value>
	<value>東升</value>
	<value>東條</value>
	<value>東條英機</value>
	<value>東突暴動</value>
	<value>東突獨立</value>
	<value>東土耳其斯坦</value>
	<value>東西南北論壇</value>
	<value>東亞</value>
	<value>東院看守</value>
	<value>動亂</value>
	<value>鬥士哈夫拉蘇</value>
	<value>鬥士霍克</value>
	<value>獨裁</value>
	<value>獨裁政治</value>
	<value>獨夫</value>
	<value>獨立臺灣會</value>
	<value>俄國</value>
	<value>鮞</value>
	<value>㈡</value>
	<value>發楞</value>
	<value>發掄</value>
	<value>發掄功</value>
	<value>發倫</value>
	<value>發倫功</value>
	<value>發輪</value>
	<value>發論</value>
	<value>發論公</value>
	<value>發論功</value>
	<value>發騷</value>
	<value>發正念</value>
	<value>法~倫</value>
	<value>法~淪</value>
	<value>法~綸</value>
	<value>法~輪</value>
	<value>法~論</value>
	<value>法爾卡</value>
	<value>法掄</value>
	<value>法掄功</value>
	<value>法侖</value>
	<value>法淪</value>
	<value>法綸</value>
	<value>法輪大法</value>
	<value>法輪功</value>
	<value>法十輪十功</value>
	<value>法謫</value>
	<value>法謫功</value>
	<value>反封鎖</value>
	<value>反封鎖技術</value>
	<value>反腐敗論壇</value>
	<value>反人類</value>
	<value>反社會</value>
	<value>方勵之</value>
	<value>防衛指揮官</value>
	<value>放蕩</value>
	<value>飛揚論壇</value>
	<value>廢墟守護者</value>
	<value>費鴻泰</value>
	<value>費良勇</value>
	<value>分隊長施蒂文</value>
	<value>粉飾太平</value>
	<value>糞便</value>
	<value>鱝</value>
	<value>豐饒的果實</value>
	<value>風雨神州</value>
	<value>風雨神州論壇</value>
	<value>封從德</value>
	<value>封殺</value>
	<value>封印的靈魂騎士</value>
	<value>馮東海</value>
	<value>馮素英</value>
	<value>紱</value>
	<value>襆</value>
	<value>嘸</value>
	<value>傅作義</value>
	<value>幹bi</value>
	<value>幹逼</value>
	<value>幹比</value>
	<value>幹的你</value>
	<value>幹幹幹</value>
	<value>幹她</value>
	<value>幹你</value>
	<value>幹你老比</value>
	<value>幹你老母</value>
	<value>幹你娘</value>
	<value>幹全家</value>
	<value>幹死</value>
	<value>幹死你</value>
	<value>幹他</value>
	<value>幹一家</value>
	<value>趕你娘</value>
	<value>岡巒</value>
	<value>剛比</value>
	<value>剛比樣子</value>
	<value>崗哨士兵</value>
	<value>肛門</value>
	<value>高麗棒子</value>
	<value>高文謙</value>
	<value>高薪養廉</value>
	<value>高自聯</value>
	<value>膏藥旗</value>
	<value>戈瑞爾德</value>
	<value>戈揚</value>
	<value>鴿派</value>
	<value>歌功頌德</value>
	<value>格雷(關卡排名管理者)</value>
	<value>格魯</value>
	<value>格魯(城鎮移動)</value>
	<value>鯁</value>
	<value>工自聯</value>
	<value>弓雖</value>
	<value>共産</value>
	<value>共産黨</value>
	<value>共産主義</value>
	<value>共黨</value>
	<value>共軍</value>
	<value>共榮圈</value>
	<value>緱</value>
	<value>狗誠</value>
	<value>狗狼養的</value>
	<value>狗娘養的</value>
	<value>狗養</value>
	<value>狗雜種</value>
	<value>覯</value>
	<value>轂</value>
	<value>古龍祭壇</value>
	<value>骨獅</value>
	<value>鯝</value>
	<value>鴰</value>
	<value>詿</value>
	<value>關卓中</value>
	<value>貫通兩極法</value>
	<value>廣聞</value>
	<value>嬀</value>
	<value>龜兒子</value>
	<value>龜公</value>
	<value>龜孫子</value>
	<value>龜頭</value>
	<value>龜投</value>
	<value>劌</value>
	<value>緄</value>
	<value>滾那嗎</value>
	<value>滾那嗎B</value>
	<value>滾那嗎錯比</value>
	<value>滾那嗎老比</value>
	<value>滾那嗎瘟比</value>
	<value>鯀</value>
	<value>咼</value>
	<value>郭俊銘</value>
	<value>郭羅基</value>
	<value>郭岩華</value>
	<value>國家安全</value>
	<value>國家機密</value>
	<value>國軍</value>
	<value>國賊</value>
	<value>哈爾羅尼</value>
	<value>頇</value>
	<value>韓東方</value>
	<value>韓聯潮</value>
	<value>韓正</value>
	<value>漢奸</value>
	<value>顥</value>
	<value>灝</value>
	<value>河殤</value>
	<value>賀國强</value>
	<value>賀龍</value>
	<value>黑社會</value>
	<value>黑手黨</value>
	<value>紅燈區</value>
	<value>紅色恐怖</value>
	<value>紅炎猛獸</value>
	<value>洪傳</value>
	<value>洪興</value>
	<value>洪哲勝</value>
	<value>黌</value>
	<value>鱟</value>
	<value>胡緊掏</value>
	<value>胡錦滔</value>
	<value>胡錦淘</value>
	<value>胡景濤</value>
	<value>胡喬木</value>
	<value>胡總書記</value>
	<value>湖岸護衛兵</value>
	<value>湖岸警衛兵</value>
	<value>湖岸哨兵隊長</value>
	<value>護法</value>
	<value>鸌</value>
	<value>華建敏</value>
	<value>華通時事論壇</value>
	<value>華夏文摘</value>
	<value>華語世界論壇</value>
	<value>華岳時事論壇</value>
	<value>懷特</value>
	<value>鍰</value>
	<value>皇軍</value>
	<value>黃伯源</value>
	<value>黃慈萍</value>
	<value>黃禍</value>
	<value>黃劍輝</value>
	<value>黃金幼龍</value>
	<value>黃菊</value>
	<value>黃片</value>
	<value>黃翔</value>
	<value>黃義交</value>
	<value>黃仲生</value>
	<value>回民暴動</value>
	<value>噦</value>
	<value>繢</value>
	<value>毀滅步兵</value>
	<value>毀滅騎士</value>
	<value>毀滅射手</value>
	<value>昏迷圖騰</value>
	<value>混亂的圖騰</value>
	<value>鍃</value>
	<value>活動</value>
	<value>擊倒圖騰</value>
	<value>擊傷的圖騰</value>
	<value>鶏8</value>
	<value>鶏八</value>
	<value>鶏巴</value>
	<value>鶏吧</value>
	<value>鶏鶏</value>
	<value>鶏奸</value>
	<value>鶏毛信文匯</value>
	<value>鶏女</value>
	<value>鶏院</value>
	<value>姬勝德</value>
	<value>積克館</value>
	<value>賫</value>
	<value>鱭</value>
	<value>賈廷安</value>
	<value>賈育台</value>
	<value>戔</value>
	<value>監視塔</value>
	<value>監視塔哨兵</value>
	<value>監視塔哨兵隊長</value>
	<value>鰹</value>
	<value>韉</value>
	<value>簡肇棟</value>
	<value>建國黨</value>
	<value>賤B</value>
	<value>賤bi</value>
	<value>賤逼</value>
	<value>賤比</value>
	<value>賤貨</value>
	<value>賤人</value>
	<value>賤種</value>
	<value>江八點</value>
	<value>江羅</value>
	<value>江綿恒</value>
	<value>江戲子</value>
	<value>江則民</value>
	<value>江澤慧</value>
	<value>江賊</value>
	<value>江賊民</value>
	<value>薑春雲</value>
	<value>將則民</value>
	<value>僵賊</value>
	<value>僵賊民</value>
	<value>講法</value>
	<value>蔣介石</value>
	<value>蔣中正</value>
	<value>降低命中的圖騰</value>
	<value>醬猪媳</value>
	<value>撟</value>
	<value>狡猾的達夫</value>
	<value>矯健的馬努爾</value>
	<value>嶠</value>
	<value>教養院</value>
	<value>癤</value>
	<value>揭批書</value>
	<value>訐</value>
	<value>她媽</value>
	<value>届中央政治局委員</value>
	<value>金槍不倒</value>
	<value>金堯如</value>
	<value>金澤辰</value>
	<value>巹</value>
	<value>錦濤</value>
	<value>經文</value>
	<value>經血</value>
	<value>莖候佳陰</value>
	<value>荊棘護衛兵</value>
	<value>靖國神社</value>
	<value>㈨</value>
	<value>舊斗篷哨兵</value>
	<value>齟</value>
	<value>巨槌騎兵</value>
	<value>巨鐵角哈克</value>
	<value>鋸齒通道被遺弃的骷髏</value>
	<value>鋸齒通道骷髏</value>
	<value>屨</value>
	<value>棬</value>
	<value>絕望之地</value>
	<value>譎</value>
	<value>軍妓</value>
	<value>開苞</value>
	<value>開放雜志</value>
	<value>凱奧勒尼什</value>
	<value>凱爾本</value>
	<value>凱爾雷斯</value>
	<value>凱特切爾</value>
	<value>砍翻一條街</value>
	<value>看中國</value>
	<value>闞</value>
	<value>靠你媽</value>
	<value>柯賜海</value>
	<value>柯建銘</value>
	<value>科萊爾</value>
	<value>克萊恩</value>
	<value>克萊特</value>
	<value>克勞森</value>
	<value>客戶服務</value>
	<value>緙</value>
	<value>空氣精靈</value>
	<value>空虛的伊坤</value>
	<value>空虛之地</value>
	<value>恐怖主義</value>
	<value>瞘</value>
	<value>嚳</value>
	<value>鄺錦文</value>
	<value>貺</value>
	<value>昆圖</value>
	<value>拉姆斯菲爾德</value>
	<value>拉皮條</value>
	<value>萊特</value>
	<value>賴士葆</value>
	<value>蘭迪</value>
	<value>爛B</value>
	<value>爛逼</value>
	<value>爛比</value>
	<value>爛袋</value>
	<value>爛貨</value>
	<value>濫B</value>
	<value>濫逼</value>
	<value>濫比</value>
	<value>濫貨</value>
	<value>濫交</value>
	<value>勞動教養所</value>
	<value>勞改</value>
	<value>勞教</value>
	<value>鰳</value>
	<value>雷尼亞</value>
	<value>誄</value>
	<value>李紅痔</value>
	<value>李洪寬</value>
	<value>李繼耐</value>
	<value>李蘭菊</value>
	<value>李老師</value>
	<value>李錄</value>
	<value>李祿</value>
	<value>李慶安</value>
	<value>李慶華</value>
	<value>李淑嫻</value>
	<value>李鐵映</value>
	<value>李旺陽</value>
	<value>李小鵬</value>
	<value>李月月鳥</value>
	<value>李志綏</value>
	<value>李總理</value>
	<value>李總統</value>
	<value>裏菲斯</value>
	<value>鱧</value>
	<value>轢</value>
	<value>躒</value>
	<value>奩</value>
	<value>連方瑀</value>
	<value>連惠心</value>
	<value>連勝德</value>
	<value>連勝文</value>
	<value>連戰</value>
	<value>聯總</value>
	<value>廉政大論壇</value>
	<value>煉功</value>
	<value>兩岸關係</value>
	<value>兩岸三地論壇</value>
	<value>兩個中國</value>
	<value>兩會</value>
	<value>兩會報道</value>
	<value>兩會新聞</value>
	<value>廖錫龍</value>
	<value>林保華</value>
	<value>林長盛</value>
	<value>林佳龍</value>
	<value>林信義</value>
	<value>林正勝</value>
	<value>林重謨</value>
	<value>躪</value>
	<value>淩鋒</value>
	<value>劉賓深</value>
	<value>劉賓雁</value>
	<value>劉剛</value>
	<value>劉國凱</value>
	<value>劉華清</value>
	<value>劉俊國</value>
	<value>劉凱中</value>
	<value>劉千石</value>
	<value>劉青</value>
	<value>劉山青</value>
	<value>劉士賢</value>
	<value>劉文勝</value>
	<value>劉文雄</value>
	<value>劉曉波</value>
	<value>劉曉竹</value>
	<value>劉永川</value>
	<value>㈥</value>
	<value>鷚</value>
	<value>龍虎豹</value>
	<value>龍火之心</value>
	<value>盧卡</value>
	<value>盧西德</value>
	<value>陸委會</value>
	<value>輅</value>
	<value>呂京花</value>
	<value>呂秀蓮</value>
	<value>亂交</value>
	<value>亂倫</value>
	<value>亂輪</value>
	<value>鋝</value>
	<value>掄功</value>
	<value>倫功</value>
	<value>輪大</value>
	<value>輪功</value>
	<value>輪奸</value>
	<value>論壇管理員</value>
	<value>羅福助</value>
	<value>羅幹</value>
	<value>羅禮詩</value>
	<value>羅文嘉</value>
	<value>羅志明</value>
	<value>腡</value>
	<value>濼</value>
	<value>洛克菲爾特</value>
	<value>媽B</value>
	<value>媽比</value>
	<value>媽的</value>
	<value>媽批</value>
	<value>馬大維</value>
	<value>馬克思</value>
	<value>馬良駿</value>
	<value>馬三家</value>
	<value>馬時敏</value>
	<value>馬特斯</value>
	<value>馬英九</value>
	<value>馬永成</value>
	<value>瑪麗亞</value>
	<value>瑪雅</value>
	<value>嗎的</value>
	<value>嗎啡</value>
	<value>勱</value>
	<value>麥克斯</value>
	<value>賣逼</value>
	<value>賣比</value>
	<value>賣國</value>
	<value>賣騷</value>
	<value>賣淫</value>
	<value>瞞報</value>
	<value>毛厠洞</value>
	<value>毛賊</value>
	<value>毛賊東</value>
	<value>美國</value>
	<value>美國參考</value>
	<value>美國佬</value>
	<value>美國之音</value>
	<value>蒙獨</value>
	<value>蒙古達子</value>
	<value>蒙古獨</value>
	<value>蒙古獨立</value>
	<value>禰</value>
	<value>羋</value>
	<value>綿恒</value>
	<value>黽</value>
	<value>民國</value>
	<value>民進黨</value>
	<value>民聯</value>
	<value>民意論壇</value>
	<value>民陣</value>
	<value>民主墻</value>
	<value>緡</value>
	<value>湣</value>
	<value>鰵</value>
	<value>摸你鶏巴</value>
	<value>莫偉强</value>
	<value>木子論壇</value>
	<value>內褲</value>
	<value>內衣</value>
	<value>那嗎B</value>
	<value>那嗎逼</value>
	<value>那嗎錯比</value>
	<value>那嗎老比</value>
	<value>那嗎瘟比</value>
	<value>那娘錯比</value>
	<value>納粹</value>
	<value>奶頭</value>
	<value>南大自由論壇</value>
	<value>南蠻子</value>
	<value>鬧事</value>
	<value>能樣</value>
	<value>尼奧夫</value>
	<value>倪育賢</value>
	<value>鯢</value>
	<value>你媽</value>
	<value>你媽逼</value>
	<value>你媽比</value>
	<value>你媽的</value>
	<value>你媽了妹</value>
	<value>你說我說論壇</value>
	<value>你爺</value>
	<value>娘餓比</value>
	<value>捏你鶏巴</value>
	<value>儂著岡巒</value>
	<value>儂著卵拋</value>
	<value>奴隸魔族士兵</value>
	<value>女幹</value>
	<value>女主人羅姬馬莉</value>
	<value>儺</value>
	<value>諾姆</value>
	<value>潘國平</value>
	<value>蹣</value>
	<value>龐建國</value>
	<value>泡沫經濟</value>
	<value>轡</value>
	<value>噴你</value>
	<value>皮條客</value>
	<value>羆</value>
	<value>諞</value>
	<value>潑婦</value>
	<value>齊墨</value>
	<value>齊諾</value>
	<value>騎你</value>
	<value>磧</value>
	<value>僉</value>
	<value>鈐</value>
	<value>錢達</value>
	<value>錢國梁</value>
	<value>錢其琛</value>
	<value>膁</value>
	<value>槧</value>
	<value>錆</value>
	<value>繰</value>
	<value>喬石</value>
	<value>喬伊</value>
	<value>橋侵襲兵</value>
	<value>譙</value>
	<value>鞽</value>
	<value>篋</value>
	<value>親美</value>
	<value>親民黨</value>
	<value>親日</value>
	<value>欽本立</value>
	<value>禽獸</value>
	<value>唚</value>
	<value>輕舟快訊</value>
	<value>情婦</value>
	<value>情獸</value>
	<value>檾</value>
	<value>慶紅</value>
	<value>丘垂貞</value>
	<value>詘</value>
	<value>去你媽的</value>
	<value>闃</value>
	<value>全國兩會</value>
	<value>全國人大</value>
	<value>犬</value>
	<value>綣</value>
	<value>瘸腿幫</value>
	<value>愨</value>
	<value>讓你操</value>
	<value>熱比婭</value>
	<value>熱站政論網</value>
	<value>人民報</value>
	<value>人民大會堂</value>
	<value>人民內情真相</value>
	<value>人民真實</value>
	<value>人民之聲論壇</value>
	<value>人權</value>
	<value>日本帝國</value>
	<value>日軍</value>
	<value>日內瓦金融</value>
	<value>日你媽</value>
	<value>日你爺爺</value>
	<value>日朱駿</value>
	<value>顬</value>
	<value>乳頭</value>
	<value>乳暈</value>
	<value>瑞士金融大學</value>
	<value>薩達姆</value>
	<value>三K黨</value>
	<value>三個代表</value>
	<value>三級片</value>
	<value>三去車侖工力</value>
	<value>㈢</value>
	<value>毿</value>
	<value>糝</value>
	<value>騷B</value>
	<value>騷棒</value>
	<value>騷包</value>
	<value>騷逼</value>
	<value>騷棍</value>
	<value>騷貨</value>
	<value>騷鶏</value>
	<value>騷卵</value>
	<value>殺你全家</value>
	<value>殺你一家</value>
	<value>殺人犯</value>
	<value>傻鳥</value>
	<value>煞筆</value>
	<value>山口組</value>
	<value>善惡有報</value>
	<value>上訪</value>
	<value>上海幫</value>
	<value>上海孤兒院</value>
	<value>厙</value>
	<value>社會主義</value>
	<value>射了還說要</value>
	<value>灄</value>
	<value>詵</value>
	<value>神經病</value>
	<value>諗</value>
	<value>生孩子沒屁眼</value>
	<value>生命分流的圖騰</value>
	<value>澠</value>
	<value>聖射手</value>
	<value>聖戰</value>
	<value>盛華仁</value>
	<value>濕了還說不要</value>
	<value>濕了還說要</value>
	<value>釃</value>
	<value>鯴</value>
	<value>㈩</value>
	<value>石化圖騰</value>
	<value>石拳戰鬥兵</value>
	<value>時代論壇</value>
	<value>時事論壇</value>
	<value>鰣</value>
	<value>史萊姆</value>
	<value>史萊姆王</value>
	<value>士兵管理員瓦爾臣</value>
	<value>世界經濟導報</value>
	<value>事實獨立</value>
	<value>侍從貝赫爾特</value>
	<value>侍從倫斯韋</value>
	<value>貰</value>
	<value>攄</value>
	<value>數據中國</value>
	<value>雙十節</value>
	<value>氵去車侖工力</value>
	<value>氵去車侖工力?</value>
	<value>稅力</value>
	<value>司馬晋</value>
	<value>司馬璐</value>
	<value>司徒華</value>
	<value>私?服</value>
	<value>私處</value>
	<value>思科羅</value>
	<value>斯諾</value>
	<value>斯皮爾德</value>
	<value>四川獨</value>
	<value>四川獨立</value>
	<value>四人幫</value>
	<value>㈣</value>
	<value>宋書元</value>
	<value>藪</value>
	<value>蘇菲爾</value>
	<value>蘇拉</value>
	<value>蘇南成</value>
	<value>蘇紹智</value>
	<value>蘇特勒守護兵</value>
	<value>蘇特勤</value>
	<value>蘇特勤護衛兵</value>
	<value>蘇特勤魔法師</value>
	<value>蘇曉康</value>
	<value>蘇盈貴</value>
	<value>蘇貞昌</value>
	<value>誶</value>
	<value>碎片製造商人馬克</value>
	<value>碎片製造商人蘇克</value>
	<value>孫大千</value>
	<value>孫中山</value>
	<value>他媽</value>
	<value>他媽的</value>
	<value>他嗎的</value>
	<value>他母親</value>
	<value>塔內</value>
	<value>塔烏</value>
	<value>鰨</value>
	<value>闥</value>
	<value>臺盟</value>
	<value>臺灣帝國</value>
	<value>臺灣獨立</value>
	<value>臺灣獨</value>
	<value>臺灣共産黨</value>
	<value>臺灣狗</value>
	<value>臺灣建國運動組織</value>
	<value>臺灣民國</value>
	<value>臺灣青年獨立聯盟</value>
	<value>臺灣政論區</value>
	<value>臺灣自由聯盟</value>
	<value>鮐</value>
	<value>太監</value>
	<value>泰奴橋警衛兵</value>
	<value>泰奴橋掠奪者</value>
	<value>湯光中</value>
	<value>唐柏橋</value>
	<value>鞀</value>
	<value>謄</value>
	<value>天安門</value>
	<value>天安門錄影帶</value>
	<value>天安門事件</value>
	<value>天安門屠殺</value>
	<value>天安門一代</value>
	<value>天閹</value>
	<value>田紀雲</value>
	<value>齠</value>
	<value>鰷</value>
	<value>銚</value>
	<value>庭院警衛兵</value>
	<value>統獨</value>
	<value>統獨論壇</value>
	<value>統戰</value>
	<value>頭領奧馬</value>
	<value>頭領墳墓管理員</value>
	<value>圖書管理員卡特</value>
	<value>屠殺</value>
	<value>團長戈登</value>
	<value>團員馬爾汀</value>
	<value>摶</value>
	<value>鼉</value>
	<value>籜</value>
	<value>膃</value>
	<value>外交論壇</value>
	<value>外交與方略</value>
	<value>晚年周恩來</value>
	<value>綰</value>
	<value>萬里</value>
	<value>萬潤南</value>
	<value>萬維讀者論壇</value>
	<value>萬曉東</value>
	<value>王寶森</value>
	<value>王超華</value>
	<value>王輔臣</value>
	<value>王剛</value>
	<value>王涵萬</value>
	<value>王滬寧</value>
	<value>王軍濤</value>
	<value>王樂泉</value>
	<value>王潤生</value>
	<value>王世堅</value>
	<value>王世勛</value>
	<value>王秀麗</value>
	<value>王兆國</value>
	<value>網禪</value>
	<value>網特</value>
	<value>猥褻</value>
	<value>鮪</value>
	<value>溫B</value>
	<value>溫逼</value>
	<value>溫比</value>
	<value>溫家寶</value>
	<value>溫元凱</value>
	<value>閿</value>
	<value>無界瀏覽器</value>
	<value>吳百益</value>
	<value>吳敦義</value>
	<value>吳方城</value>
	<value>吳弘達</value>
	<value>吳宏達</value>
	<value>吳仁華</value>
	<value>吳淑珍</value>
	<value>吳學燦</value>
	<value>吳學璨</value>
	<value>吳育升</value>
	<value>吳志芳</value>
	<value>西藏獨</value>
	<value>吸收的圖騰</value>
	<value>吸血獸</value>
	<value>覡</value>
	<value>洗腦</value>
	<value>系統</value>
	<value>系統公告</value>
	<value>餼</value>
	<value>郤</value>
	<value>下賤</value>
	<value>下體</value>
	<value>薟</value>
	<value>躚</value>
	<value>鮮族</value>
	<value>獫</value>
	<value>蜆</value>
	<value>峴</value>
	<value>現金</value>
	<value>現金交易</value>
	<value>獻祭的圖騰</value>
	<value>鯗</value>
	<value>項懷誠</value>
	<value>項小吉</value>
	<value>嘵</value>
	<value>小B樣</value>
	<value>小比樣</value>
	<value>小參考</value>
	<value>小鶏鶏</value>
	<value>小靈通</value>
	<value>小泉純一郎</value>
	<value>謝長廷</value>
	<value>謝深山</value>
	<value>謝選駿</value>
	<value>謝中之</value>
	<value>辛灝年</value>
	<value>新觀察論壇</value>
	<value>新華舉報</value>
	<value>新華內情</value>
	<value>新華通論壇</value>
	<value>新疆獨</value>
	<value>新生網</value>
	<value>新手訓練營</value>
	<value>新聞出版總署</value>
	<value>新聞封鎖</value>
	<value>新義安</value>
	<value>新語絲</value>
	<value>信用危機</value>
	<value>邢錚</value>
	<value>性愛</value>
	<value>性無能</value>
	<value>修煉</value>
	<value>頊</value>
	<value>虛弱圖騰</value>
	<value>虛無的飽食者</value>
	<value>徐國舅</value>
	<value>許財利</value>
	<value>許家屯</value>
	<value>許信良</value>
	<value>諼</value>
	<value>薛偉</value>
	<value>學潮</value>
	<value>學聯</value>
	<value>學運</value>
	<value>學自聯</value>
	<value>澩</value>
	<value>閹狗</value>
	<value>訁</value>
	<value>嚴家其</value>
	<value>嚴家祺</value>
	<value>閻明複</value>
	<value>顔清標</value>
	<value>顔慶章</value>
	<value>顔射</value>
	<value>讞</value>
	<value>央視內部晚會</value>
	<value>陽具</value>
	<value>陽痿</value>
	<value>陽物</value>
	<value>楊懷安</value>
	<value>楊建利</value>
	<value>楊巍</value>
	<value>楊月清</value>
	<value>楊周</value>
	<value>姚羅</value>
	<value>姚月謙</value>
	<value>軺</value>
	<value>搖頭丸</value>
	<value>藥材商人蘇耐得</value>
	<value>藥水</value>
	<value>耶穌</value>
	<value>野鶏</value>
	<value>葉菊蘭</value>
	<value>夜話紫禁城</value>
	<value>一陀糞</value>
	<value>㈠</value>
	<value>伊莎貝爾</value>
	<value>伊斯蘭</value>
	<value>伊斯蘭亞格林尼斯</value>
	<value>遺精</value>
	<value>議長阿茵斯塔</value>
	<value>議員斯格文德</value>
	<value>异見人士</value>
	<value>异型叛軍</value>
	<value>异議人士</value>
	<value>易丹軒</value>
	<value>意志不堅的圖騰</value>
	<value>瘞</value>
	<value>陰部</value>
	<value>陰唇</value>
	<value>陰道</value>
	<value>陰蒂</value>
	<value>陰戶</value>
	<value>陰莖</value>
	<value>陰精</value>
	<value>陰毛</value>
	<value>陰門</value>
	<value>陰囊</value>
	<value>陰水</value>
	<value>淫蕩</value>
	<value>淫穢</value>
	<value>淫貨</value>
	<value>淫賤</value>
	<value>尹慶民</value>
	<value>引導</value>
	<value>隱者之路</value>
	<value>鷹眼派氏族</value>
	<value>硬直圖騰</value>
	<value>憂鬱的艾拉</value>
	<value>尤比亞</value>
	<value>由喜貴</value>
	<value>游蕩的僵尸</value>
	<value>游蕩的士兵</value>
	<value>游蕩爪牙</value>
	<value>游錫坤</value>
	<value>游戲管理員</value>
	<value>友好的魯德</value>
	<value>幼齒</value>
	<value>幼龍</value>
	<value>于幼軍</value>
	<value>余英時</value>
	<value>漁夫菲斯曼</value>
	<value>輿論</value>
	<value>輿論反制</value>
	<value>傴</value>
	<value>宇明網</value>
	<value>齬</value>
	<value>飫</value>
	<value>鵒</value>
	<value>元老蘭提(沃德）</value>
	<value>圓滿</value>
	<value>緣圈圈</value>
	<value>遠志明</value>
	<value>月經</value>
	<value>韞</value>
	<value>雜種</value>
	<value>鏨</value>
	<value>造愛</value>
	<value>則民</value>
	<value>擇民</value>
	<value>澤夫</value>
	<value>澤民</value>
	<value>賾</value>
	<value>賊民</value>
	<value>譖</value>
	<value>扎卡維是英雄</value>
	<value>驏</value>
	<value>張伯笠</value>
	<value>張博雅</value>
	<value>張鋼</value>
	<value>張健</value>
	<value>張林</value>
	<value>張清芳</value>
	<value>張偉國</value>
	<value>張溫鷹</value>
	<value>張昭富</value>
	<value>張志清</value>
	<value>章孝嚴</value>
	<value>帳號</value>
	<value>賬號</value>
	<value>招鶏</value>
	<value>趙海青</value>
	<value>趙建銘</value>
	<value>趙南</value>
	<value>趙品潞</value>
	<value>趙曉微</value>
	<value>趙紫陽</value>
	<value>貞操</value>
	<value>鎮壓</value>
	<value>爭鳴論壇</value>
	<value>正見網</value>
	<value>正義黨論壇</value>
	<value>㊣</value>
	<value>鄭寶清</value>
	<value>鄭麗文</value>
	<value>鄭義</value>
	<value>鄭餘鎮</value>
	<value>鄭源</value>
	<value>鄭運鵬</value>
	<value>政權</value>
	<value>政治反對派</value>
	<value>縶</value>
	<value>躑</value>
	<value>指點江山論壇</value>
	<value>騭</value>
	<value>觶</value>
	<value>躓</value>
	<value>中毒的圖騰</value>
	<value>中毒圖騰</value>
	<value>中俄邊界</value>
	<value>中國復興論壇</value>
	<value>中國共産黨</value>
	<value>中國孤兒院</value>
	<value>中國和平</value>
	<value>中國論壇</value>
	<value>中國社會進步黨</value>
	<value>中國社會論壇</value>
	<value>中國威脅論</value>
	<value>中國問題論壇</value>
	<value>中國移動通信</value>
	<value>中國真實內容</value>
	<value>中國之春</value>
	<value>中國猪</value>
	<value>中華大地</value>
	<value>中華大衆</value>
	<value>中華講清</value>
	<value>中華民國</value>
	<value>中華人民實話實說</value>
	<value>中華人民正邪</value>
	<value>中華時事</value>
	<value>中華養生益智功</value>
	<value>中華真實報道</value>
	<value>中央電視臺</value>
	<value>鐘山風雨論壇</value>
	<value>周鋒鎖</value>
	<value>周守訓</value>
	<value>朱鳳芝</value>
	<value>朱立倫</value>
	<value>朱溶劑</value>
	<value>㈱</value>
	<value>猪聾畸</value>
	<value>主攻指揮官</value>
	<value>主義</value>
	<value>助手威爾特</value>
	<value>專制</value>
	<value>顓</value>
	<value>轉化</value>
	<value>諑</value>
	<value>資本主義</value>
	<value>鯔</value>
	<value>子宮</value>
	<value>自民黨</value>
	<value>自由民主論壇</value>
	<value>總理</value>
	<value>諏</value>
	<value>鯫</value>
	<value>躦</value>
	<value>纘</value>
	<value>作愛</value>
	<value>做愛</value>
	<value>胡总书记</value>
	<value>胡景涛</value>
	<value>大纪元</value>
	<value>大纪元新闻网</value>
	<value>燕玲论坛</value>
	<value>fuck</value>
	<value>共产党</value>
	<value>urban</value>
	<value>我操</value>
	<value>cao</value>
	<value>他妈的</value>
	<value>TMD</value>
	<value>鸡巴</value>
	<value>煞笔</value>
	<value>傻B</value>
	<value>法轮功</value>
	<value>江泽民</value>
	<value>胡锦涛</value>
	<value>温家宝</value>
	<value>urban-rivals</value>
	<value>rivals</value>
	<value>我日</value>
	<value>UR</value>
	<value>ur</value>
	<value>性交</value>
	<value>口交</value>
	<value>婊子</value>
	<value>妓女</value>
	<value>她妈</value>
	<value>牛逼</value>
	<value>牛B</value>
	<value>牛比</value>
	<value>煞笔</value>
	<value>傻逼</value>
	<value>傻B</value>
	<value>操你妈</value>
	<value>装逼</value>
	<value>装B</value>
	<value>日你妈</value>
	<value>不玩了</value>
	<value>删号</value>
	<value>卖号  </value>
	<value>删 号</value>
	<value>妈的</value>
	<value>妈逼</value>
	<value>草你妈</value>
	<value>T.M.D</value>
	<value>JB</value>
	<value>jb</value>
	<value> </value>
	<value>出售账号</value>
	<value>出售此号</value>
	<value>卖号</value>
	<value>U/R</value>
	<value>U-R</value>
	<value>j8</value>
	<value>吗的</value>
	<value>8仙</value>
	<value>狗日</value>
	<value>出售神符</value>
	<value>色情</value>
	<value>黄色</value>
	<value>藏独</value>
	<value>台独</value>
	<value>法轮大法</value>
	<value>鸡巴</value>
	<value>毛泽东</value>
	<value>NPC</value>
	<value>*法*轮*功*</value>
	<value>*李*洪*志*阿扁</value>
	<value>阿扁万岁</value>
	<value>阿拉</value>
	<value>阿拉法特</value>
	<value>挨球</value>
	<value>安南</value>
	<value>安全局</value>
	<value>澳洲光明网</value>
	<value>八九</value>
	<value>八九风波</value>
	<value>办理文凭</value>
	<value>办理证件</value>
	<value>包皮</value>
	<value>保钓</value>
	<value>保监会</value>
	<value>保密局</value>
	<value>鸨</value>
	<value>鲍岳桥</value>
	<value>暴动</value>
	<value>暴乱</value>
	<value>暴徒</value>
	<value>北京之春</value>
	<value>贝肉</value>
	<value>本?拉登</value>
	<value>本?拉登</value>
	<value>苯比</value>
	<value>笨屄</value>
	<value>笨逼</value>
	<value>屄</value>
	<value>屄毛</value>
	<value>逼毛</value>
	<value>逼你老母</value>
	<value>逼样</value>
	<value>比毛</value>
	<value>婊</value>
	<value>婊子</value>
	<value>宾周</value>
	<value>冰毒</value>
	<value>波霸</value>
	<value>博讯</value>
	<value>薄一波</value>
	<value>布莱尔</value>
	<value>布雷尔</value>
	<value>布什</value>
	<value>布什</value>
	<value>财政部</value>
	<value>参事室</value>
	<value>藏独</value>
	<value>藏独</value>
	<value>藏独</value>
	<value>操</value>
	<value>操GM</value>
	<value>操Gm</value>
	<value>操gM</value>
	<value>操gm</value>
	<value>操XX</value>
	<value>操逼</value>
	<value>操比</value>
	<value>操蛋</value>
	<value>操你</value>
	<value> 交媾</value>
	<value>CAO</value>
	<value> K粉</value>
	<value>J8</value>
	<value> 小姐兼职</value>
	<value>交媾</value>
	<value>西藏314事件</value>
	<value>新疆7.5事件</value>
	<value> 乱伦</value>
	<value>毛片</value>
	<value>黄片</value>
	<value>交配</value>
	<value>群交</value>
	<value>小姐兼职</value>
	<value>茉莉花革命</value>
	<value>操你八辈祖宗</value>
	<value>操你妈</value>
	<value>操你妈屄</value>
	<value>操他</value>
	<value>曹刚川</value>
	<value>草的你妈</value>
	<value>草妈</value>
	<value>草你妈</value>
	<value>草拟妈</value>
	<value>肏</value>
	<value>测绘局</value>
	<value>插GM</value>
	<value>插Gm</value>
	<value>插gM</value>
	<value>插gm</value>
	<value>插妳</value>
	<value>插你</value>
	<value>插你妈</value>
	<value>插深些</value>
	<value>产权局</value>
	<value>朝鲜</value>
	<value>车臣</value>
	<value>车仑</value>
	<value>陈功</value>
	<value>陈良宇</value>
	<value>陈水扁</value>
	<value>陈希同</value>
	<value>陈晓宁</value>
	<value>陈毅</value>
	<value>陈至立</value>
	<value>成人电影</value>
	<value>成人片</value>
	<value>吃大便</value>
	<value>吃屎</value>
	<value>迟浩田</value>
	<value>赤匪</value>
	<value>抽插</value>
	<value>抽你丫的</value>
	<value>臭化西</value>
	<value>出售假币</value>
	<value>出售枪支</value>
	<value>出售手枪</value>
	<value>吹喇叭</value>
	<value>吹箫</value>
	<value>春药</value>
	<value>蠢猪</value>
	<value>戳你</value>
	<value>粗制吗啡</value>
	<value>催情药</value>
	<value>达赖</value>
	<value>达赖喇嘛</value>
	<value>打炮</value>
	<value>大B</value>
	<value>大逼</value>
	<value>大便</value>
	<value>大波波</value>
	<value>大麻</value>
	<value>大麻树脂</value>
	<value>大麻油</value>
	<value>大师</value>
	<value>戴维教</value>
	<value>大学骚乱</value>
	<value>大血B</value>
	<value>大血比</value>
	<value>呆卵</value>
	<value>戴海静</value>
	<value>戴红</value>
	<value>戴晶</value>
	<value>戴维教</value>
	<value>党主席</value>
	<value>荡妇</value>
	<value>档案局</value>
	<value>盗窃犯</value>
	<value>盗窃犯</value>
	<value>道教</value>
	<value>邓小平</value>
	<value>帝国主义</value>
	<value>电监会</value>
	<value>叼你</value>
	<value>叼你妈</value>
	<value>屌</value>
	<value>屌7</value>
	<value>屌鸠</value>
	<value>屌毛</value>
	<value>屌妳</value>
	<value>屌七</value>
	<value>屌西</value>
	<value>钓鱼台</value>
	<value>丁关根</value>
	<value>丁子霖</value>
	<value>东北独立</value>
	<value>东升</value>
	<value>东条英机</value>
	<value>东突</value>
	<value>东突暴动和独立</value>
	<value>东突组织</value>
	<value>东亚病夫</value>
	<value>董建华</value>
	<value>董贱华</value>
	<value>董文华</value>
	<value>懂文华</value>
	<value>独立</value>
	<value>独立台湾会</value>
	<value>恩格斯</value>
	<value>二B</value>
	<value>二屄</value>
	<value>二逼</value>
	<value>二乙基酰胺发抡</value>
	<value>发抡功</value>
	<value>发伦</value>
	<value>发伦功</value>
	<value>发轮</value>
	<value>发论</value>
	<value>发论公</value>
	<value>发论功</value>
	<value>发骚</value>
	<value>法(轮)功</value>
	<value>法*轮*功</value>
	<value>法功</value>
	<value>法愣</value>
	<value>法仑</value>
	<value>法轮</value>
	<value>法轮大法</value>
	<value>法轮功</value>
	<value>法西斯</value>
	<value>法制办</value>
	<value>反动</value>
	<value>反革命</value>
	<value>发票</value>
	<value>冰粉</value>
	<value>性奴</value>
	<value>反共</value>
	<value>反华</value>
	<value>反恐委员会</value>
	<value>反日</value>
	<value>反政府</value>
	<value>分裂祖国</value>
	<value>佛教</value>
	<value>佛展千手法</value>
	<value>佛祖</value>
	<value>斧头镰刀</value>
	<value>阝月</value>
	<value>傅鹏</value>
	<value>傅作义</value>
	<value>干GM</value>
	<value>干Gm</value>
	<value>干gM</value>
	<value>干gm</value>
	<value>干拎娘</value>
	<value>干妳</value>
	<value>干妳老母</value>
	<value>干妳妈</value>
	<value>干妳娘</value>
	<value>干你</value>
	<value>干你妈</value>
	<value>干你妈b</value>
	<value>干你妈逼</value>
	<value>干你娘</value>
	<value>干七八</value>
	<value>干死你</value>
	<value>肛</value>
	<value>肛交</value>
	<value>肛门</value>
	<value>港澳办</value>
	<value>高俊</value>
	<value>高丽棒子</value>
	<value>高校暴乱</value>
	<value>高校群体事件</value>
	<value>高校骚乱</value>
	<value>睾</value>
	<value>睾丸</value>
	<value>膏药旗</value>
	<value>弓虽女干</value>
	<value>公安</value>
	<value>公安部</value>
	<value>公安局</value>
	<value>共产党</value>
	<value>共产主义</value>
	<value>共匪</value>
	<value>共狗</value>
	<value>狗b</value>
	<value>狗操</value>
	<value>狗卵</value>
	<value>狗娘</value>
	<value>狗屁</value>
	<value>狗日</value>
	<value>狗日的</value>
	<value>狗屎</value>
	<value>观世音</value>
	<value>官逼民反</value>
	<value>官商勾结</value>
	<value>龟儿子</value>
	<value>龟公</value>
	<value>龟孙子</value>
	<value>龟头</value>
	<value>鬼村</value>
	<value>滚</value>
	<value>郭伯雄</value>
	<value>国安局</value>
	<value>国防部</value>
	<value>国防科工委</value>
	<value>国管局</value>
	<value>国际法院</value>
	<value>国家民委</value>
	<value>国家主席</value>
	<value>国家主要部委</value>
	<value>国民党</value>
	<value>国民党万岁</value>
	<value>海洛因</value>
	<value>海洋局</value>
	<value>何候华</value>
	<value>贺国强</value>
	<value>贺龙</value>
	<value>黑社会</value>
	<value>黑手党</value>
	<value>黑手党</value>
	<value>黑手党</value>
	<value>红卫兵</value>
	<value>洪兴</value>
	<value>洪志</value>
	<value>后庭</value>
	<value>胡XX</value>
	<value>胡紧涛</value>
	<value>胡紧掏</value>
	<value>胡紧套</value>
	<value>胡锦涛</value>
	<value>胡锦淘</value>
	<value>胡乔木</value>
	<value>胡耀邦</value>
	<value>胡主席</value>
	<value>花柳</value>
	<value>华国锋</value>
	<value>华建敏</value>
	<value>换妻</value>
	<value>黄　菊</value>
	<value>黄菊</value>
	<value>黄色电影</value>
	<value>黄色小电影</value>
	<value>回教</value>
	<value>回良玉</value>
	<value>回民暴动</value>
	<value>回族人吃猪肉</value>
	<value>昏药</value>
	<value>火棒</value>
	<value>机八</value>
	<value>机巴</value>
	<value>鸡八</value>
	<value>鸡巴</value>
	<value>鸡叭</value>
	<value>鸡芭</value>
	<value>鸡掰</value>
	<value>鸡奸</value>
	<value>基地组织</value>
	<value>基督</value>
	<value>基督教</value>
	<value>激情电影</value>
	<value>激情小电影</value>
	<value>鸡</value>
	<value>计牌软件</value>
	<value>计生委</value>
	<value>妓</value>
	<value>妓女</value>
	<value>妓院</value>
	<value>贾庆林</value>
	<value>奸</value>
	<value>奸夫淫妇</value>
	<value>奸你</value>
	<value>奸淫</value>
	<value>贱</value>
	<value>贱逼</value>
	<value>贱货</value>
	<value>贱人</value>
	<value>江Core</value>
	<value>江八</value>
	<value>江八点</value>
	<value>江独裁</value>
	<value>江核心</value>
	<value>江青</value>
	<value>江戏子</value>
	<value>江择民</value>
	<value>江泽民</value>
	<value>江贼民</value>
	<value>江折民</value>
	<value>江猪</value>
	<value>江猪媳</value>
	<value>江主席</value>
	<value>僵贼民</value>
	<value>疆独</value>
	<value>蒋介石</value>
	<value>蒋经国</value>
	<value>蒋中正</value>
	<value>酱猪媳</value>
	<value>交通部</value>
	<value>姣西</value>
	<value>叫床</value>
	<value>叫鸡</value>
	<value>叫小姐</value>
	<value>教育部</value>
	<value>她妈的金日成</value>
	<value>金正日</value>
	<value>禁书</value>
	<value>经济社会理事会</value>
	<value>经社理事会</value>
	<value>精液</value>
	<value>精子</value>
	<value>警匪一家</value>
	<value>敬国神社</value>
	<value>靖国神社</value>
	<value>静坐</value>
	<value>纠察员</value>
	<value>鸠</value>
	<value>鸠屎</value>
	<value>军长发威</value>
	<value>军国主义</value>
	<value>军妓</value>
	<value>尻</value>
	<value>靠</value>
	<value>靠你妈</value>
	<value>靠腰</value>
	<value>可待因</value>
	<value>可卡叶</value>
	<value>可卡因</value>
	<value>克林顿</value>
	<value>恐怖份子</value>
	<value>恐怖主义</value>
	<value>口交</value>
	<value>寇晓伟</value>
	<value>狂操</value>
	<value>狂操你全家</value>
	<value>拉登</value>
	<value>拉姆斯菲尔德</value>
	<value>懒教</value>
	<value>烂B</value>
	<value>烂屄</value>
	<value>烂逼</value>
	<value>烂比</value>
	<value>烂屌</value>
	<value>烂货</value>
	<value>劳+教+所</value>
	<value>劳动保障部</value>
	<value>老逼</value>
	<value>老毛子</value>
	<value>老母</value>
	<value>黎阳评</value>
	<value>李长春</value>
	<value>李登辉</value>
	<value>李弘旨</value>
	<value>李红志</value>
	<value>李宏旨</value>
	<value>李宏志</value>
	<value>李洪志</value>
	<value>李岚清</value>
	<value>李鹏</value>
	<value>李鹏*</value>
	<value>李瑞环</value>
	<value>李山</value>
	<value>李铁映</value>
	<value>李先念</value>
	<value>连战</value>
	<value>联大</value>
	<value>联合国</value>
	<value>联合国大会</value>
	<value>联易</value>
	<value>联易互动</value>
	<value>粮食局</value>
	<value>两腿之间</value>
	<value>列宁</value>
	<value>林彪</value>
	<value>林业局</value>
	<value>刘　淇</value>
	<value>刘军</value>
	<value>刘淇</value>
	<value>刘少奇</value>
	<value>刘云山</value>
	<value>流氓</value>
	<value>六.四</value>
	<value>六。四</value>
	<value>六?四</value>
	<value>六合彩</value>
	<value>六四</value>
	<value>六-四</value>
	<value>六四事件</value>
	<value>六四真相</value>
	<value>龙新民</value>
	<value>吕秀莲</value>
	<value>旅游局</value>
	<value>卵</value>
	<value>轮功</value>
	<value>轮奸</value>
	<value>罗　干</value>
	<value>罗干</value>
	<value>骡干</value>
	<value>妈逼</value>
	<value>妈比</value>
	<value>妈卖妈屁</value>
	<value>妈批</value>
	<value>妈祖</value>
	<value>妈B</value>
	<value>妈的</value>
	<value>麻醉钢枪</value>
	<value>麻醉枪</value>
	<value>麻醉药</value>
	<value>麻醉乙醚</value>
	<value>马克思</value>
	<value>马卖马屁</value>
	<value>马英九</value>
	<value>吗啡</value>
	<value>吗啡碱</value>
	<value>吗啡片</value>
	<value>买财富</value>
	<value>买卖枪支</value>
	<value>麦角酸</value>
	<value>卖.国</value>
	<value>卖B</value>
	<value>卖ID</value>
	<value>卖QQ</value>
	<value>卖逼</value>
	<value>卖比</value>
	<value>卖财富</value>
	<value>卖党求荣</value>
	<value>卖国</value>
	<value>卖国求荣</value>
	<value>卖号</value>
	<value>卖卡</value>
	<value>卖软件</value>
	<value>卖淫</value>
	<value>毛XX</value>
	<value>毛厕洞</value>
	<value>毛一鲜</value>
	<value>毛泽东</value>
	<value>毛贼东</value>
	<value>毛主席</value>
	<value>梅花网</value>
	<value>美国</value>
	<value>美国佬</value>
	<value>美国之音</value>
	<value>美利坚</value>
	<value>蒙尘药</value>
	<value>蒙独</value>
	<value>蒙古达子</value>
	<value>蒙古独立</value>
	<value>迷魂药</value>
	<value>迷奸药</value>
	<value>迷歼药</value>
	<value>迷药</value>
	<value>密洞</value>
	<value>密宗</value>
	<value>民航局</value>
	<value>民进党</value>
	<value>民运</value>
	<value>民政部</value>
	<value>明慧网</value>
	<value>摩门教</value>
	<value>莫索里尼</value>
	<value>穆罕默德</value>
	<value>穆斯林</value>
	<value>乳头</value>
	<value>奶子</value>
	<value>妳老母的</value>
	<value>妳妈的</value>
	<value>妳马的</value>
	<value>妳娘的</value>
	<value>南联盟</value>
	<value>南蛮子</value>
	<value>南蛮子</value>
	<value>嫩B</value>
	<value>嫩b</value>
	<value>伱妈</value>
	<value>你爸</value>
	<value>你大爷</value>
	<value>你二大爷</value>
	<value>你老母</value>
	<value>你老味</value>
	<value>你姥</value>
	<value>你姥姥的</value>
	<value>你妈</value>
	<value>你妈逼</value>
	<value>你妈的</value>
	<value>你娘</value>
	<value>你爷爷的</value>
	<value>鸟GM</value>
	<value>鸟Gm</value>
	<value>鸟gM</value>
	<value>鸟gm</value>
	<value>鸟你</value>
	<value>牛逼</value>
	<value>牛比</value>
	<value>农业部</value>
	<value>虐待</value>
	<value>拍肩神药</value>
	<value>喷你</value>
	<value>彭真</value>
	<value>皮条</value>
	<value>屁眼</value>
	<value>嫖客</value>
	<value>苹果日报</value>
	<value>破坏</value>
	<value>破鞋</value>
	<value>仆街</value>
	<value>普京</value>
	<value>气象局</value>
	<value>钱其琛</value>
	<value>枪决女犯</value>
	<value>枪决现场</value>
	<value>枪支弹药</value>
	<value>强奸</value>
	<value>强奸犯</value>
	<value>强卫</value>
	<value>强效失意药</value>
	<value>强硬发言</value>
	<value>抢劫</value>
	<value>乔石</value>
	<value>侨办</value>
	<value>切七</value>
	<value>窃听器</value>
	<value>窃听器材</value>
	<value>亲民党</value>
	<value>青天白日</value>
	<value>情色</value>
	<value>去你妈的</value>
	<value>去死</value>
	<value>全国人大</value>
	<value>瘸腿帮</value>
	<value>人大</value>
	<value>人大代表</value>
	<value>人代会</value>
	<value>人弹</value>
	<value>人民</value>
	<value>人民大会堂</value>
	<value>人民广场</value>
	<value>人民日报</value>
	<value>人民银行</value>
	<value>人体炸弹</value>
	<value>日GM</value>
	<value>日Gm</value>
	<value>日gM</value>
	<value>日gm</value>
	<value>日X妈</value>
	<value>日本RING</value>
	<value>日本鬼子</value>
	<value>日你</value>
	<value>日你妈</value>
	<value>日你娘</value>
	<value>日他娘</value>
	<value>肉棒</value>
	<value>肉壁</value>
	<value>肉洞</value>
	<value>肉缝</value>
	<value>肉棍</value>
	<value>肉棍子</value>
	<value>肉穴</value>
	<value>乳</value>
	<value>乳波臀浪</value>
	<value>乳房</value>
	<value>乳交</value>
	<value>乳头</value>
	<value>撒尿</value>
	<value>萨达姆</value>
	<value>塞白</value>
	<value>塞你爸</value>
	<value>塞你公</value>
	<value>塞你老母</value>
	<value>塞你老师</value>
	<value>塞你母</value>
	<value>塞你娘</value>
	<value>三个呆婊</value>
	<value>三个代婊</value>
	<value>三级片</value>
	<value>三民主义</value>
	<value>三陪</value>
	<value>三陪女</value>
	<value>三去车仑</value>
	<value>三唑仑</value>
	<value>骚</value>
	<value>骚B</value>
	<value>骚逼</value>
	<value>骚货</value>
	<value>骚</value>
	<value>色情</value>
	<value>色情电影</value>
	<value>色情服务</value>
	<value>色情小电影</value>
	<value>杀人犯</value>
	<value>傻B</value>
	<value>傻屄</value>
	<value>傻逼</value>
	<value>傻比</value>
	<value>傻吊</value>
	<value>傻卵</value>
	<value>傻子</value>
	<value>煞逼</value>
	<value>商务部</value>
	<value>上妳</value>
	<value>上你</value>
	<value>社科院</value>
	<value>射精</value>
	<value>身份生成器</value>
	<value>神经病</value>
	<value>神通加持法</value>
	<value>生鸦片</value>
	<value>圣女峰</value>
	<value>十八摸</value>
	<value>十年动乱石进</value>
	<value>食捻屎</value>
	<value>食屎</value>
	<value>驶你爸</value>
	<value>驶你公</value>
	<value>驶你老母</value>
	<value>驶你老师</value>
	<value>驶你母</value>
	<value>驶你娘</value>
	<value>是鸡</value>
	<value>手淫</value>
	<value>受虐狂</value>
	<value>售ID</value>
	<value>售号</value>
	<value>售软件</value>
	<value>双峰微颤</value>
	<value>氵去</value>
	<value>水利部</value>
	<value>水去车仑</value>
	<value>税务总局</value>
	<value>司法部</value>
	<value>私服</value>
	<value>私/服</value>
	<value>私\\服</value>
	<value>私服</value>
	<value>私-服</value>
	<value>私—服</value>
	<value>斯大林</value>
	<value>死gd</value>
	<value>死GD</value>
	<value>死gm</value>
	<value>死GM</value>
	<value>死全家</value>
	<value>四川独立</value>
	<value>四人帮</value>
	<value>宋楚瑜</value>
	<value>宋祖英</value>
	<value>孙文</value>
	<value>孙逸仙</value>
	<value>孙中山</value>
	<value>他爹</value>
	<value>他妈</value>
	<value>他妈的</value>
	<value>他马的</value>
	<value>他母亲</value>
	<value>他祖宗</value>
	<value>台办</value>
	<value>台独</value>
	<value>台联</value>
	<value>台湾党</value>
	<value>台湾帝国</value>
	<value>台湾独立</value>
	<value>台湾共产党</value>
	<value>台湾共和国</value>
	<value>台湾狗</value>
	<value>台湾国</value>
	<value>台湾民国</value>
	<value>太监</value>
	<value>太子党</value>
	<value>唐家璇</value>
	<value>天皇陛下</value>
	<value>田纪云</value>
	<value>舔西</value>
	<value>投毒杀人</value>
	<value>透视软件</value>
	<value>推油</value>
	<value>外　挂</value>
	<value>外挂</value>
	<value>外/挂</value>
	<value>外\\挂</value>
	<value>外_挂</value>
	<value>外挂</value>
	<value>外-挂</value>
	<value>外—挂</value>
	<value>外汇局</value>
	<value>外交部</value>
	<value>外专局</value>
	<value>晚年周恩来</value>
	<value>万税</value>
	<value>王八蛋</value>
	<value>王宝森</value>
	<value>王刚</value>
	<value>王昊</value>
	<value>王乐泉</value>
	<value>王岐山</value>
	<value>王太华</value>
	<value>王兆国</value>
	<value>王震</value>
	<value>网管</value>
	<value>威而钢</value>
	<value>威而柔</value>
	<value>卫生部</value>
	<value>尉健行</value>
	<value>温加宝</value>
	<value>温家宝</value>
	<value>温家保</value>
	<value>温馨</value>
	<value>温总理</value>
	<value>文化部</value>
	<value>文物局</value>
	<value>倭国</value>
	<value>倭寇</value>
	<value>我操</value>
	<value>我操你</value>
	<value>我干</value>
	<value>我妳老爸</value>
	<value>我日</value>
	<value>我日你</value>
	<value>无界浏览器</value>
	<value>吴　仪</value>
	<value>吴邦国</value>
	<value>吴官正</value>
	<value>吴仪</value>
	<value>五星红旗</value>
	<value>西藏独立</value>
	<value>西藏天葬</value>
	<value>希拉克</value>
	<value>希特勒</value>
	<value>希望之声</value>
	<value>洗脑班</value>
	<value>系统</value>
	<value>系统公告</value>
	<value>系统讯息</value>
	<value>鲜族</value>
	<value>乡巴佬</value>
	<value>想上你</value>
	<value>小鸡鸡</value>
	<value>小泉</value>
	<value>小泉纯一郎</value>
	<value>小日本</value>
	<value>小肉粒</value>
	<value>小乳头</value>
	<value>小穴</value>
	<value>邪教</value>
	<value>新疆独立</value>
	<value>兴奋剂</value>
	<value>性爱</value>
	<value>性交</value>
	<value>性虐待</value>
	<value>性无能</value>
	<value>性欲</value>
	<value>徐光春</value>
	<value>学潮</value>
	<value>血逼</value>
	<value>血腥图片</value>
	<value>鸦片</value>
	<value>鸦片液</value>
	<value>鸦片渣</value>
	<value>烟草局</value>
	<value>严方军</value>
	<value>阳精</value>
	<value>阳具</value>
	<value>摇头丸</value>
	<value>摇头玩</value>
	<value>耶和华</value>
	<value>耶苏</value>
	<value>耶稣</value>
	<value>叶剑英</value>
	<value>夜情</value>
	<value>一党专制</value>
	<value>一贯道</value>
	<value>一国两制</value>
	<value>一夜情</value>
	<value>一中一台</value>
	<value>伊拉克</value>
	<value>伊朗</value>
	<value>伊斯兰</value>
	<value>以茎至洞</value>
	<value>抑制剂</value>
	<value>阴部</value>
	<value>阴唇</value>
	<value>阴道</value>
	<value>阴蒂</value>
	<value>阴核</value>
	<value>阴户</value>
	<value>阴茎</value>
	<value>阴毛</value>
	<value>阴水</value>
	<value>阴小撕大</value>
	<value>淫</value>
	<value>淫荡</value>
	<value>淫秽</value>
	<value>淫货</value>
	<value>淫贱</value>
	<value>淫叫</value>
	<value>淫毛</value>
	<value>淫靡</value>
	<value>淫水</value>
	<value>淫娃</value>
	<value>淫语连连</value>
	<value>淫欲</value>
	<value>英雄纪念碑</value>
	<value>硬挺</value>
	<value>邮政局</value>
	<value>游戏发奖员</value>
	<value>游戏宫理员</value>
	<value>游戏管理员</value>
	<value>游行</value>
	<value>俞正声</value>
	<value>舆论钳制</value>
	<value>玉杵</value>
	<value>欲火焚身</value>
	<value>原子能机构</value>
	<value>援交</value>
	<value>远程偷拍</value>
	<value>曰GM</value>
	<value>曰Gm</value>
	<value>曰gM</value>
	<value>曰gm</value>
	<value>曰你</value>
	<value>月经</value>
	<value>月经不调</value>
	<value>月经</value>
	<value>扎卡维是英雄</value>
	<value>杂种</value>
	<value>造反</value>
	<value>曾培炎</value>
	<value>曾庆红</value>
	<value>扎卡维</value>
	<value>张朝阳</value>
	<value>张潮阳</value>
	<value>张德江</value>
	<value>张磊</value>
	<value>张立昌</value>
	<value>张小平</value>
	<value>赵紫阳</value>
	<value>侦探设备</value>
	<value>真理教</value>
	<value>中国恐怖组织</value>
	<value>中华民国</value>
	<value>中南海</value>
	<value>中宣部</value>
	<value>周恩来</value>
	<value>周永康</value>
	<value>周总理</value>
	<value>朱德</value>
	<value>朱容鸡</value>
	<value>朱容基</value>
	<value>朱熔基</value>
	<value>朱镕基</value>
	<value>朱总理</value>
	<value>猪操</value>
	<value>猪容基</value>
	<value>主席</value>
	<value>转法轮</value>
	<value>转法轮</value>
	<value>装屄</value>
	<value>装逼</value>
	<value>追查国际</value>
	<value>子女任职名单</value>
	<value>自焚</value>
	<value>自杀手册</value>
	<value>自杀指南</value>
	<value>自制手枪</value>
	<value>自治机关</value>
	<value>宗教</value>
	<value>总局</value>
	<value>总理</value>
	<value>作爱</value>
	<value>坐台的</value>
	<value>做爱</value>
	<value>共产党</value>
	<value>江泽民</value>
	<value>胡锦涛</value>
	<value>温家宝</value>
	<value>严方军</value>
	<value>屄毛</value>
	<value>操逼毛</value>
	<value>东突</value>
	<value>骚货</value>
	<value>法轮功</value>
	<value>江泽民</value>
	<value>胡锦涛</value>
	<value>温家宝</value>
	<value>urban-rivals</value>
	<value>rivals</value>
	<value>u r</value>
	<value>ur</value>
	<value>我日</value>
	<value>UR</value>
	<value>ur</value>
	<value>性交</value>
	<value>口交</value>
	<value>U R</value>
	<value>taobao</value>
	<value>webgame.com.cn</value>
	<value>婊子</value>
	<value>妓女</value>
	<value>他妈</value>
	<value>她妈</value>
	<value>牛逼</value>
	<value>牛比</value>
	<value>牛B</value>
	<value>煞笔</value>
	<value>傻逼</value>
	<value>傻B</value>
	<value>你妈</value>
	<value>操你妈</value>
	<value>装逼</value>
	<value>装B</value>
	<value>日你妈</value>
	<value>不玩了</value>
	<value>删号</value>
	<value>卖号</value>
	<value>垃圾游戏</value>
	<value>烂游戏</value>
	<value>删 号</value>
	<value>妈的</value>
	<value>妈逼</value>
	<value>草你妈</value>
	<value>T.M.D</value>
	<value>JB</value>
	<value>jb</value>
	<value>淘宝</value>
	<value>出售账号</value>
	<value>出售此号</value>
	<value>卖号</value>
	<value>U/R</value>
	<value>U-R</value>
	<value>c a o</value>
	<value>j8</value>
	<value>吗的</value>
	<value>8仙</value>
	<value>狗日</value>
	<value>出售神符</value>
	<value>色情</value>
	<value>黄色</value>
	<value>h站</value>
	<value>龙虎</value>
	<value>虎门</value>
	<value>龙 虎 门</value>
	<value>WEB牌戰</value>
	<value>WEB战牌</value>
	<value>战牌</value>
	<value>8 仙</value>
	<value>ＵＲ</value>
	<value>ur</value>
	<value>UR</value>
	<value>街头对抗</value>
	<value>藏独</value>
	<value>台独</value>
	<value>法轮大法</value>
	<value>混 沌决</value>
	<value>ur</value>
	<value>UR</value>
	<value>urban</value>
	<value>鸡巴</value>
	<value>坐台的</value>
	<value>作爱</value>
	<value>总理</value>
	<value>宗教</value>
	<value>自治机关</value>
	<value>自制手枪</value>
	<value>性奴</value>
	<value>冰粉</value>
	<value>k粉</value>
	<value>古柯碱</value>
	<value>一边一国</value>
	<value>两国论</value>
	<value>分裂中国</value>
	<value>党中央</value>
	<value>马拉戈壁</value>
	<value>薄熙来</value>
	<value>卖毒品</value>
	<value>恐怖组织</value>
	<value>温家饱</value>
	<value>温假饱</value>
	<value>胡惊涛</value>
	<value>钓鱼岛不属于中国</value>
	<value>习仲勋</value>
	<value>华国锋</value>
	<value>尖阁列岛</value>
	<value>实际神</value>
	<value>东方闪电</value>
	<value>全能神</value>
	<value>安倍晋三</value>
	<value>金正恩</value>
	<value>国务院</value>
	<value>gm</value>
	<value>GM</value>
	<value>Gm</value>
	<value>gM</value>
	<value>客服</value>
	<value>精彩无限</value>
</filterWords>