<?xml version="1.0" encoding="utf-8"?>
<guajis>
	<guajiexp>		
	<prop lv="1" exp="0"/>
	<prop lv="2" exp="0"/>
	<prop lv="3" exp="0"/>
	<prop lv="4" exp="0"/>
	<prop lv="5" exp="0"/>
	<prop lv="6" exp="0"/>
	<prop lv="7" exp="0"/>
	<prop lv="8" exp="0"/>
	<prop lv="9" exp="0"/>
	<prop lv="10" exp="0"/>
	<prop lv="11" exp="14"/>
	<prop lv="12" exp="14"/>
	<prop lv="13" exp="15"/>
	<prop lv="14" exp="16"/>
	<prop lv="15" exp="17"/>
	<prop lv="16" exp="18"/>
	<prop lv="17" exp="19"/>
	<prop lv="18" exp="20"/>
	<prop lv="19" exp="21"/>
	<prop lv="20" exp="23"/>
	<prop lv="21" exp="24"/>
	<prop lv="22" exp="25"/>
	<prop lv="23" exp="27"/>
	<prop lv="24" exp="29"/>
	<prop lv="25" exp="30"/>
	<prop lv="26" exp="32"/>
	<prop lv="27" exp="34"/>
	<prop lv="28" exp="36"/>
	<prop lv="29" exp="38"/>
	<prop lv="30" exp="40"/>
	<prop lv="31" exp="42"/>
	<prop lv="32" exp="45"/>
	<prop lv="33" exp="47"/>
	<prop lv="34" exp="50"/>
	<prop lv="35" exp="53"/>
	<prop lv="36" exp="55"/>
	<prop lv="37" exp="58"/>
	<prop lv="38" exp="62"/>
	<prop lv="39" exp="65"/>
	<prop lv="40" exp="68"/>
	<prop lv="41" exp="72"/>
	<prop lv="42" exp="75"/>
	<prop lv="43" exp="79"/>
	<prop lv="44" exp="83"/>
	<prop lv="45" exp="87"/>
	<prop lv="46" exp="92"/>
	<prop lv="47" exp="96"/>
	<prop lv="48" exp="101"/>
	<prop lv="49" exp="106"/>
	<prop lv="50" exp="126"/>
	<prop lv="51" exp="131"/>
	<prop lv="52" exp="137"/>
	<prop lv="53" exp="143"/>
	<prop lv="54" exp="149"/>
	<prop lv="55" exp="155"/>
	<prop lv="56" exp="162"/>
	<prop lv="57" exp="168"/>
	<prop lv="58" exp="175"/>
	<prop lv="59" exp="182"/>
	<prop lv="60" exp="189"/>
	<prop lv="61" exp="197"/>
	<prop lv="62" exp="205"/>
	<prop lv="63" exp="213"/>
	<prop lv="64" exp="221"/>
	<prop lv="65" exp="229"/>
	<prop lv="66" exp="238"/>
	<prop lv="67" exp="247"/>
	<prop lv="68" exp="256"/>
	<prop lv="69" exp="265"/>
	<prop lv="70" exp="275"/>
	<prop lv="71" exp="285"/>
	<prop lv="72" exp="294"/>
	<prop lv="73" exp="305"/>
	<prop lv="74" exp="315"/>
	<prop lv="75" exp="327"/>
	<prop lv="76" exp="338"/>
	<prop lv="77" exp="349"/>
	<prop lv="78" exp="361"/>
	<prop lv="79" exp="373"/>
	<prop lv="80" exp="385"/>
	<prop lv="81" exp="398"/>
	<prop lv="82" exp="411"/>
	<prop lv="83" exp="424"/>
	<prop lv="84" exp="437"/>
	<prop lv="85" exp="451"/>
	<prop lv="86" exp="465"/>
	<prop lv="87" exp="479"/>
	<prop lv="88" exp="494"/>
	<prop lv="89" exp="509"/>
	<prop lv="90" exp="524"/>
	<prop lv="91" exp="540"/>
	<prop lv="92" exp="556"/>
	<prop lv="93" exp="572"/>
	<prop lv="94" exp="589"/>
	<prop lv="95" exp="606"/>
	<prop lv="96" exp="623"/>
	<prop lv="97" exp="641"/>
	<prop lv="98" exp="659"/>
	<prop lv="99" exp="677"/>
	<prop lv="100" exp="726"/>
	</guajiexp>
	<guajivip>		
	<prop vip="0" time="8"/>
	<prop vip="1" time="8"/>
	<prop vip="2" time="10"/>
	<prop vip="3" time="10"/>
	<prop vip="4" time="15"/>
	<prop vip="5" time="15"/>
	<prop vip="6" time="20"/>
	<prop vip="7" time="20"/>
	<prop vip="8" time="24"/>
	<prop vip="9" time="24"/>
	<prop vip="10" time="36"/>
	<prop vip="11" time="36"/>
	</guajivip>
	
</guajis>
