<HelperReward>
    <maximum><!--活跃度的最大值 -->
        <maximum reward="120" />
    </maximum>
	<Actives><!-- 活跃度的奖励等级和对应奖励的道具ID -->
		<Active level="1" price="10" goods="2990005,1000" /><!--星石*1000-->
		<Active level="2" price="20" goods="2020101,3#2990005,2000#2990002,5" /><!--1级强化石*2	星石*2000	礼卷*5-->
		<Active level="3" price="80" goods="2990005,3000#2990002,5#2050133,1" /><!--星石*5000	礼卷*5	1级宝石箱子*1-->
		<Active level="4" price="120" goods="2020101,3#2050133,2#2990002,20" /><!--强化石*3	1级宝石箱*2	礼券*20-->
	</Actives>
	<HelperButton><!-- 小助手界面内的按钮名称对应的ID -->
		<Button name="立即登录" id="1" />
		<Button name="立即购买" id="2" />
		<Button name="立即获取" id="3" />
		<Button name="立即祭拜" id="4" />
		<Button name="立即参与" id="5" />
		<Button name="立即完成" id="6" />
		<Button name="立即领取" id="7" />		
		<Button name="立即前往" id="8" />			
	</HelperButton>	
    <ActivityInterface><!-- 小助手界面内的活动属性 -->
	<!-- 101=每日登陆 102=购买活力 103=获取符文 104=洗练装备 106=参与试炼之地 107=参与炼金 111=精英地下城 112=强化装备 113=参与竞技场 114=神树显灵 116=挖掘矿洞 117=星辰召唤 118=世界BOSS 119=巅峰对决--> 
        <Activity name="每日登陆" id="101" button="1" reward="2" num="1" activities="" apart="0" openfun="923"/>
        <Activity name="购买活力" id="102" button="2" reward="7" num="2" activities="" apart="0" openfun="928"/>
        <Activity name="获取符文" id="103" button="3" reward="1" num="10" activities="" apart="0" openfun="911"/>
        <Activity name="参与试炼之地" id="106" button="8" reward="3" num="3" activities="" apart="0" openfun="915"/>
        <Activity name="精英地下城" id="111" button="8" reward="2" num="3" activities="" apart="0" openfun="914"/>
        <Activity name="参与竞技场" id="113" button="8" reward="1" num="15" activities="" apart="0" openfun="919"/>
        <Activity name="神树显灵" id="114" button="3" reward="1" num="5" activities="" apart="0" openfun="920"/>
        <Activity name="参与炼金" id="107" button="5" reward="4" num="5" activities="" apart="0" openfun="921"/>
        <Activity name="挖掘矿洞" id="116" button="5" reward="1" num="4" activities="" apart="0" openfun="918"/>
        <Activity name="星辰召唤" id="117" button="5" reward="1" num="10" activities="" apart="0" openfun="917"/>
        <Activity name="强化装备" id="112" button="5" reward="3" num="2" activities="" apart="0" openfun="904"/>
        <Activity name="巅峰对决" id="119" button="5" reward="1" num="15" activities="" apart="0" openfun="948"/>
        <Activity name="世界BOSS" id="118" button="5" reward="2" num="2" activities="11:00#16:00" apart="30" openfun="931"/>		
	    </ActivityInterface>
	<MainInterface><!-- 主界面活动显示属性 results="9"系统判断次数、results="1"次数完了不消失-->
	    <Activity name="参与炼金" id="107" results="9" openfun="921" />		
	    <Activity name="神树显灵" id="114" results="3" openfun="920" />	
		<Activity name="挖掘矿洞" id="116" results="3" openfun="918" />
		<Activity name="巅峰对决" id="119" results="9" openfun="948" />
		<Activity name="试炼之地" id="106" results="9" openfun="915" />	
		<Activity name="精英地下城" id="111" results="9" openfun="914" />	
		<Activity name="点击强化装备" id="112" results="1" openfun="904" />
		<Activity name="点击洗炼装备" id="104" results="1" openfun="907" />	
		<Activity name="参与竞技场" id="113" results="3" openfun="919" />			
	</MainInterface>
</HelperReward>