<?xml version="1.0" encoding="utf-8"?>
<inscribe>
<single><!--铭文配置，属性type：1力量2体质3智力4敏捷5生命值6魔法值7物理攻击8魔法攻击9物理防御10魔法防御11暴击12韧性13必杀14化劲15命中16闪避-->
<data id="2080001" name="封" level="1" type="6" value="200" fitpositions="1#3#4#5"/><!--魔法值+200-->
<data id="2080002" name="灵" level="2" type="5" value="400" fitpositions="1#2#3#6#7"/><!--生命值+400-->
<data id="2080003" name="心" level="3" type="15" value="20" fitpositions="1#2#4#6#7"/><!--命中值+20-->
<data id="2080004" name="闪" level="4" type="16" value="20" fitpositions="3#4#5#7"/><!--闪避值+20-->
<data id="2080005" name="战" level="5" type="7" value="50" fitpositions="1#2#5#6"/><!--物理攻击+50-->
<data id="2080006" name="法" level="6" type="8" value="50" fitpositions="1#2#3#4#5"/><!--魔法攻击+50-->
<data id="2080007" name="力" level="7" type="1" value="10" fitpositions="2#3#6#7"/><!--力量+10-->
<data id="2080008" name="敏" level="8" type="4" value="10" fitpositions="1#2#4#6#7"/><!--敏捷+10-->
<data id="2080009" name="体" level="9" type="2" value="10" fitpositions="3#4#5#7"/><!--体质+10-->
<data id="2080010" name="智" level="10" type="3" value="10" fitpositions="1#2#5#6#7"/><!--智慧+10-->
<data id="2080011" name="术" level="11" type="10" value="70" fitpositions="1#2#3#4#7"/><!--魔法防御+70-->
<data id="2080012" name="盾" level="12" type="9" value="70" fitpositions="2#3#5#6"/><!--物理防御+70-->
<data id="2080013" name="灭" level="13" type="11" value="25" fitpositions="1#2#4#6#7"/><!--暴击值+25-->
<data id="2080014" name="破" level="14" type="13" value="25" fitpositions="3#4#5#7"/><!--必杀值+25-->
<data id="2080015" name="绝" level="15" type="5" value="1000" fitpositions="1#2#4#5#6"/><!--生命值+1000-->
</single>
<union><!--套装配置-->
<data id="1" sref="1#4#4" name="净世天使" fitpositions="3#4#5">
<attrvalue type="8" value="350"/><!--魔法攻击+350-->
<attrvalue type="15" value="120"/><!--命中值+120-->
<attrvalue type="9" value="500"/><!--物理防御+500-->
</data>
<data id="2" sref="1#5#8" name="堕落天使" fitpositions="1">
<attrvalue type="7" value="610"/><!--物理攻击+610-->
<attrvalue type="15" value="210"/><!--命中值+210-->
<attrvalue type="9" value="870"/><!--物理防御+870-->
</data>
<data id="3" sref="2#3#5" name="战斗天使" fitpositions="1#2#6">
<attrvalue type="7" value="350"/><!--物理攻击+350-->
<attrvalue type="15" value="120"/><!--命中值+120-->
<attrvalue type="5" value="2850"/><!--生命值+2850-->
</data>
<data id="4" sref="2#4#6" name="生命精灵" fitpositions="3">
<attrvalue type="8" value="610"/><!--魔法攻击+610-->
<attrvalue type="15" value="120"/><!--命中值+120-->
<attrvalue type="5" value="5000"/><!--生命值+5000-->
</data>
<data id="5" sref="2#6#7" name="守护之灵" fitpositions="2#3">
<attrvalue type="5" value="5000"/><!--生命值+5000-->
<attrvalue type="9" value="870"/><!--物理防御+870-->
<attrvalue type="10" value="870"/><!--魔法防御+870-->
</data>
<data id="6" sref="3#4#6" name="野兽之灵" fitpositions="4">
<attrvalue type="15" value="120"/><!--命中值+120-->
<attrvalue type="11" value="190"/><!--暴击值+190-->
<attrvalue type="5" value="5000"/><!--生命值+5000-->
</data>
<data id="7" sref="3#4#7" name="大地守望" fitpositions="7">
<attrvalue type="15" value="120"/><!--命中值+120-->
<attrvalue type="12" value="330"/><!--韧性值+330-->
<attrvalue type="16" value="220"/><!--闪避值+220-->
</data>
<data id="8" sref="3#5#6" name="先知祝福" fitpositions="1#2">
<attrvalue type="11" value="190"/><!--暴击值+190-->
<attrvalue type="13" value="350"/><!--必杀值+350-->
<attrvalue type="15" value="120"/><!--命中值+120-->
</data>
<data id="9" sref="3#5#8" name="死亡阴影" fitpositions="1#2#6">
<attrvalue type="16" value="300"/><!--闪避值+300-->
<attrvalue type="13" value="500"/><!--必杀值+500-->
<attrvalue type="5" value="7200"/><!--生命值+7200-->
</data>
<data id="10" sref="4#5#6" name="龙之神力" fitpositions="5">
<attrvalue type="11" value="200"/><!--暴击值+200-->
<attrvalue type="5" value="5000"/><!--生命值+5000-->
<attrvalue type="6" value="2500"/><!--魔法值+2500-->
</data>
</union>
<inscribecost><!--合成成功率与金钱消耗-->
<data id="2080001" probability="60" money="10000"/>
<data id="2080002" probability="50" money="20000"/>
<data id="2080003" probability="40" money="30000"/>
<data id="2080004" probability="28" money="50000"/>
<data id="2080005" probability="16" money="70000"/>
<data id="2080006" probability="5" money="100000"/>
<data id="2080007" probability="3" money="150000"/>
<data id="2080008" probability="2" money="250000"/>
<data id="2080009" probability="1" money="400000"/>
<data id="2080010" probability="0.5" money="600000"/>
<data id="2080011" probability="0.3" money="850000"/>
<data id="2080012" probability="0.1" money="1150000"/>
<data id="2080013" probability="0.04" money="1500000"/>
<data id="2080014" probability="0.01" money="2000000"/>
</inscribecost>
</inscribe>