<!--
创建军团需要等级：14
加入军团需要等级：14
创建军团需要消耗金币：10万
-->

<juntuan>
	<jianzhuEXP> 
		<!--建筑升级-->
		<!--moJing="捐赠魔晶数,获得繁荣度"    jinBi="捐赠金币数,获得繁荣度"-->
		<junTuanEXP moJing="1,1" jinBi="10000,1" > 
			<!--levNeedEXP=军团升到下一级需要繁荣度-->
			<!--menberUp=军团当前等级成员上限-->
			<levelEXP level="1" levNeedEXP="1500" menberUp="30" />            <!--免费活跃1天升级-->    
			<levelEXP level="2" levNeedEXP="4000" menberUp="35" />            <!--免费活跃部分付费1天升级-->
			<levelEXP level="3" levNeedEXP="10000" menberUp="40" />           <!--全部活跃付费1天升级，全部免费活跃2天升级-->   
			<levelEXP level="4" levNeedEXP="110000" menberUp="45" />
			<levelEXP level="5" levNeedEXP="400000" menberUp="50" />
			<levelEXP level="6" levNeedEXP="1500000" menberUp="55" />
			<levelEXP level="7" levNeedEXP="3000000" menberUp="60" />
			<levelEXP level="8" levNeedEXP="5500000" menberUp="70" />
			<levelEXP level="9" levNeedEXP="10000000" menberUp="80" />            <!--预计100个60级玩家将半年游戏币产出全部投入到军团升级中，可以将军团升到满级-->
			<levelEXP level="10" levNeedEXP="0" menberUp="100" />
		</junTuanEXP>
		<yiShiTingEXP needJunTuanLev="1" moJing="1,1" jinBi="10000,1" >    <!--军团达到needJunTuanLev级后，开启议事厅。moJing="捐赠魔晶数,获得建设度"    jinBi="捐赠金币数,获得建设度"-->
			<levelEXP level="1" levNeedEXP="65" />                   <!--levNeedEXP=议事厅升到下一级需要建设度-->
			<levelEXP level="2" levNeedEXP="362" />
			<levelEXP level="3" levNeedEXP="1293" />
			<levelEXP level="4" levNeedEXP="2902" />
			<levelEXP level="5" levNeedEXP="5531" />
			<levelEXP level="6" levNeedEXP="9640" />
			<levelEXP level="7" levNeedEXP="16386" />
			<levelEXP level="8" levNeedEXP="28411" />
			<levelEXP level="9" levNeedEXP="48105" />
			<levelEXP level="10" levNeedEXP="0" />
		</yiShiTingEXP >
		<shenXiangEXP needJunTuanLev="1" >       <!--军团达到needJunTuanLev级后，开启战神像。-->
			<levelEXP level="1" levNeedEXP="2600" />                    <!--战神像升到下一级需要灵气-->
			<levelEXP level="2" levNeedEXP="12350" />
			<levelEXP level="3" levNeedEXP="31850" />
			<levelEXP level="4" levNeedEXP="63700" />
			<levelEXP level="5" levNeedEXP="115700" />
			<levelEXP level="6" levNeedEXP="203450" />
			<levelEXP level="7" levNeedEXP="333450" />
			<levelEXP level="8" levNeedEXP="528450" />
			<levelEXP level="9" levNeedEXP="840450" />
			<levelEXP level="10" levNeedEXP="0" />
		</shenXiangEXP>
		<jtShopEXP needJunTuanLev="3" moJing="1,1" jinBi="10000,1" >     <!--军团达到needJunTuanLev级后，开启军团商店。moJing="捐赠魔晶数,获得建设度"    jinBi="捐赠金币数,获得建设度"-->
			<levelEXP level="1" levNeedEXP="65" />                 <!--军团商店升到下一级需要经验-->
			<levelEXP level="2" levNeedEXP="362" />
			<levelEXP level="3" levNeedEXP="1293" />
			<levelEXP level="4" levNeedEXP="2902" />
			<levelEXP level="5" levNeedEXP="5531" />
			<levelEXP level="6" levNeedEXP="9640" />
			<levelEXP level="7" levNeedEXP="16386" />
			<levelEXP level="8" levNeedEXP="28411" />
			<levelEXP level="9" levNeedEXP="48105" />
			<levelEXP level="10" levNeedEXP="0" />
		</jtShopEXP>
		<tuShuGuanEXP needJunTuanLev="2" moJing="1,1" jinBi="10000,1" >     <!--军团达到needJunTuanLev级后，开启军团技能。moJing="捐赠魔晶数,获得建设度"    jinBi="捐赠金币数,获得建设度"-->
			<levelEXP level="1" levNeedEXP="65" />                     <!--军团图书馆升到下一级需要经验-->
			<levelEXP level="2" levNeedEXP="362" />
			<levelEXP level="3" levNeedEXP="1293" />
			<levelEXP level="4" levNeedEXP="2902" />
			<levelEXP level="5" levNeedEXP="5531" />
			<levelEXP level="6" levNeedEXP="9640" />
			<levelEXP level="7" levNeedEXP="16386" />
			<levelEXP level="8" levNeedEXP="28411" />
			<levelEXP level="9" levNeedEXP="48105" />
			<levelEXP level="10" levNeedEXP="0" />
		</tuShuGuanEXP>
	</jianzhuEXP>
  
  
	<zhuanPanDate needJunTuanLev="3" freeTimes="1">             <!--军团达到needJunTuanLev级后开启。转盘每天免费次数=freeTimes，每日0点重置-->
		<zhuanPanReward zpLevel="1">         <!--议事厅1级时，转盘10个格子的奖品，reward=奖励,数量；prob=抽中几率百分比分子-->
			<zpValue pile="1" reward="2990011,100" prob="20" />         <!--个人贡献-->
			<zpValue pile="2" reward="2050101,1" prob="2" />            <!--复活石-->
			<zpValue pile="3" reward="2990011,500" prob="5" />        <!--个人贡献-->
			<zpValue pile="4" reward="2050102,1" prob="4" />            <!--金刚钻-->
			<zpValue pile="5" reward="2050133,1" prob="2" />            <!--1级宝石箱-->
			<zpValue pile="6" reward="2990001,10000" prob="30" />       <!--金币-->
			<zpValue pile="7" reward="2050104,1" prob="2" />            <!--生命之泉-->
			<zpValue pile="8" reward="2990001,50000" prob="5" />      <!--金币-->
			<zpValue pile="9" reward="2020101,1" prob="10" />           <!--1级强化石-->
			<zpValue pile="10" reward="2990005,5000" prob="20" />       <!--星石-->
		</zhuanPanReward>
		<zhuanPanReward zpLevel="2">         <!--议事厅2级时，转盘10个格子的奖品，reward=奖励,数量；prob=抽中几率百分比分子-->
			<zpValue pile="1" reward="2990011,200" prob="20" />         <!--个人贡献-->
			<zpValue pile="2" reward="2050101,1" prob="2" />            <!--复活石-->
			<zpValue pile="3" reward="2990011,2000" prob="5" />        <!--个人贡献-->
			<zpValue pile="4" reward="2050102,1" prob="4" />            <!--金刚钻-->
			<zpValue pile="5" reward="2050133,2" prob="2" />            <!--1级宝石箱-->
			<zpValue pile="6" reward="2990001,20000" prob="30" />       <!--金币-->
			<zpValue pile="7" reward="2050104,1" prob="2" />            <!--生命之泉-->
			<zpValue pile="8" reward="2990001,100000" prob="5" />      <!--金币-->
			<zpValue pile="9" reward="2020101,1" prob="10" />           <!--1级强化石-->
			<zpValue pile="10" reward="2990005,7000" prob="20" />       <!--星石-->
		</zhuanPanReward>
		<zhuanPanReward zpLevel="3">         <!--议事厅3级时，转盘奖品-->
			<zpValue pile="1" reward="2990011,200" prob="20" />         <!--个人贡献-->
			<zpValue pile="2" reward="2050101,1" prob="2" />            <!--复活石-->
			<zpValue pile="3" reward="2990011,2000" prob="5" />        <!--个人贡献-->
			<zpValue pile="4" reward="2050102,1" prob="4" />            <!--金刚钻-->
			<zpValue pile="5" reward="2050133,2" prob="2" />            <!--1级宝石箱-->
			<zpValue pile="6" reward="2990001,20000" prob="30" />       <!--金币-->
			<zpValue pile="7" reward="2050104,1" prob="2" />            <!--生命之泉-->
			<zpValue pile="8" reward="2990001,100000" prob="5" />      <!--金币-->
			<zpValue pile="9" reward="2020101,1" prob="10" />           <!--1级强化石-->
			<zpValue pile="10" reward="2990005,7000" prob="20" />       <!--星石-->
		</zhuanPanReward>
		<zhuanPanReward zpLevel="4">         <!--议事厅4级时，转盘奖品-->
			<zpValue pile="1" reward="2990011,200" prob="20" />         <!--个人贡献-->
			<zpValue pile="2" reward="2050101,1" prob="2" />            <!--复活石-->
			<zpValue pile="3" reward="2990011,2000" prob="5" />        <!--个人贡献-->
			<zpValue pile="4" reward="2050102,1" prob="4" />            <!--金刚钻-->
			<zpValue pile="5" reward="2050133,2" prob="2" />            <!--1级宝石箱-->
			<zpValue pile="6" reward="2990001,20000" prob="30" />       <!--金币-->
			<zpValue pile="7" reward="2050104,1" prob="2" />            <!--生命之泉-->
			<zpValue pile="8" reward="2990001,100000" prob="5" />      <!--金币-->
			<zpValue pile="9" reward="2020101,1" prob="10" />           <!--1级强化石-->
			<zpValue pile="10" reward="2990005,7000" prob="20" />       <!--星石-->
		</zhuanPanReward>
		<zhuanPanReward zpLevel="5">         <!--议事厅5级时，转盘奖品-->
			<zpValue pile="1" reward="2990011,200" prob="20" />         <!--个人贡献-->
			<zpValue pile="2" reward="2050101,1" prob="2" />            <!--复活石-->
			<zpValue pile="3" reward="2990011,2000" prob="5" />        <!--个人贡献-->
			<zpValue pile="4" reward="2050102,1" prob="4" />            <!--金刚钻-->
			<zpValue pile="5" reward="2050133,2" prob="2" />            <!--1级宝石箱-->
			<zpValue pile="6" reward="2990001,20000" prob="30" />       <!--金币-->
			<zpValue pile="7" reward="2050104,1" prob="2" />            <!--生命之泉-->
			<zpValue pile="8" reward="2990001,100000" prob="5" />      <!--金币-->
			<zpValue pile="9" reward="2020101,1" prob="10" />           <!--1级强化石-->
			<zpValue pile="10" reward="2990005,7000" prob="20" />       <!--星石-->
		</zhuanPanReward>
		<zhuanPanReward zpLevel="6">         <!--议事厅6级时，转盘奖品-->
			<zpValue pile="1" reward="2990011,200" prob="20" />         <!--个人贡献-->
			<zpValue pile="2" reward="2050101,1" prob="2" />            <!--复活石-->
			<zpValue pile="3" reward="2990011,2000" prob="5" />        <!--个人贡献-->
			<zpValue pile="4" reward="2050102,1" prob="4" />            <!--金刚钻-->
			<zpValue pile="5" reward="2050133,2" prob="2" />            <!--1级宝石箱-->
			<zpValue pile="6" reward="2990001,20000" prob="30" />       <!--金币-->
			<zpValue pile="7" reward="2050104,1" prob="2" />            <!--生命之泉-->
			<zpValue pile="8" reward="2990001,100000" prob="5" />      <!--金币-->
			<zpValue pile="9" reward="2020101,1" prob="10" />           <!--1级强化石-->
			<zpValue pile="10" reward="2990005,7000" prob="20" />       <!--星石-->
		</zhuanPanReward>
		<zhuanPanReward zpLevel="7">         <!--议事厅7级时，转盘奖品-->
			<zpValue pile="1" reward="2990011,200" prob="20" />         <!--个人贡献-->
			<zpValue pile="2" reward="2050101,1" prob="2" />            <!--复活石-->
			<zpValue pile="3" reward="2990011,2000" prob="5" />        <!--个人贡献-->
			<zpValue pile="4" reward="2050102,1" prob="4" />            <!--金刚钻-->
			<zpValue pile="5" reward="2050133,2" prob="2" />            <!--1级宝石箱-->
			<zpValue pile="6" reward="2990001,20000" prob="30" />       <!--金币-->
			<zpValue pile="7" reward="2050104,1" prob="2" />            <!--生命之泉-->
			<zpValue pile="8" reward="2990001,100000" prob="5" />      <!--金币-->
			<zpValue pile="9" reward="2020101,1" prob="10" />           <!--1级强化石-->
			<zpValue pile="10" reward="2990005,7000" prob="20" />       <!--星石-->
		</zhuanPanReward>
		<zhuanPanReward zpLevel="8">         <!--议事厅8级时，转盘奖品-->
			<zpValue pile="1" reward="2990011,200" prob="20" />         <!--个人贡献-->
			<zpValue pile="2" reward="2050101,1" prob="2" />            <!--复活石-->
			<zpValue pile="3" reward="2990011,2000" prob="5" />        <!--个人贡献-->
			<zpValue pile="4" reward="2050102,1" prob="4" />            <!--金刚钻-->
			<zpValue pile="5" reward="2050133,2" prob="2" />            <!--1级宝石箱-->
			<zpValue pile="6" reward="2990001,20000" prob="30" />       <!--金币-->
			<zpValue pile="7" reward="2050104,1" prob="2" />            <!--生命之泉-->
			<zpValue pile="8" reward="2990001,100000" prob="5" />      <!--金币-->
			<zpValue pile="9" reward="2020101,1" prob="10" />           <!--1级强化石-->
			<zpValue pile="10" reward="2990005,7000" prob="20" />       <!--星石-->
		</zhuanPanReward>
		<zhuanPanReward zpLevel="9">         <!--议事厅9级时，转盘奖品-->
			<zpValue pile="1" reward="2990011,200" prob="20" />         <!--个人贡献-->
			<zpValue pile="2" reward="2050101,1" prob="2" />            <!--复活石-->
			<zpValue pile="3" reward="2990011,2000" prob="5" />        <!--个人贡献-->
			<zpValue pile="4" reward="2050102,1" prob="4" />            <!--金刚钻-->
			<zpValue pile="5" reward="2050133,2" prob="2" />            <!--1级宝石箱-->
			<zpValue pile="6" reward="2990001,20000" prob="30" />       <!--金币-->
			<zpValue pile="7" reward="2050104,1" prob="2" />            <!--生命之泉-->
			<zpValue pile="8" reward="2990001,100000" prob="5" />      <!--金币-->
			<zpValue pile="9" reward="2020101,1" prob="10" />           <!--1级强化石-->
			<zpValue pile="10" reward="2990005,7000" prob="20" />       <!--星石-->
		</zhuanPanReward>
		<zhuanPanReward zpLevel="10">         <!--议事厅10级时，转盘奖品-->
			<zpValue pile="1" reward="2990011,200" prob="20" />         <!--个人贡献-->
			<zpValue pile="2" reward="2050101,1" prob="2" />            <!--复活石-->
			<zpValue pile="3" reward="2990011,2000" prob="5" />        <!--个人贡献-->
			<zpValue pile="4" reward="2050102,1" prob="4" />            <!--金刚钻-->
			<zpValue pile="5" reward="2050133,2" prob="2" />            <!--1级宝石箱-->
			<zpValue pile="6" reward="2990001,20000" prob="30" />       <!--金币-->
			<zpValue pile="7" reward="2050104,1" prob="2" />            <!--生命之泉-->
			<zpValue pile="8" reward="2990001,100000" prob="5" />      <!--金币-->
			<zpValue pile="9" reward="2020101,1" prob="10" />           <!--1级强化石-->
			<zpValue pile="10" reward="2990005,7000" prob="20" />       <!--星石-->
		</zhuanPanReward>	
	</zhuanPanDate>
	
	
	<!--神像4个参拜的时间限制，canBaiTimes=可用次数，needMoJing=消耗魔晶，rewardLingQi=产出神像灵气，rewardGongXian=个人贡献，rewardFanRongDu=军团繁荣度-->
	<!--第一天免费可得50点贡献，付费100点，1级军团30人活跃可升到2级军团-->
	<shenXiangDate>     
		<canBai canBaiType="1" canBaiTimes="1" canBaiOpenTime="11,13" needMoJing="0" >
			<canBaiReward sxLev="1" rewardLingQi="10" rewardGongXian="20" rewardFanRongDu="20" />
			<canBaiReward sxLev="2" rewardLingQi="10" rewardGongXian="20" rewardFanRongDu="20" />
			<canBaiReward sxLev="3" rewardLingQi="10" rewardGongXian="20" rewardFanRongDu="20" />
			<canBaiReward sxLev="4" rewardLingQi="10" rewardGongXian="20" rewardFanRongDu="20" />
			<canBaiReward sxLev="5" rewardLingQi="10" rewardGongXian="20" rewardFanRongDu="20" />
			<canBaiReward sxLev="6" rewardLingQi="10" rewardGongXian="20" rewardFanRongDu="20" />
			<canBaiReward sxLev="7" rewardLingQi="10" rewardGongXian="20" rewardFanRongDu="20" />
			<canBaiReward sxLev="8" rewardLingQi="10" rewardGongXian="20" rewardFanRongDu="20" />
			<canBaiReward sxLev="9" rewardLingQi="10" rewardGongXian="20" rewardFanRongDu="20" />
			<canBaiReward sxLev="10" rewardLingQi="10" rewardGongXian="20" rewardFanRongDu="20" />
		</canBai>
		<canBai canBaiType="2" canBaiTimes="1" canBaiOpenTime="17,19" needMoJing="0" >
			<canBaiReward sxLev="1" rewardLingQi="10" rewardGongXian="20" rewardFanRongDu="20" />
			<canBaiReward sxLev="2" rewardLingQi="10" rewardGongXian="20" rewardFanRongDu="20" />
			<canBaiReward sxLev="3" rewardLingQi="10" rewardGongXian="20" rewardFanRongDu="20" />
			<canBaiReward sxLev="4" rewardLingQi="10" rewardGongXian="20" rewardFanRongDu="20" />
			<canBaiReward sxLev="5" rewardLingQi="10" rewardGongXian="20" rewardFanRongDu="20" />
			<canBaiReward sxLev="6" rewardLingQi="10" rewardGongXian="20" rewardFanRongDu="20" />
			<canBaiReward sxLev="7" rewardLingQi="10" rewardGongXian="20" rewardFanRongDu="20" />
			<canBaiReward sxLev="8" rewardLingQi="10" rewardGongXian="20" rewardFanRongDu="20" />
			<canBaiReward sxLev="9" rewardLingQi="10" rewardGongXian="20" rewardFanRongDu="20" />
			<canBaiReward sxLev="10" rewardLingQi="10" rewardGongXian="20" rewardFanRongDu="20" />
		</canBai>
		<canBai canBaiType="3" canBaiTimes="1" canBaiOpenTime="0,24" needMoJing="0" >
			<canBaiReward sxLev="1" rewardLingQi="10" rewardGongXian="10" rewardFanRongDu="10" />
			<canBaiReward sxLev="2" rewardLingQi="10" rewardGongXian="15" rewardFanRongDu="15" />
			<canBaiReward sxLev="3" rewardLingQi="10" rewardGongXian="20" rewardFanRongDu="20" />
			<canBaiReward sxLev="4" rewardLingQi="10" rewardGongXian="25" rewardFanRongDu="25" />
			<canBaiReward sxLev="5" rewardLingQi="10" rewardGongXian="30" rewardFanRongDu="30" />
			<canBaiReward sxLev="6" rewardLingQi="10" rewardGongXian="35" rewardFanRongDu="35" />
			<canBaiReward sxLev="7" rewardLingQi="10" rewardGongXian="40" rewardFanRongDu="40" />
			<canBaiReward sxLev="8" rewardLingQi="10" rewardGongXian="45" rewardFanRongDu="45" />
			<canBaiReward sxLev="9" rewardLingQi="10" rewardGongXian="50" rewardFanRongDu="50" />
			<canBaiReward sxLev="10" rewardLingQi="10" rewardGongXian="55" rewardFanRongDu="55" />
		</canBai>
		<canBai canBaiType="4" canBaiTimes="1" canBaiOpenTime="0,24" needMoJing="90" >
			<canBaiReward sxLev="1" rewardLingQi="100" rewardGongXian="50" rewardFanRongDu="50" />
			<canBaiReward sxLev="2" rewardLingQi="100" rewardGongXian="60" rewardFanRongDu="60" />
			<canBaiReward sxLev="3" rewardLingQi="100" rewardGongXian="70" rewardFanRongDu="70" />
			<canBaiReward sxLev="4" rewardLingQi="100" rewardGongXian="80" rewardFanRongDu="80" />
			<canBaiReward sxLev="5" rewardLingQi="100" rewardGongXian="90" rewardFanRongDu="90" />
			<canBaiReward sxLev="6" rewardLingQi="100" rewardGongXian="100" rewardFanRongDu="100" />
			<canBaiReward sxLev="7" rewardLingQi="100" rewardGongXian="110" rewardFanRongDu="110" />
			<canBaiReward sxLev="8" rewardLingQi="100" rewardGongXian="120" rewardFanRongDu="120" />
			<canBaiReward sxLev="9" rewardLingQi="100" rewardGongXian="130" rewardFanRongDu="130" />
			<canBaiReward sxLev="10" rewardLingQi="100" rewardGongXian="150" rewardFanRongDu="150" />
		</canBai>
	</shenXiangDate>
	
	
	<junTuanShopDate>     <!--军团商店配置，itemName只是策划注释用的，方便看-->
		<junTuanShop itemID="2050133" itemName="一级宝石箱" jtShopPrice="100000" needShopLevel="1" />    <!--jtShopPrice=购买需要消耗贡献，needShopLevel=购买需要商店等级-->
		<junTuanShop itemID="2050135" itemName="三级宝石箱" jtShopPrice="900000" needShopLevel="2" />
		<junTuanShop itemID="2050125" itemName="莱尔印记" jtShopPrice="500000" needShopLevel="3" />
	</junTuanShopDate>

	
	<tuShuGuanDate>       <!--图书馆配置-->
		<junTuanSkill sType="1" sName="刚猛无涛" icon="61501" addAttribute="7" >          <!--addAttribute=增加的属性-->
			<skillDate skillLevel="1" addValue="100" needGongXian="50" needTSGLev="1" description="增加100点物理攻击"/>
			<skillDate skillLevel="2" addValue="200" needGongXian="80" needTSGLev="2" description="增加200点物理攻击"/>
			<skillDate skillLevel="3" addValue="300" needGongXian="150" needTSGLev="2" description="增加300点物理攻击"/>
			<skillDate skillLevel="4" addValue="400" needGongXian="250" needTSGLev="3" description="增加400点物理攻击"/>
			<skillDate skillLevel="5" addValue="500" needGongXian="380" needTSGLev="3" description="增加500点物理攻击"/>
			<skillDate skillLevel="6" addValue="600" needGongXian="550" needTSGLev="4" description="增加600点物理攻击"/>
			<skillDate skillLevel="7" addValue="700" needGongXian="770" needTSGLev="4" description="增加700点物理攻击"/>
			<skillDate skillLevel="8" addValue="800" needGongXian="1050" needTSGLev="5" description="增加800点物理攻击"/>
			<skillDate skillLevel="9" addValue="900" needGongXian="1400" needTSGLev="5" description="增加900点物理攻击"/>
			<skillDate skillLevel="10" addValue="1000" needGongXian="1800" needTSGLev="6" description="增加1000点物理攻击"/>
		</junTuanSkill>
		<junTuanSkill sType="2" sName="秘法威能" icon="61502" addAttribute="8" >        <!--addValue=增加的值，needGongXian=升级需要消耗贡献，needTSGLev=升级需要图书馆等级-->
			<skillDate skillLevel="1" addValue="100" needGongXian="50" needTSGLev="1" description="增加100点魔法攻击"/>
			<skillDate skillLevel="2" addValue="200" needGongXian="80" needTSGLev="2" description="增加200点魔法攻击"/>
			<skillDate skillLevel="3" addValue="300" needGongXian="150" needTSGLev="2" description="增加300点魔法攻击"/>
			<skillDate skillLevel="4" addValue="400" needGongXian="250" needTSGLev="3" description="增加400点魔法攻击"/>
			<skillDate skillLevel="5" addValue="500" needGongXian="380" needTSGLev="3" description="增加500点魔法攻击"/>
			<skillDate skillLevel="6" addValue="600" needGongXian="550" needTSGLev="4" description="增加600点魔法攻击"/>
			<skillDate skillLevel="7" addValue="700" needGongXian="770" needTSGLev="4" description="增加700点魔法攻击"/>
			<skillDate skillLevel="8" addValue="800" needGongXian="1050" needTSGLev="5" description="增加800点魔法攻击"/>
			<skillDate skillLevel="9" addValue="900" needGongXian="1400" needTSGLev="5" description="增加900点魔法攻击"/>
			<skillDate skillLevel="10" addValue="1000" needGongXian="1800" needTSGLev="6" description="增加1000点魔法攻击"/>
		</junTuanSkill>
		<junTuanSkill sType="3" sName="神圣护盾" icon="61503" addAttribute="9" >    
			<skillDate skillLevel="1" addValue="90" needGongXian="50" needTSGLev="1" description="增加90点物理防御"/>
			<skillDate skillLevel="2" addValue="190" needGongXian="80" needTSGLev="2" description="增加190点物理防御"/>
			<skillDate skillLevel="3" addValue="280" needGongXian="150" needTSGLev="2" description="增加280点物理防御"/>
			<skillDate skillLevel="4" addValue="380" needGongXian="250" needTSGLev="3" description="增加380点物理防御"/>
			<skillDate skillLevel="5" addValue="480" needGongXian="380" needTSGLev="3" description="增加480点物理防御"/>
			<skillDate skillLevel="6" addValue="570" needGongXian="550" needTSGLev="4" description="增加570点物理防御"/>
			<skillDate skillLevel="7" addValue="670" needGongXian="770" needTSGLev="4" description="增加670点物理防御"/>
			<skillDate skillLevel="8" addValue="760" needGongXian="1050" needTSGLev="5" description="增加760点物理防御"/>
			<skillDate skillLevel="9" addValue="860" needGongXian="1400" needTSGLev="5" description="增加860点物理防御"/>
			<skillDate skillLevel="10" addValue="960" needGongXian="1800" needTSGLev="6" description="增加960点物理防御"/>
		</junTuanSkill>
		<junTuanSkill sType="4" sName="秘银雕纹" icon="61504" addAttribute="10" >    
			<skillDate skillLevel="1" addValue="90" needGongXian="50" needTSGLev="1" description="增加90点魔法防御"/>
			<skillDate skillLevel="2" addValue="190" needGongXian="80" needTSGLev="2" description="增加190点魔法防御"/>
			<skillDate skillLevel="3" addValue="280" needGongXian="150" needTSGLev="2" description="增加280点魔法防御"/>
			<skillDate skillLevel="4" addValue="380" needGongXian="250" needTSGLev="3" description="增加380点魔法防御"/>
			<skillDate skillLevel="5" addValue="480" needGongXian="380" needTSGLev="3" description="增加480点魔法防御"/>
			<skillDate skillLevel="6" addValue="570" needGongXian="550" needTSGLev="4" description="增加570点魔法防御"/>
			<skillDate skillLevel="7" addValue="670" needGongXian="770" needTSGLev="4" description="增加670点魔法防御"/>
			<skillDate skillLevel="8" addValue="760" needGongXian="1050" needTSGLev="5" description="增加760点魔法防御"/>
			<skillDate skillLevel="9" addValue="860" needGongXian="1400" needTSGLev="5" description="增加860点魔法防御"/>
			<skillDate skillLevel="10" addValue="960" needGongXian="1800" needTSGLev="6" description="增加960点魔法防御"/>
		</junTuanSkill>
		<junTuanSkill sType="5" sName="龙心之力" icon="61505" addAttribute="5" >    
			<skillDate skillLevel="1" addValue="500" needGongXian="50" needTSGLev="1" description="增加500点血量上限"/>
			<skillDate skillLevel="2" addValue="1000" needGongXian="80" needTSGLev="2" description="增加1000点血量上限"/>
			<skillDate skillLevel="3" addValue="1600" needGongXian="150" needTSGLev="2" description="增加1600点血量上限"/>
			<skillDate skillLevel="4" addValue="2100" needGongXian="250" needTSGLev="3" description="增加2100点血量上限"/>
			<skillDate skillLevel="5" addValue="2700" needGongXian="380" needTSGLev="3" description="增加2700点血量上限"/>
			<skillDate skillLevel="6" addValue="3200" needGongXian="550" needTSGLev="4" description="增加3200点血量上限"/>
			<skillDate skillLevel="7" addValue="3800" needGongXian="770" needTSGLev="4" description="增加3800点血量上限"/>
			<skillDate skillLevel="8" addValue="4300" needGongXian="1050" needTSGLev="5" description="增加4300点血量上限"/>
			<skillDate skillLevel="9" addValue="4900" needGongXian="1400" needTSGLev="5" description="增加4900点血量上限"/>
			<skillDate skillLevel="10" addValue="5400" needGongXian="1800" needTSGLev="6" description="增加5400点血量上限"/>
		</junTuanSkill>
		<junTuanSkill sType="6" sName="远古水晶" icon="61506" addAttribute="6" >    
			<skillDate skillLevel="1" addValue="200" needGongXian="50" needTSGLev="1" description="增加200点魔法上限"/>
			<skillDate skillLevel="2" addValue="500" needGongXian="80" needTSGLev="2" description="增加500点魔法上限"/>
			<skillDate skillLevel="3" addValue="800" needGongXian="150" needTSGLev="2" description="增加800点魔法上限"/>
			<skillDate skillLevel="4" addValue="1100" needGongXian="250" needTSGLev="3" description="增加1100点魔法上限"/>
			<skillDate skillLevel="5" addValue="1400" needGongXian="380" needTSGLev="3" description="增加1400点魔法上限"/>
			<skillDate skillLevel="6" addValue="1700" needGongXian="550" needTSGLev="4" description="增加1700点魔法上限"/>
			<skillDate skillLevel="7" addValue="2000" needGongXian="770" needTSGLev="4" description="增加2000点魔法上限"/>
			<skillDate skillLevel="8" addValue="2300" needGongXian="1050" needTSGLev="5" description="增加2300点魔法上限"/>
			<skillDate skillLevel="9" addValue="2600" needGongXian="1400" needTSGLev="5" description="增加2600点魔法上限"/>
			<skillDate skillLevel="10" addValue="2900" needGongXian="1800" needTSGLev="6" description="增加2900点魔法上限"/>
		</junTuanSkill>
		<junTuanSkill sType="7" sName="弱点打击" icon="61509" addAttribute="11" >    
			<skillDate skillLevel="1" addValue="30" needGongXian="50" needTSGLev="1" description="增加30点暴击值"/>
			<skillDate skillLevel="2" addValue="60" needGongXian="80" needTSGLev="2" description="增加60点暴击值"/>
			<skillDate skillLevel="3" addValue="90" needGongXian="150" needTSGLev="2" description="增加90点暴击值"/>
			<skillDate skillLevel="4" addValue="120" needGongXian="250" needTSGLev="3" description="增加120点暴击值"/>
			<skillDate skillLevel="5" addValue="160" needGongXian="380" needTSGLev="3" description="增加160点暴击值"/>
			<skillDate skillLevel="6" addValue="190" needGongXian="550" needTSGLev="4" description="增加190点暴击值"/>
			<skillDate skillLevel="7" addValue="220" needGongXian="770" needTSGLev="4" description="增加220点暴击值"/>
			<skillDate skillLevel="8" addValue="250" needGongXian="1050" needTSGLev="5" description="增加250点暴击值"/>
			<skillDate skillLevel="9" addValue="290" needGongXian="1400" needTSGLev="5" description="增加290点暴击值"/>
			<skillDate skillLevel="10" addValue="320" needGongXian="1800" needTSGLev="6" description="增加320点暴击值"/>
		</junTuanSkill>
		<junTuanSkill sType="8" sName="坚忍不拔" icon="61510" addAttribute="12" >    
			<skillDate skillLevel="1" addValue="30" needGongXian="50" needTSGLev="1" description="增加30点韧劲值"/>
			<skillDate skillLevel="2" addValue="60" needGongXian="80" needTSGLev="2" description="增加60点韧劲值"/>
			<skillDate skillLevel="3" addValue="90" needGongXian="150" needTSGLev="2" description="增加90点韧劲值"/>
			<skillDate skillLevel="4" addValue="120" needGongXian="250" needTSGLev="3" description="增加120点韧劲值"/>
			<skillDate skillLevel="5" addValue="160" needGongXian="380" needTSGLev="3" description="增加160点韧劲值"/>
			<skillDate skillLevel="6" addValue="190" needGongXian="550" needTSGLev="4" description="增加190点韧劲值"/>
			<skillDate skillLevel="7" addValue="220" needGongXian="770" needTSGLev="4" description="增加220点韧劲值"/>
			<skillDate skillLevel="8" addValue="250" needGongXian="1050" needTSGLev="5" description="增加250点韧劲值"/>
			<skillDate skillLevel="9" addValue="290" needGongXian="1400" needTSGLev="5" description="增加290点韧劲值"/>
			<skillDate skillLevel="10" addValue="320" needGongXian="1800" needTSGLev="6" description="增加320点韧劲值"/>
		</junTuanSkill>
		<junTuanSkill sType="9" sName="黑暗之爪" icon="61511" addAttribute="13" >    
			<skillDate skillLevel="1" addValue="30" needGongXian="50" needTSGLev="1" description="增加30点必杀值"/>
			<skillDate skillLevel="2" addValue="60" needGongXian="80" needTSGLev="2" description="增加60点必杀值"/>
			<skillDate skillLevel="3" addValue="90" needGongXian="150" needTSGLev="2" description="增加90点必杀值"/>
			<skillDate skillLevel="4" addValue="120" needGongXian="250" needTSGLev="3" description="增加120点必杀值"/>
			<skillDate skillLevel="5" addValue="160" needGongXian="380" needTSGLev="3" description="增加160点必杀值"/>
			<skillDate skillLevel="6" addValue="190" needGongXian="550" needTSGLev="4" description="增加190点必杀值"/>
			<skillDate skillLevel="7" addValue="220" needGongXian="770" needTSGLev="4" description="增加220点必杀值"/>
			<skillDate skillLevel="8" addValue="250" needGongXian="1050" needTSGLev="5" description="增加250点必杀值"/>
			<skillDate skillLevel="9" addValue="290" needGongXian="1400" needTSGLev="5" description="增加290点必杀值"/>
			<skillDate skillLevel="10" addValue="320" needGongXian="1800" needTSGLev="6" description="增加320点必杀值"/>
		</junTuanSkill>
		<junTuanSkill sType="10" sName="光明守护" icon="61512" addAttribute="14" >    
			<skillDate skillLevel="1" addValue="40" needGongXian="50" needTSGLev="1" description="增加40点守护值"/>
			<skillDate skillLevel="2" addValue="90" needGongXian="80" needTSGLev="2" description="增加90点守护值"/>
			<skillDate skillLevel="3" addValue="140" needGongXian="150" needTSGLev="2" description="增加140点守护值"/>
			<skillDate skillLevel="4" addValue="190" needGongXian="250" needTSGLev="3" description="增加190点守护值"/>
			<skillDate skillLevel="5" addValue="240" needGongXian="380" needTSGLev="3" description="增加240点守护值"/>
			<skillDate skillLevel="6" addValue="290" needGongXian="550" needTSGLev="4" description="增加290点守护值"/>
			<skillDate skillLevel="7" addValue="340" needGongXian="770" needTSGLev="4" description="增加340点守护值"/>
			<skillDate skillLevel="8" addValue="390" needGongXian="1050" needTSGLev="5" description="增加390点守护值"/>
			<skillDate skillLevel="9" addValue="430" needGongXian="1400" needTSGLev="5" description="增加430点守护值"/>
			<skillDate skillLevel="10" addValue="480" needGongXian="1800" needTSGLev="6" description="增加480点守护值"/>
		</junTuanSkill>
		<junTuanSkill sType="11" sName="丛林法则" icon="61507" addAttribute="15" >    
			<skillDate skillLevel="1" addValue="20" needGongXian="50" needTSGLev="1" description="增加20点命中值"/>
			<skillDate skillLevel="2" addValue="40" needGongXian="80" needTSGLev="2" description="增加40点命中值"/>
			<skillDate skillLevel="3" addValue="60" needGongXian="150" needTSGLev="2" description="增加60点命中值"/>
			<skillDate skillLevel="4" addValue="80" needGongXian="250" needTSGLev="3" description="增加80点命中值"/>
			<skillDate skillLevel="5" addValue="100" needGongXian="380" needTSGLev="3" description="增加100点命中值"/>
			<skillDate skillLevel="6" addValue="120" needGongXian="550" needTSGLev="4" description="增加120点命中值"/>
			<skillDate skillLevel="7" addValue="140" needGongXian="770" needTSGLev="4" description="增加140点命中值"/>
			<skillDate skillLevel="8" addValue="160" needGongXian="1050" needTSGLev="5" description="增加160点命中值"/>
			<skillDate skillLevel="9" addValue="180" needGongXian="1400" needTSGLev="5" description="增加180点命中值"/>
			<skillDate skillLevel="10" addValue="200" needGongXian="1800" needTSGLev="6" description="增加200点命中值"/>
		</junTuanSkill>
		<junTuanSkill sType="12" sName="风之力" icon="61508" addAttribute="16" >    
			<skillDate skillLevel="1" addValue="20" needGongXian="50" needTSGLev="1" description="增加20点闪避值"/>
			<skillDate skillLevel="2" addValue="50" needGongXian="80" needTSGLev="2" description="增加50点闪避值"/>
			<skillDate skillLevel="3" addValue="70" needGongXian="150" needTSGLev="2" description="增加70点闪避值"/>
			<skillDate skillLevel="4" addValue="100" needGongXian="250" needTSGLev="3" description="增加100点闪避值"/>
			<skillDate skillLevel="5" addValue="130" needGongXian="380" needTSGLev="3" description="增加130点闪避值"/>
			<skillDate skillLevel="6" addValue="150" needGongXian="550" needTSGLev="4" description="增加150点闪避值"/>
			<skillDate skillLevel="7" addValue="180" needGongXian="770" needTSGLev="4" description="增加180点闪避值"/>
			<skillDate skillLevel="8" addValue="210" needGongXian="1050" needTSGLev="5" description="增加210点闪避值"/>
			<skillDate skillLevel="9" addValue="230" needGongXian="1400" needTSGLev="5" description="增加230点闪避值"/>
			<skillDate skillLevel="10" addValue="260" needGongXian="1800" needTSGLev="6" description="增加260点闪避值"/>
		</junTuanSkill>
	</tuShuGuanDate>


	<boons><!--军团福利相关-->
		<boon lv="1"><!--这里是军团等级，每个军团等级给予的奖励不同-->
		<!--num是指贡献排名，1是排名第一，3是排名2-3，10是排名4-10,0是排名10以后的所有成员-->
			<value num="1" money="204200" item="2990001,204200"/>
			<value num="3" money="122520" item="2990001,122520"/>
			<value num="10" money="81680" item="2990001,81680"/>
			<value num="0" money="40840" item="2990001,40840"/>
		</boon>
		<boon lv="2">
			<value num="1" money="261800" item="2990001,261800"/>
			<value num="3" money="157080" item="2990001,157080"/>
			<value num="10" money="104720" item="2990001,104720"/>
			<value num="0" money="52360" item="2990001,52360"/>
		</boon>
		<boon lv="3">
			<value num="1" money="319500" item="2990001,319500"/>
			<value num="3" money="191700" item="2990001,191700"/>
			<value num="10" money="127800" item="2990001,127800"/>
			<value num="0" money="63900" item="2990001,63900"/>
		</boon>	
		<boon lv="4">
			<value num="1" money="377000" item="2990001,377000"/>
			<value num="3" money="226200" item="2990001,226200"/>
			<value num="10" money="150800" item="2990001,150800"/>
			<value num="0" money="75400" item="2990001,75400"/>
		</boon>	
		<boon lv="5">
			<value num="1" money="434650" item="2990001,434650"/>
			<value num="3" money="260790" item="2990001,260790"/>
			<value num="10" money="173860" item="2990001,173860"/>
			<value num="0" money="86930" item="2990001,86930"/>
		</boon>	
		<boon lv="6">
			<value num="1" money="492250" item="2990001,492250"/>
			<value num="3" money="295350" item="2990001,295350"/>
			<value num="10" money="196900" item="2990001,196900"/>
			<value num="0" money="98450" item="2990001,98450"/>
		</boon>	
		<boon lv="7">
			<value num="1" money="549800" item="2990001,549800"/>
			<value num="3" money="329880" item="2990001,329880"/>
			<value num="10" money="219920" item="2990001,219920"/>
			<value num="0" money="109960" item="2990001,109960"/>
		</boon>	
		<boon lv="8">
			<value num="1" money="607500" item="2990001,607500"/>
			<value num="3" money="364500" item="2990001,364500"/>
			<value num="10" money="243000" item="2990001,243000"/>
			<value num="0" money="121500" item="2990001,121500"/>
		</boon>	
		<boon lv="9">
			<value num="1" money="665000" item="2990001,665000"/>
			<value num="3" money="399000" item="2990001,399000"/>
			<value num="10" money="266000" item="2990001,266000"/>
			<value num="0" money="133000" item="2990001,133000"/>
		</boon>	
		<boon lv="10">
			<value num="1" money="722650" item="2990001,722650"/>
			<value num="3" money="433590" item="2990001,433590"/>
			<value num="10" money="289060" item="2990001,289060"/>
			<value num="0" money="144530" item="2990001,144530"/>
		</boon>			
	</boons>
</juntuan>