<?xml version="1.0" encoding="utf-8"?>
<levelExp>
	<data level="1" exp="200"/>
	<data level="2" exp="700"/>
	<data level="3" exp="1200"/>
	<data level="4" exp="2040"/>
	<data level="5" exp="3520"/>
	<data level="6" exp="5400"/>
	<data level="7" exp="8960"/>
	<data level="8" exp="14060"/>
	<data level="9" exp="21000"/>
	<data level="10" exp="30080"/>
	<data level="11" exp="42640"/>
	<data level="12" exp="59280"/>
	<data level="13" exp="80600"/>
	<data level="14" exp="107200"/>
	<data level="15" exp="167040"/>
	<data level="16" exp="215600"/>
	<data level="17" exp="273880"/>
	<data level="18" exp="342780"/>
	<data level="19" exp="425040"/>
	<data level="20" exp="564540"/>
	<data level="21" exp="685440"/>
	<data level="22" exp="823900"/>
	<data level="23" exp="983360"/>
	<data level="24" exp="1167660"/>
	<data level="25" exp="1478640"/>
	<data level="26" exp="1729740"/>
	<data level="27" exp="2011680"/>
	<data level="28" exp="2329000"/>
	<data level="29" exp="2678120"/>
	<data level="30" exp="3286920"/>
	<data level="31" exp="3748320"/>
	<data level="32" exp="4257840"/>
	<data level="33" exp="4817880"/>
	<data level="34" exp="5430840"/>
	<data level="35" exp="6910960"/>
	<data level="36" exp="7738440"/>
	<data level="37" exp="8637720"/>
	<data level="38" exp="9611800"/>
	<data level="39" exp="10667520"/>
	<data level="40" exp="13195060"/>
	<data level="41" exp="14568240"/>
	<data level="42" exp="16046640"/>
	<data level="43" exp="17634160"/>
	<data level="44" exp="19334700"/>
	<data level="45" exp="23385480"/>
	<data level="46" exp="25542040"/>
	<data level="47" exp="27840000"/>
	<data level="48" exp="30293340"/>
	<data level="49" exp="32907160"/>
	<data level="50" exp="39080340"/>
	<data level="51" exp="42310800"/>
	<data level="52" exp="45735720"/>
	<data level="53" exp="49366040"/>
	<data level="54" exp="53207760"/>
	<data level="55" exp="62249920"/>
	<data level="56" exp="66912120"/>
	<data level="57" exp="71836680"/>
	<data level="58" exp="77019320"/>
	<data level="59" exp="82484160"/>
	<data level="60" exp="88238700"/>
	<data level="61" exp="94278360"/>
	<data level="62" exp="100634600"/>
	<data level="63" exp="107296800"/>
	<data level="64" exp="114291180"/>
	<data level="65" exp="121619400"/>
	<data level="66" exp="129295800"/>
	<data level="67" exp="137328480"/>
	<data level="68" exp="145732280"/>
	<data level="69" exp="154508760"/>
	<data level="70" exp="163686840"/>
	<data level="71" exp="173261440"/>
	<data level="72" exp="183248100"/>
	<data level="73" exp="193662760"/>
	<data level="74" exp="204521760"/>
	<data level="75" exp="215819520"/>
	<data level="76" exp="227587360"/>
	<data level="77" exp="239827240"/>
	<data level="78" exp="252556200"/>
	<data level="79" exp="265783840"/>
	<data level="80" exp="279527700"/>
	<data level="81" exp="293789640"/>
	<data level="82" exp="308595540"/>
	<data level="83" exp="323955600"/>
	<data level="84" exp="339880020"/>
	<data level="85" exp="356387440"/>
	<data level="86" exp="373479820"/>
	<data level="87" exp="391193280"/>
	<data level="88" exp="409521440"/>
	<data level="89" exp="428483640"/>
	<data level="90" exp="448099620"/>
	<data level="91" exp="468389520"/>
	<data level="92" exp="489346460"/>
	<data level="93" exp="511008960"/>
	<data level="94" exp="533379380"/>
	<data level="95" exp="556478560"/>
	<data level="96" exp="580318200"/>
	<data level="97" exp="604919640"/>
	<data level="98" exp="630285140"/>
	<data level="99" exp="656455920"/>
	<data level="100" exp="683424700"/>
	<data level="101" exp="711213520"/>
	<data level="102" exp="739844820"/>
	<data level="103" exp="769320960"/>
	<data level="104" exp="799685260"/>
	<data level="105" exp="830930040"/>
	<data level="106" exp="863088980"/>
	<data level="107" exp="896164640"/>
	<data level="108" exp="930191400"/>
	<data level="109" exp="965171920"/>
	<data level="110" exp="1001130340"/>
	<data level="111" exp="1038080160"/>
	<data level="112" exp="1076046020"/>
	<data level="113" exp="1115052960"/>
	<data level="114" exp="1155103740"/>
	<data level="115" exp="1196223600"/>
	<data level="116" exp="1238426640"/>
	<data level="117" exp="1281738600"/>
	<data level="118" exp="1326185620"/>
	<data level="119" exp="1371770560"/>
	<data level="120" exp="1418531700"/>
	<data level="121" exp="1466459960"/>
	<data level="122" exp="1515606160"/>
	<data level="123" exp="1565973360"/>
	<data level="124" exp="1617588900"/>
	<data level="125" exp="1670468080"/>
	<data level="126" exp="1724626200"/>
	<data level="127" exp="1780103840"/>
	<data level="128" exp="1836904160"/>
	<data level="129" exp="1895042760"/>
	<data level="130" exp="1954561120"/>
	<data level="131" exp="2015475440"/>
	<data level="132" exp="2077788780"/>
	<data level="133" exp="2141543520"/>
	<data level="134" exp="2206756160"/>
	<data level="135" exp="2273443200"/>
	<data level="136" exp="2341634680"/>
	<data level="137" exp="2411347400"/>
	<data level="138" exp="2482598160"/>
	<data level="139" exp="2555431440"/>
	<data level="140" exp="2629850700"/>
	<data level="141" exp="2705873040"/>
	<data level="142" exp="2783543840"/>
	<data level="143" exp="2862866560"/>
	<data level="144" exp="2943872940"/>
	<data level="145" exp="3026580680"/>
	<data level="146" exp="3111036560"/>
	<data level="147" exp="3197229600"/>
	<data level="148" exp="3285221720"/>
	<data level="149" exp="3375001840"/>
	<data level="150" exp="3466617840"/>
	<data level="151" exp="3560073280"/>
	<data level="152" exp="3655416740"/>
	<data level="153" exp="3752667120"/>
	<data level="154" exp="3851843320"/>
	<data level="155" exp="3952964240"/>
	<data level="156" exp="4056064320"/>
	<data level="157" exp="4161178400"/>
	<data level="158" exp="4268310240"/>
	<data level="159" exp="4377494880"/>
	<data level="160" exp="4488783700"/>
	<data level="161" exp="4602164720"/>
	<data level="162" exp="4717673580"/>
	<data level="163" exp="4835346320"/>
	<data level="164" exp="4955219380"/>
	<data level="165" exp="5077296720"/>
	<data level="166" exp="5201614980"/>
	<data level="167" exp="5328211200"/>
	<data level="168" exp="5457106080"/>
	<data level="169" exp="5588320320"/>
	<data level="170" exp="5721874620"/>
	<data level="171" exp="5857823760"/>
	<data level="172" exp="5996171900"/>
	<data level="173" exp="6136974520"/>
	<data level="174" exp="6280218540"/>
	<data level="175" exp="6425977280"/>
	<data level="176" exp="6574237560"/>
	<data level="177" exp="6725055960"/>
	<data level="178" exp="6878454380"/>
	<data level="179" exp="7034472560"/>
	<data level="180" exp="7193132700"/>
	<data level="181" exp="7354438960"/>
	<data level="182" exp="7518467660"/>
	<data level="183" exp="7685205120"/>
	<data level="184" exp="7854710220"/>
	<data level="185" exp="8027005760"/>
	<data level="186" exp="8202114540"/>
	<data level="187" exp="8380078000"/>
	<data level="188" exp="8560919240"/>
	<data level="189" exp="8744661360"/>
	<data level="190" exp="8931365340"/>
	<data level="191" exp="9121035840"/>
	<data level="192" exp="9313696260"/>
	<data level="193" exp="9509408480"/>
	<data level="194" exp="9708196500"/>
	<data level="195" exp="9910064880"/>
	<data level="196" exp="10115076400"/>
	<data level="197" exp="10323255360"/>
	<data level="198" exp="10534626060"/>
	<data level="199" exp="10749232640"/>
	<data level="200" exp="10967099700"/>
	<data level="201" exp="11188251840"/>
	<data level="202" exp="11412733800"/>
	<data level="203" exp="11640590720"/>
	<data level="204" exp="11871827460"/>
	<data level="205" exp="12106489360"/>
	<data level="206" exp="12344622160"/>
	<data level="207" exp="12586251360"/>
	<data level="208" exp="12831423200"/>
	<data level="209" exp="13080142640"/>
	<data level="210" exp="13332456120"/>
	<data level="211" exp="13588410480"/>
	<data level="212" exp="13848031820"/>
	<data level="213" exp="14111367480"/>
	<data level="214" exp="14378422520"/>
	<data level="215" exp="14649265920"/>
	<data level="216" exp="14923902840"/>
	<data level="217" exp="15202402960"/>
	<data level="218" exp="15484749800"/>
	<data level="219" exp="15771035280"/>
	<data level="220" exp="16061286700"/>
	<data level="221" exp="16355487280"/>
	<data level="222" exp="16653752280"/>
	<data level="223" exp="16956042880"/>
	<data level="224" exp="17262453100"/>
	<data level="225" exp="17572988400"/>
	<data level="226" exp="17887698920"/>
	<data level="227" exp="18206612560"/>
	<data level="228" exp="18529779960"/>
	<data level="229" exp="18857206480"/>
	<data level="230" exp="19188988840"/>
	<data level="231" exp="19525109760"/>
	<data level="232" exp="19865620580"/>
	<data level="233" exp="20210573040"/>
	<data level="234" exp="20560019280"/>
	<data level="235" exp="20913941520"/>
	<data level="236" exp="21272438880"/>
	<data level="237" exp="21635517120"/>
	<data level="238" exp="22003229080"/>
	<data level="239" exp="22375604160"/>
	<data level="240" exp="22752695700"/>
	<data level="241" exp="23134509360"/>
	<data level="242" exp="23521122820"/>
	<data level="243" exp="23912566080"/>
	<data level="244" exp="24308869140"/>
	<data level="245" exp="24710086440"/>
	<data level="246" exp="25116223740"/>
	<data level="247" exp="25527384960"/>
	<data level="248" exp="25943551520"/>
	<data level="249" exp="26364778560"/>
	<data level="250" exp="26791121620"/>
	<data level="251" exp="27222636640"/>
	<data level="252" exp="27659304540"/>
	<data level="253" exp="28101231640"/>
	<data level="254" exp="28548424100"/>
	<data level="255" exp="29000938560"/>
	<data level="256" exp="29458806520"/>
	<data level="257" exp="29922085120"/>
	<data level="258" exp="30390780420"/>
	<data level="259" exp="30865001440"/>
	<data level="260" exp="31344728700"/>
	<data level="261" exp="31830020040"/>
	<data level="262" exp="32320933700"/>
	<data level="263" exp="32817475840"/>
	<data level="264" exp="33319757580"/>
	<data level="265" exp="33827759040"/>
	<data level="266" exp="34341565700"/>
	<data level="267" exp="34861183920"/>
	<data level="268" exp="35386699880"/>
	<data level="269" exp="35918120040"/>
	<data level="270" exp="36455504340"/>
	<data level="271" exp="36998886080"/>
	<data level="272" exp="37548325700"/>
	<data level="273" exp="38103884040"/>
	<data level="274" exp="38665567660"/>
	<data level="275" exp="39233437600"/>
	<data level="276" exp="39807527760"/>
	<data level="277" exp="40387899680"/>
	<data level="278" exp="40974615300"/>
	<data level="279" exp="41567681280"/>
	<data level="280" exp="42167187700"/>
	<data level="281" exp="42773113280"/>
	<data level="282" exp="43385576640"/>
	<data level="283" exp="44004584640"/>
	<data level="284" exp="44630200420"/>
	<data level="285" exp="45262459080"/>
	<data level="286" exp="45901395720"/>
	<data level="287" exp="46547102720"/>
	<data level="288" exp="47199587040"/>
	<data level="289" exp="47858884080"/>
	<data level="290" exp="48525087120"/>
	<data level="291" exp="49198232160"/>
	<data level="292" exp="49878326060"/>
	<data level="293" exp="50565463000"/>
	<data level="294" exp="51259679280"/>
	<data level="295" exp="51961011200"/>
	<data level="296" exp="52669524600"/>
	<data level="297" exp="53385256080"/>
	<data level="298" exp="54108242240"/>
	<data level="299" exp="54838579360"/>
	<data level="300" exp="55576274700"/>
	
</levelExp>
