<?xml version="1.0" encoding="utf-8"?>
<mall>
	<item mallId="10001" itemId="2020101" initPrice="6" price="6" vipPrice="5" sellType="1" sortType="10" mallType="2" hot="0" recommended="0" isCheap="0" isVip="1" showFlag="0" promotion="0" itemname="强化石"/>
	<item mallId="10002" itemId="2020102" initPrice="0" price="50" vipPrice="50" sellType="1" sortType="11" mallType="2" hot="0" recommended="0" isCheap="0" isVip="0" showFlag="1" promotion="0" itemname="2级强化石"/>
	<item mallId="10003" itemId="2020103" initPrice="0" price="88" vipPrice="80" sellType="1" sortType="12" mallType="2" hot="0" recommended="0" isCheap="0" isVip="1" showFlag="1" promotion="0" itemname="3级强化石"/>
	<item mallId="10004" itemId="2020104" initPrice="0" price="198" vipPrice="178" sellType="1" sortType="13" mallType="2" hot="0" recommended="0" isCheap="0" isVip="1" showFlag="1" promotion="0" itemname="4级强化石"/>
	<item mallId="10005" itemId="2020105" initPrice="0" price="498" vipPrice="498" sellType="1" sortType="14" mallType="2" hot="0" recommended="0" isCheap="0" isVip="0" showFlag="1" promotion="0" itemname="5级强化石"/>
	<item mallId="10006" itemId="2030101" initPrice="0" price="2" vipPrice="2" sellType="1" sortType="15" mallType="2" hot="0" recommended="0" isCheap="0" isVip="0" showFlag="1" promotion="0" itemname="1级火红宝石"/>
	<item mallId="10007" itemId="2030102" initPrice="6" price="6" vipPrice="5" sellType="1" sortType="16" mallType="2" hot="0" recommended="0" isCheap="0" isVip="1" showFlag="0" promotion="1" itemname="2级火红宝石"/>
	<item mallId="10008" itemId="2030103" initPrice="0" price="18" vipPrice="18" sellType="1" sortType="17" mallType="2" hot="0" recommended="0" isCheap="0" isVip="0" showFlag="1" promotion="0" itemname="3级火红宝石"/>
	<item mallId="10009" itemId="2030104" initPrice="0" price="54" vipPrice="48" sellType="1" sortType="18" mallType="2" hot="0" recommended="0" isCheap="0" isVip="0" showFlag="1" promotion="0" itemname="4级火红宝石"/>
	<item mallId="10010" itemId="2030105" initPrice="0" price="164" vipPrice="164" sellType="1" sortType="19" mallType="2" hot="0" recommended="0" isCheap="0" isVip="0" showFlag="1" promotion="0" itemname="5级火红宝石"/>
	<item mallId="10011" itemId="2030106" initPrice="0" price="486" vipPrice="486" sellType="1" sortType="20" mallType="2" hot="0" recommended="0" isCheap="0" isVip="0" showFlag="1" promotion="0" itemname="6级火红宝石"/>
	<item mallId="10012" itemId="2030107" initPrice="0" price="1458" vipPrice="1458" sellType="1" sortType="21" mallType="2" hot="0" recommended="0" isCheap="0" isVip="0" showFlag="1" promotion="0" itemname="7级火红宝石"/>
	<item mallId="10013" itemId="2030108" initPrice="0" price="4374" vipPrice="4374" sellType="1" sortType="22" mallType="2" hot="0" recommended="0" isCheap="0" isVip="0" showFlag="1" promotion="0" itemname="8级火红宝石"/>
	<item mallId="10014" itemId="2030109" initPrice="0" price="13122" vipPrice="13122" sellType="1" sortType="23" mallType="2" hot="0" recommended="0" isCheap="0" isVip="0" showFlag="1" promotion="0" itemname="火炎宝石"/>
	<item mallId="10015" itemId="2030110" initPrice="0" price="39366" vipPrice="39366" sellType="1" sortType="24" mallType="2" hot="0" recommended="0" isCheap="0" isVip="0" showFlag="1" promotion="0" itemname="赤龙之眼"/>
	<item mallId="10016" itemId="2030201" initPrice="0" price="2" vipPrice="2" sellType="1" sortType="25" mallType="2" hot="0" recommended="0" isCheap="0" isVip="0" showFlag="1" promotion="0" itemname="1级白雾宝石"/>
	<item mallId="10017" itemId="2030202" initPrice="6" price="6" vipPrice="5" sellType="1" sortType="26" mallType="2" hot="0" recommended="0" isCheap="0" isVip="1" showFlag="0" promotion="1" itemname="2级白雾宝石"/>
	<item mallId="10018" itemId="2030203" initPrice="0" price="18" vipPrice="18" sellType="1" sortType="27" mallType="2" hot="0" recommended="0" isCheap="0" isVip="0" showFlag="1" promotion="0" itemname="3级白雾宝石"/>
	<item mallId="10019" itemId="2030204" initPrice="0" price="54" vipPrice="48" sellType="1" sortType="28" mallType="2" hot="0" recommended="0" isCheap="0" isVip="0" showFlag="1" promotion="0" itemname="4级白雾宝石"/>
	<item mallId="10020" itemId="2030205" initPrice="0" price="164" vipPrice="164" sellType="1" sortType="29" mallType="2" hot="0" recommended="0" isCheap="0" isVip="0" showFlag="1" promotion="0" itemname="5级白雾宝石"/>
	<item mallId="10021" itemId="2030206" initPrice="0" price="486" vipPrice="486" sellType="1" sortType="30" mallType="2" hot="0" recommended="0" isCheap="0" isVip="0" showFlag="1" promotion="0" itemname="6级白雾宝石"/>
	<item mallId="10022" itemId="2030207" initPrice="0" price="1458" vipPrice="1458" sellType="1" sortType="31" mallType="2" hot="0" recommended="0" isCheap="0" isVip="0" showFlag="1" promotion="0" itemname="7级白雾宝石"/>
	<item mallId="10023" itemId="2030208" initPrice="0" price="4374" vipPrice="4374" sellType="1" sortType="32" mallType="2" hot="0" recommended="0" isCheap="0" isVip="0" showFlag="1" promotion="0" itemname="8级白雾宝石"/>
	<item mallId="10024" itemId="2030209" initPrice="0" price="13122" vipPrice="13122" sellType="1" sortType="33" mallType="2" hot="0" recommended="0" isCheap="0" isVip="0" showFlag="1" promotion="0" itemname="冰凝宝石"/>
	<item mallId="10025" itemId="2030210" initPrice="0" price="39366" vipPrice="39366" sellType="1" sortType="34" mallType="2" hot="0" recommended="0" isCheap="0" isVip="0" showFlag="1" promotion="0" itemname="海蓝之星"/>
	<item mallId="10026" itemId="2030301" initPrice="0" price="2" vipPrice="2" sellType="1" sortType="35" mallType="2" hot="0" recommended="0" isCheap="0" isVip="0" showFlag="1" promotion="0" itemname="1级灵魂宝石"/>
	<item mallId="10027" itemId="2030302" initPrice="6" price="6" vipPrice="5" sellType="1" sortType="36" mallType="2" hot="0" recommended="0" isCheap="0" isVip="1" showFlag="0" promotion="1" itemname="2级灵魂宝石"/>
	<item mallId="10028" itemId="2030303" initPrice="0" price="18" vipPrice="18" sellType="1" sortType="37" mallType="2" hot="0" recommended="0" isCheap="0" isVip="0" showFlag="1" promotion="0" itemname="3级灵魂宝石"/>
	<item mallId="10029" itemId="2030304" initPrice="0" price="54" vipPrice="48" sellType="1" sortType="38" mallType="2" hot="0" recommended="0" isCheap="0" isVip="0" showFlag="1" promotion="0" itemname="4级灵魂宝石"/>
	<item mallId="10030" itemId="2030305" initPrice="0" price="164" vipPrice="164" sellType="1" sortType="39" mallType="2" hot="0" recommended="0" isCheap="0" isVip="0" showFlag="1" promotion="0" itemname="5级灵魂宝石"/>
	<item mallId="10031" itemId="2030306" initPrice="0" price="486" vipPrice="486" sellType="1" sortType="40" mallType="2" hot="0" recommended="0" isCheap="0" isVip="0" showFlag="1" promotion="0" itemname="6级灵魂宝石"/>
	<item mallId="10032" itemId="2030307" initPrice="0" price="1458" vipPrice="1458" sellType="1" sortType="41" mallType="2" hot="0" recommended="0" isCheap="0" isVip="0" showFlag="1" promotion="0" itemname="7级灵魂宝石"/>
	<item mallId="10033" itemId="2030308" initPrice="0" price="4374" vipPrice="4374" sellType="1" sortType="42" mallType="2" hot="0" recommended="0" isCheap="0" isVip="0" showFlag="1" promotion="0" itemname="8级灵魂宝石"/>
	<item mallId="10034" itemId="2030309" initPrice="0" price="13122" vipPrice="13122" sellType="1" sortType="43" mallType="2" hot="0" recommended="0" isCheap="0" isVip="0" showFlag="1" promotion="0" itemname="泰坦宝石"/>
	<item mallId="10035" itemId="2030310" initPrice="0" price="39366" vipPrice="39366" sellType="1" sortType="44" mallType="2" hot="0" recommended="0" isCheap="0" isVip="0" showFlag="1" promotion="0" itemname="大地精华"/>
	<item mallId="10036" itemId="2030401" initPrice="0" price="2" vipPrice="2" sellType="1" sortType="45" mallType="2" hot="0" recommended="0" isCheap="0" isVip="0" showFlag="1" promotion="0" itemname="1级智慧宝石"/>
	<item mallId="10037" itemId="2030402" initPrice="6" price="6" vipPrice="5" sellType="1" sortType="46" mallType="2" hot="0" recommended="0" isCheap="0" isVip="1" showFlag="0" promotion="1" itemname="2级智慧宝石"/>
	<item mallId="10038" itemId="2030403" initPrice="0" price="18" vipPrice="18" sellType="1" sortType="47" mallType="2" hot="0" recommended="0" isCheap="0" isVip="0" showFlag="1" promotion="0" itemname="3级智慧宝石"/>
	<item mallId="10039" itemId="2030404" initPrice="0" price="54" vipPrice="48" sellType="1" sortType="48" mallType="2" hot="0" recommended="0" isCheap="0" isVip="0" showFlag="1" promotion="0" itemname="4级智慧宝石"/>
	<item mallId="10040" itemId="2030405" initPrice="0" price="164" vipPrice="164" sellType="1" sortType="49" mallType="2" hot="0" recommended="0" isCheap="0" isVip="0" showFlag="1" promotion="0" itemname="5级智慧宝石"/>
	<item mallId="10041" itemId="2030406" initPrice="0" price="486" vipPrice="486" sellType="1" sortType="50" mallType="2" hot="0" recommended="0" isCheap="0" isVip="0" showFlag="1" promotion="0" itemname="6级智慧宝石"/>
	<item mallId="10042" itemId="2030407" initPrice="0" price="1458" vipPrice="1458" sellType="1" sortType="51" mallType="2" hot="0" recommended="0" isCheap="0" isVip="0" showFlag="1" promotion="0" itemname="7级智慧宝石"/>
	<item mallId="10043" itemId="2030408" initPrice="0" price="4374" vipPrice="4374" sellType="1" sortType="52" mallType="2" hot="0" recommended="0" isCheap="0" isVip="0" showFlag="1" promotion="0" itemname="8级智慧宝石"/>
	<item mallId="10044" itemId="2030409" initPrice="0" price="13122" vipPrice="13122" sellType="1" sortType="53" mallType="2" hot="0" recommended="0" isCheap="0" isVip="0" showFlag="1" promotion="0" itemname="天启宝石"/>
	<item mallId="10045" itemId="2030410" initPrice="0" price="39366" vipPrice="39366" sellType="1" sortType="54" mallType="2" hot="0" recommended="0" isCheap="0" isVip="0" showFlag="1" promotion="0" itemname="天使之力"/>
	<item mallId="10046" itemId="2030501" initPrice="0" price="2" vipPrice="2" sellType="1" sortType="55" mallType="2" hot="0" recommended="0" isCheap="0" isVip="0" showFlag="1" promotion="0" itemname="1级星芒宝石"/>
	<item mallId="10047" itemId="2030502" initPrice="6" price="6" vipPrice="5" sellType="1" sortType="56" mallType="2" hot="0" recommended="0" isCheap="0" isVip="1" showFlag="0" promotion="1" itemname="2级星芒宝石"/>
	<item mallId="10048" itemId="2030503" initPrice="0" price="18" vipPrice="18" sellType="1" sortType="57" mallType="2" hot="0" recommended="0" isCheap="0" isVip="0" showFlag="1" promotion="0" itemname="3级星芒宝石"/>
	<item mallId="10049" itemId="2030504" initPrice="0" price="54" vipPrice="48" sellType="1" sortType="58" mallType="2" hot="0" recommended="0" isCheap="0" isVip="0" showFlag="1" promotion="0" itemname="4级星芒宝石"/>
	<item mallId="10050" itemId="2030505" initPrice="0" price="164" vipPrice="164" sellType="1" sortType="59" mallType="2" hot="0" recommended="0" isCheap="0" isVip="0" showFlag="1" promotion="0" itemname="5级星芒宝石"/>
	<item mallId="10051" itemId="2030506" initPrice="0" price="486" vipPrice="486" sellType="1" sortType="60" mallType="2" hot="0" recommended="0" isCheap="0" isVip="0" showFlag="1" promotion="0" itemname="6级星芒宝石"/>
	<item mallId="10052" itemId="2030507" initPrice="0" price="1458" vipPrice="1458" sellType="1" sortType="61" mallType="2" hot="0" recommended="0" isCheap="0" isVip="0" showFlag="1" promotion="0" itemname="7级星芒宝石"/>
	<item mallId="10053" itemId="2030508" initPrice="0" price="4374" vipPrice="4374" sellType="1" sortType="62" mallType="2" hot="0" recommended="0" isCheap="0" isVip="0" showFlag="1" promotion="0" itemname="8级星芒宝石"/>
	<item mallId="10054" itemId="2030509" initPrice="0" price="13122" vipPrice="13122" sellType="1" sortType="63" mallType="2" hot="0" recommended="0" isCheap="0" isVip="0" showFlag="1" promotion="0" itemname="黎明闪耀"/>
	<item mallId="10055" itemId="2030510" initPrice="0" price="39366" vipPrice="39366" sellType="1" sortType="64" mallType="2" hot="0" recommended="0" isCheap="0" isVip="0" showFlag="1" promotion="0" itemname="雷神之锤"/>
	<item mallId="10056" itemId="2030601" initPrice="0" price="2" vipPrice="2" sellType="1" sortType="65" mallType="2" hot="0" recommended="0" isCheap="0" isVip="0" showFlag="1" promotion="0" itemname="1级荣耀宝石"/>
	<item mallId="10057" itemId="2030602" initPrice="6" price="6" vipPrice="5" sellType="1" sortType="66" mallType="2" hot="0" recommended="0" isCheap="0" isVip="1" showFlag="0" promotion="1" itemname="2级荣耀宝石"/>
	<item mallId="10058" itemId="2030603" initPrice="0" price="18" vipPrice="18" sellType="1" sortType="67" mallType="2" hot="0" recommended="0" isCheap="0" isVip="0" showFlag="1" promotion="0" itemname="3级荣耀宝石"/>
	<item mallId="10059" itemId="2030604" initPrice="0" price="54" vipPrice="48" sellType="1" sortType="68" mallType="2" hot="0" recommended="0" isCheap="0" isVip="0" showFlag="1" promotion="0" itemname="4级荣耀宝石"/>
	<item mallId="10060" itemId="2030605" initPrice="0" price="164" vipPrice="164" sellType="1" sortType="69" mallType="2" hot="0" recommended="0" isCheap="0" isVip="0" showFlag="1" promotion="0" itemname="5级荣耀宝石"/>
	<item mallId="10061" itemId="2030606" initPrice="0" price="486" vipPrice="486" sellType="1" sortType="70" mallType="2" hot="0" recommended="0" isCheap="0" isVip="0" showFlag="1" promotion="0" itemname="6级荣耀宝石"/>
	<item mallId="10062" itemId="2030607" initPrice="0" price="1458" vipPrice="1458" sellType="1" sortType="71" mallType="2" hot="0" recommended="0" isCheap="0" isVip="0" showFlag="1" promotion="0" itemname="7级荣耀宝石"/>
	<item mallId="10063" itemId="2030608" initPrice="0" price="4374" vipPrice="4374" sellType="1" sortType="72" mallType="2" hot="0" recommended="0" isCheap="0" isVip="0" showFlag="1" promotion="0" itemname="8级荣耀宝石"/>
	<item mallId="10064" itemId="2030609" initPrice="0" price="13122" vipPrice="13122" sellType="1" sortType="73" mallType="2" hot="0" recommended="0" isCheap="0" isVip="0" showFlag="1" promotion="0" itemname="三相之力"/>
	<item mallId="10065" itemId="2030610" initPrice="0" price="39366" vipPrice="39366" sellType="1" sortType="74" mallType="2" hot="0" recommended="0" isCheap="0" isVip="0" showFlag="1" promotion="0" itemname="红龙精魄"/>
	<item mallId="10066" itemId="2030701" initPrice="0" price="2" vipPrice="2" sellType="1" sortType="75" mallType="2" hot="0" recommended="0" isCheap="0" isVip="0" showFlag="1" promotion="0" itemname="1级专注宝石"/>
	<item mallId="10067" itemId="2030702" initPrice="6" price="6" vipPrice="5" sellType="1" sortType="76" mallType="2" hot="0" recommended="0" isCheap="0" isVip="1" showFlag="0" promotion="1" itemname="2级专注宝石"/>
	<item mallId="10068" itemId="2030703" initPrice="0" price="18" vipPrice="18" sellType="1" sortType="77" mallType="2" hot="0" recommended="0" isCheap="0" isVip="0" showFlag="1" promotion="0" itemname="3级专注宝石"/>
	<item mallId="10069" itemId="2030704" initPrice="0" price="54" vipPrice="48" sellType="1" sortType="78" mallType="2" hot="0" recommended="0" isCheap="0" isVip="0" showFlag="1" promotion="0" itemname="4级专注宝石"/>
	<item mallId="10070" itemId="2030705" initPrice="0" price="164" vipPrice="164" sellType="1" sortType="79" mallType="2" hot="0" recommended="0" isCheap="0" isVip="0" showFlag="1" promotion="0" itemname="5级专注宝石"/>
	<item mallId="10071" itemId="2030706" initPrice="0" price="486" vipPrice="486" sellType="1" sortType="80" mallType="2" hot="0" recommended="0" isCheap="0" isVip="0" showFlag="1" promotion="0" itemname="6级专注宝石"/>
	<item mallId="10072" itemId="2030707" initPrice="0" price="1458" vipPrice="1458" sellType="1" sortType="81" mallType="2" hot="0" recommended="0" isCheap="0" isVip="0" showFlag="1" promotion="0" itemname="7级专注宝石"/>
	<item mallId="10073" itemId="2030708" initPrice="0" price="4374" vipPrice="4374" sellType="1" sortType="82" mallType="2" hot="0" recommended="0" isCheap="0" isVip="0" showFlag="1" promotion="0" itemname="8级专注宝石"/>
	<item mallId="10074" itemId="2030709" initPrice="0" price="13122" vipPrice="13122" sellType="1" sortType="83" mallType="2" hot="0" recommended="0" isCheap="0" isVip="0" showFlag="1" promotion="0" itemname="无尽幻影"/>
	<item mallId="10075" itemId="2030710" initPrice="0" price="39366" vipPrice="39366" sellType="1" sortType="84" mallType="2" hot="0" recommended="0" isCheap="0" isVip="0" showFlag="1" promotion="0" itemname="末日狂热"/>
	<item mallId="10077" itemId="2050117" initPrice="0" price="18" vipPrice="16" sellType="1" sortType="9" mallType="1" hot="0" recommended="0" isCheap="0" isVip="1" showFlag="0" promotion="0" itemname="大喇叭"/>
	<item mallId="10078" itemId="2010703" initPrice="0" price="198" vipPrice="178" sellType="1" sortType="91" mallType="1" hot="0" recommended="1" isCheap="0" isVip="1" showFlag="0" promotion="0" itemname="特级攻击药水"/>
	<item mallId="10079" itemId="2010706" initPrice="0" price="198" vipPrice="178" sellType="1" sortType="92" mallType="1" hot="0" recommended="0" isCheap="0" isVip="1" showFlag="0" promotion="0" itemname="特级防御药水"/>
	<item mallId="10080" itemId="2010709" initPrice="0" price="198" vipPrice="178" sellType="1" sortType="93" mallType="1" hot="0" recommended="0" isCheap="0" isVip="1" showFlag="0" promotion="0" itemname="特级暴击药水"/>
	<item mallId="10081" itemId="2010712" initPrice="0" price="198" vipPrice="178" sellType="1" sortType="94" mallType="1" hot="0" recommended="0" isCheap="0" isVip="1" showFlag="0" promotion="0" itemname="特级韧性药水"/>
	<item mallId="10082" itemId="2010715" initPrice="0" price="198" vipPrice="178" sellType="1" sortType="95" mallType="1" hot="0" recommended="0" isCheap="0" isVip="1" showFlag="0" promotion="0" itemname="特级必杀药水"/>
	<item mallId="10083" itemId="2010718" initPrice="0" price="198" vipPrice="178" sellType="1" sortType="96" mallType="1" hot="0" recommended="0" isCheap="0" isVip="1" showFlag="0" promotion="0" itemname="特级守护药水"/>
	<item mallId="10084" itemId="2010721" initPrice="0" price="198" vipPrice="178" sellType="1" sortType="97" mallType="1" hot="0" recommended="0" isCheap="0" isVip="1" showFlag="0" promotion="0" itemname="特级命中药水"/>
	<item mallId="10085" itemId="2010724" initPrice="0" price="198" vipPrice="178" sellType="1" sortType="98" mallType="1" hot="0" recommended="0" isCheap="0" isVip="1" showFlag="0" promotion="0" itemname="特级闪避药水"/>
	<item mallId="10087" itemId="2010301" initPrice="0" price="3" vipPrice="2" sellType="1" sortType="99" mallType="1" hot="1" recommended="0" isCheap="0" isVip="1" showFlag="1" promotion="0" itemname="一组生命秘药"/>
	<item mallId="10088" itemId="2010302" initPrice="0" price="9" vipPrice="8" sellType="1" sortType="100" mallType="1" hot="0" recommended="0" isCheap="0" isVip="1" showFlag="1" promotion="0" itemname="一包生命秘药"/>
	<item mallId="10089" itemId="2010303" initPrice="0" price="18" vipPrice="16" sellType="1" sortType="101" mallType="1" hot="0" recommended="1" isCheap="0" isVip="1" showFlag="1" promotion="0" itemname="一捆生命秘药"/>
	<item mallId="10091" itemId="2010401" initPrice="0" price="3" vipPrice="2" sellType="1" sortType="102" mallType="1" hot="0" recommended="0" isCheap="0" isVip="1" showFlag="1" promotion="0" itemname="一组魔力秘药"/>
	<item mallId="10092" itemId="2010402" initPrice="0" price="9" vipPrice="8" sellType="1" sortType="103" mallType="1" hot="0" recommended="0" isCheap="0" isVip="1" showFlag="1" promotion="0" itemname="一包魔力秘药"/>
	<item mallId="10093" itemId="2010403" initPrice="0" price="18" vipPrice="16" sellType="1" sortType="104" mallType="1" hot="0" recommended="1" isCheap="0" isVip="1" showFlag="1" promotion="0" itemname="一捆魔力秘药"/>
	<item mallId="10102" itemId="2050105" initPrice="0" price="288" vipPrice="288" sellType="1" sortType="4" mallType="1" hot="1" recommended="0" isCheap="0" isVip="1" showFlag="0" promotion="0" itemname="VIP月卡"/>
	<item mallId="10103" itemId="2050106" initPrice="0" price="788" vipPrice="788" sellType="1" sortType="5" mallType="1" hot="1" recommended="0" isCheap="0" isVip="1" showFlag="0" promotion="0" itemname="VIP季卡"/>
	<item mallId="10104" itemId="2050107" initPrice="0" price="1388" vipPrice="1388" sellType="1" sortType="6" mallType="1" hot="1" recommended="1" isCheap="0" isVip="1" showFlag="0" promotion="0" itemname="VIP半年卡"/>
	<item mallId="10105" itemId="2050101" initPrice="9" price="9" vipPrice="8" sellType="1" sortType="1" mallType="1" hot="0" recommended="1" isCheap="0" isVip="1" showFlag="0" promotion="0" itemname="复活币"/>
	<item mallId="10106" itemId="2050102" initPrice="48" price="48" vipPrice="43" sellType="1" sortType="97" mallType="1" hot="0" recommended="0" isCheap="0" isVip="1" showFlag="0" promotion="0" itemname="打孔钻"/>
	<item mallId="10107" itemId="2050103" initPrice="498" price="498" vipPrice="448" sellType="1" sortType="3" mallType="1" hot="0" recommended="0" isCheap="0" isVip="1" showFlag="0" promotion="0" itemname="遗忘河水"/>
	<item mallId="10108" itemId="2050144" initPrice="30" price="30" vipPrice="27" sellType="1" sortType="2" mallType="1" hot="0" recommended="1" isCheap="0" isVip="1" showFlag="0" promotion="0" itemname="战神号角"/>
	<item mallId="10109" itemId="2050173" initPrice="12" price="12" vipPrice="10" sellType="1" sortType="7" mallType="1" hot="0" recommended="1" isCheap="0" isVip="1" showFlag="0" promotion="0" itemname="洗炼石"/>
	<item mallId="10110" itemId="2050161" initPrice="500" price="500" vipPrice="450" sellType="1" sortType="8" mallType="1" hot="0" recommended="1" isCheap="0" isVip="1" showFlag="0" promotion="0" itemname="炎龙血"/>
	
</mall>
