<maps>	
	<map id="2010101" mapid="2010101" area="1" type="0" name="夕暮小镇" level="1" lastCopyId="0" initx="1452" inity="600"> 
		<passDoors>
			<passDoor id="100997" x="5369" y="1392" to="0" />
		</passDoors>
	</map>
	<map id="2020101" mapid="2020101" area="1" type="0" name="雷鸣港" level="15" lastCopyId="10093" initx="1946" inity="633"> 
		<passDoors>
			<passDoor id="1000301" x="3645" y="606" to="0" />
		</passDoors>
	</map>
	<map id="2030101" mapid="2030101" area="1" type="0" name="绝壁防线" level="40" lastCopyId="10333" initx="1626" inity="568"> 
		<passDoors>
			<passDoor id="1000301" x="3645" y="606" to="0" />
		</passDoors>
	</map>
	<map id="2040101" mapid="80002" area="1" type="0" name="世界BOSS" level="1" lastCopyId="0" initx="250" inity="460"> 
		<passDoors>
			<passDoor id="1000301" x="710" y="360" to="0" />
		</passDoors>
	</map>
	<map id="2050101" mapid="2050101" area="1" type="0" name="守护之城" level="60" lastCopyId="10533" initx="1260" inity="568"> 
		<passDoors>
			<passDoor id="1000301" x="3645" y="606" to="0" />
		</passDoors>
	</map>	
	<!--城战大营配置
	x/y无效，传送点所在位置配置在 npc.xml 中-->
	<map id="5020001" mapid="80011" area="1" type="0" name="攻方大营" level="1" lastCopyId="0" initx="750" inity="550"> 
		<passDoors>
			<passDoor id="1" x="0" y="0" to="502016" />
			<passDoor id="2" x="0" y="0" to="502026" />
			<passDoor id="3" x="0" y="0" to="502036" />
		</passDoors>
	</map>
	<map id="5020002" mapid="80011" area="1" type="0" name="守方大营" level="1" lastCopyId="0" initx="1100" inity="550"> 
		<passDoors>
			<passDoor id="1" x="0" y="0" to="502011" />
			<passDoor id="2" x="0" y="0" to="502021" />
			<passDoor id="3" x="0" y="0" to="502031" />
		</passDoors>
	</map>	
</maps>	