<metallurgies><!--玩家每次炼金-->
    <times><!--VIP等级对应的炼金次数-->
		<vip lv="0" time="20"/>
		<vip lv="1" time="30"/> 
        <vip lv="2" time="40"/> 
    	<vip lv="3" time="60"/> 
    	<vip lv="4" time="80"/> 
    	<vip lv="5" time="100"/> 
        <vip lv="6" time="150"/> 
    	<vip lv="7" time="200"/> 
    	<vip lv="8" time="250"/> 
        <vip lv="9" time="300"/> 
        <vip lv="10" time="400"/> 
        <vip lv="11" time="500"/> 
	</times>
    <spendgold><!--炼金次数区间对应的消耗礼券数量--> 
	    <metallurgies minTimes="1" maxTimes="2" bindgold="0"/><!--免费次数-->
		<metallurgies minTimes="3" maxTimes="10" bindgold="2"/><!--2是一个系数，真正消耗的是次数*2-->
	    <metallurgies minTimes="11" maxTimes="40" bindgold="20"/>	
	    <metallurgies minTimes="41" maxTimes="100" bindgold="30"/>	
	    <metallurgies minTimes="101" maxTimes="300" bindgold="50"/>	
		<metallurgies minTimes="301" maxTimes="500" bindgold="100"/>
		<metallurgies minTimes="501" maxTimes="1000" bindgold="200"/>
	</spendgold>	
	<addmoney><!--玩家等级区间对应的金币,13级开启炼金-->
		<player minLevel="13" maxLevel="20" money="11000"/>
		<player minLevel="21" maxLevel="30" money="22000"/>
		<player minLevel="31" maxLevel="40" money="42000"/>
		<player minLevel="41" maxLevel="50" money="68000"/>
		<player minLevel="51" maxLevel="60" money="105000"/>
		<player minLevel="61" maxLevel="70" money="120000"/>
		<player minLevel="71" maxLevel="80" money="150000"/>
		<player minLevel="81" maxLevel="90" money="170000"/>
		<player minLevel="91" maxLevel="100" money="200000"/>
	</addmoney>		
</metallurgies>
