<?xml version="1.0" encoding="utf-8"?>
<Triggers>
	<Trigger id="101" next="0" stop="0" cd="3000" num="-1" condition="[{'type':1001,'warnRange':1}]" action="{'type':2001,'param':{'skillId':20101,'level':1}}"/>
	<Trigger id="102" next="0" stop="0" cd="2500" num="-1" condition="[{'type':1001,'warnRange':1}]" action="{'type':2001,'param':{'skillId':20101,'level':2}}"/>
	<Trigger id="103" next="0" stop="0" cd="1500" num="-1" condition="[{'type':1001,'warnRange':1}]" action="{'type':2001,'param':{'skillId':20101,'level':3}}"/>
	<Trigger id="104" next="0" stop="0" cd="10000" num="-1" condition="[{'type':1001,'warnRange':1}]" action="{'type':2001,'param':{'skillId':20102,'level':1}}"/>
	<Trigger id="105" next="0" stop="0" cd="8000" num="-1" condition="[{'type':1001,'warnRange':1}]" action="{'type':2001,'param':{'skillId':20102,'level':2}}"/>
	<Trigger id="106" next="0" stop="0" cd="7000" num="-1" condition="[{'type':1001,'warnRange':1}]" action="{'type':2001,'param':{'skillId':20102,'level':3}}"/>
	<Trigger id="107" next="0" stop="0" cd="3000" num="-1" condition="[{'type':1001,'warnRange':1}]" action="{'type':2001,'param':{'skillId':20105,'level':1}}"/>
	<Trigger id="108" next="0" stop="0" cd="2500" num="-1" condition="[{'type':1001,'warnRange':1}]" action="{'type':2001,'param':{'skillId':20105,'level':2}}"/>
	<Trigger id="109" next="0" stop="0" cd="1500" num="-1" condition="[{'type':1001,'warnRange':1}]" action="{'type':2001,'param':{'skillId':20105,'level':3}}"/>
	<Trigger id="110" next="0" stop="0" cd="3000" num="-1" condition="[{'type':1001,'warnRange':1}]" action="{'type':2001,'param':{'skillId':20106,'level':1}}"/>
	<Trigger id="111" next="0" stop="0" cd="2500" num="-1" condition="[{'type':1001,'warnRange':1}]" action="{'type':2001,'param':{'skillId':20106,'level':2}}"/>
	<Trigger id="112" next="0" stop="0" cd="2000" num="-1" condition="[{'type':1001,'warnRange':1}]" action="{'type':2001,'param':{'skillId':20106,'level':3}}"/>
	<Trigger id="113" next="0" stop="0" cd="10000" num="-1" condition="[{'type':1001,'warnRange':1}]" action="{'type':2001,'param':{'skillId':20302,'level':1}}"/>
	<Trigger id="114" next="0" stop="0" cd="10000" num="-1" condition="[{'type':1001,'warnRange':1}]" action="{'type':2001,'param':{'skillId':20302,'level':1}}"/>
	<Trigger id="115" next="0" stop="0" cd="20000" num="-1" condition="[{'type':1001,'warnRange':1}]" action="{'type':2001,'param':{'skillId':20801,'level':1}}"/>
	<Trigger id="116" next="0" stop="0" cd="20000" num="-1" condition="[{'type':1002,'keepDistance':100}]" action="{'type':2001,'param':{'skillId':20901,'level':1}}"/>
	<Trigger id="117" next="0" stop="0" cd="3500" num="-1" condition="[{'type':1001,'warnRange':1}]" action="{'type':2001,'param':{'skillId':20902,'level':1}}"/>
	<Trigger id="118" next="0" stop="0" cd="15000" num="-1" condition="[{'type':1001,'warnRange':1}]" action="{'type':2001,'param':{'skillId':21101,'level':1}}"/>
	<Trigger id="119" next="0" stop="0" cd="20000" num="-1" condition="[{'type':1001,'warnRange':1}]" action="{'type':2001,'param':{'skillId':21102,'level':1}}"/>
	<Trigger id="120" next="0" stop="0" cd="20000" num="-1" condition="[{'type':1002,'keepDistance':100}]" action="{'type':2001,'param':{'skillId':21201,'level':1}}"/>
	<Trigger id="121" next="0" stop="0" cd="15000" num="-1" condition="[{'type':1001,'warnRange':1}]" action="{'type':2001,'param':{'skillId':21301,'level':1}}"/>
	<Trigger id="122" next="0" stop="0" cd="10000" num="-1" condition="[{'type':1001,'warnRange':1}]" action="{'type':2001,'param':{'skillId':21401,'level':1}}"/>
	<Trigger id="123" next="0" stop="0" cd="10000" num="-1" condition="[{'type':1001,'warnRange':1}]" action="{'type':2001,'param':{'skillId':21501,'level':1}}"/>
	<Trigger id="124" next="0" stop="0" cd="10000" num="-1" condition="[{'type':1001,'warnRange':1}]" action="{'type':2001,'param':{'skillId':21502,'level':1}}"/>
	<Trigger id="125" next="0" stop="0" cd="15000" num="-1" condition="[{'type':1001,'warnRange':1}]" action="{'type':2001,'param':{'skillId':21601,'level':1}}"/>
	<Trigger id="126" next="0" stop="0" cd="15000" num="-1" condition="[{'type':1001,'warnRange':1}]" action="{'type':2001,'param':{'skillId':21701,'level':1}}"/>
	<Trigger id="127" next="0" stop="0" cd="10000" num="-1" condition="[{'type':1001,'warnRange':1}]" action="{'type':2001,'param':{'skillId':21801,'level':1}}"/>
	<Trigger id="128" next="0" stop="0" cd="20000" num="-1" condition="[{'type':1001,'warnRange':1}]" action="{'type':2001,'param':{'skillId':21901,'level':1}}"/>
	<Trigger id="129" next="0" stop="0" cd="20000" num="-1" condition="[{'type':1001,'warnRange':1}]" action="{'type':2001,'param':{'skillId':22001,'level':1}}"/>
	<Trigger id="130" next="0" stop="0" cd="12000" num="-1" condition="[{'type':1001,'warnRange':1}]" action="{'type':2001,'param':{'skillId':22002,'level':1}}"/>
	<Trigger id="131" next="0" stop="0" cd="15000" num="-1" condition="[{'type':1001,'warnRange':1}]" action="{'type':2001,'param':{'skillId':22002,'level':2}}"/>
	<Trigger id="132" next="0" stop="0" cd="30000" num="-1" condition="[{'type':1001,'warnRange':1}]" action="{'type':2001,'param':{'skillId':22002,'level':3}}"/>
	<Trigger id="133" next="0" stop="0" cd="20000" num="-1" condition="[{'type':1001,'warnRange':1}]" action="{'type':2001,'param':{'skillId':22002,'level':4}}"/>
	<Trigger id="134" next="0" stop="0" cd="15000" num="-1" condition="[{'type':1001,'warnRange':1}]" action="{'type':2001,'param':{'skillId':22301,'level':1}}"/>
	<Trigger id="135" next="0" stop="0" cd="5000" num="-1" condition="[{'type':1001,'warnRange':1}]" action="{'type':2001,'param':{'skillId':22502,'level':1}}"/>
	<Trigger id="136" next="0" stop="0" cd="10000" num="-1" condition="[{'type':1002,'keepDistance':100}]" action="{'type':2001,'param':{'skillId':22601,'level':1}}"/>
	<Trigger id="137" next="0" stop="0" cd="15000" num="-1" condition="[{'type':1001,'warnRange':1}]" action="{'type':2001,'param':{'skillId':20103,'level':3}}"/>
	<Trigger id="138" next="0" stop="0" cd="10000" num="-1" condition="[{'type':1001,'warnRange':1}]" action="{'type':2001,'param':{'skillId':20104,'level':1}}"/>
	<Trigger id="139" next="0" stop="0" cd="10000" num="-1" condition="[{'type':1001,'warnRange':1}]" action="{'type':2001,'param':{'skillId':20104,'level':2}}"/>
	<Trigger id="140" next="0" stop="0" cd="10000" num="-1" condition="[{'type':1001,'warnRange':1}]" action="{'type':2001,'param':{'skillId':20104,'level':3}}"/>
	<Trigger id="141" next="0" stop="0" cd="20000" num="-1" condition="[{'type':1001,'warnRange':1}]" action="{'type':2001,'param':{'skillId':22701,'level':1}}"/>
	<Trigger id="142" next="0" stop="0" cd="10000" num="-1" condition="[{'type':1001,'warnRange':1}]" action="{'type':2001,'param':{'skillId':22501,'level':1}}"/>
	<Trigger id="143" next="0" stop="0" cd="3000" num="-1" condition="[{'type':1001,'warnRange':1}]" action="{'type':2001,'param':{'skillId':22902,'level':1}}"/>
	<Trigger id="144" next="0" stop="0" cd="3000" num="-1" condition="[{'type':1001,'warnRange':1}]" action="{'type':2001,'param':{'skillId':22902,'level':2}}"/>
	<Trigger id="145" next="0" stop="0" cd="3000" num="-1" condition="[{'type':1001,'warnRange':1}]" action="{'type':2001,'param':{'skillId':22902,'level':3}}"/>
	<Trigger id="146" next="0" stop="0" cd="0" num="-1" condition="[{'type':1008,'waitTime':20000}]" action="{'type':2003,'param':{'skillId':22904,'level':1,'staticHurtPer':50}}"/>
	<Trigger id="147" next="0" stop="0" cd="0" num="-1" condition="[{'type':1008,'waitTime':11000}]" action="{'type':2003,'param':{'skillId':22905,'level':1,'staticHurtPer':25}}"/>
	<Trigger id="148" next="0" stop="0" cd="0" num="-1" condition="[{'type':1008,'waitTime':7000}]" action="{'type':2003,'param':{'skillId':22906,'level':1,'staticHurtPer':9}}"/>
	<Trigger id="149" next="0" stop="0" cd="4000" num="-1" condition="[{'type':1001,'warnRange':1}]" action="{'type':2001,'param':{'skillId':22910,'level':1}}"/>
	<Trigger id="501" next="0" stop="0" cd="0" num="-1" condition="[{'type':1001,'warnRange':1}]" action="{'type':2001,'param':{'skillId':10101,'level':1}}"/>
	<Trigger id="502" next="0" stop="0" cd="8000" num="-1" condition="[{'type':1001,'warnRange':1}]" action="{'type':2001,'param':{'skillId':10102,'level':1}}"/>
	<Trigger id="503" next="0" stop="0" cd="10000" num="-1" condition="[{'type':1001,'warnRange':1}]" action="{'type':2001,'param':{'skillId':10103,'level':1}}"/>
	<Trigger id="504" next="0" stop="0" cd="10000" num="-1" condition="[{'type':1001,'warnRange':1}]" action="{'type':2001,'param':{'skillId':10104,'level':1}}"/>
	<Trigger id="505" next="0" stop="0" cd="10000" num="-1" condition="[{'type':1001,'warnRange':1}]" action="{'type':2001,'param':{'skillId':10105,'level':1}}"/>
	<Trigger id="506" next="0" stop="0" cd="15000" num="-1" condition="[{'type':1001,'warnRange':1}]" action="{'type':2001,'param':{'skillId':10106,'level':1}}"/>
	<Trigger id="507" next="0" stop="0" cd="0" num="-1" condition="[{'type':1001,'warnRange':1}]" action="{'type':2001,'param':{'skillId':10201,'level':1}}"/>
	<Trigger id="508" next="0" stop="0" cd="8000" num="-1" condition="[{'type':1001,'warnRange':1}]" action="{'type':2001,'param':{'skillId':10202,'level':1}}"/>
	<Trigger id="509" next="0" stop="0" cd="10000" num="-1" condition="[{'type':1001,'warnRange':1}]" action="{'type':2001,'param':{'skillId':10203,'level':1}}"/>
	<Trigger id="510" next="0" stop="0" cd="15000" num="-1" condition="[{'type':1001,'warnRange':1}]" action="{'type':2001,'param':{'skillId':10204,'level':1}}"/>
	<Trigger id="511" next="0" stop="0" cd="12000" num="-1" condition="[{'type':1001,'warnRange':1}]" action="{'type':2001,'param':{'skillId':10205,'level':1}}"/>
	<Trigger id="512" next="0" stop="0" cd="15000" num="-1" condition="[{'type':1001,'warnRange':1}]" action="{'type':2001,'param':{'skillId':10206,'level':1}}"/>
	<Trigger id="513" next="0" stop="0" cd="0" num="-1" condition="[{'type':1001,'warnRange':1}]" action="{'type':2001,'param':{'skillId':10301,'level':1}}"/>
	<Trigger id="514" next="0" stop="0" cd="8000" num="-1" condition="[{'type':1001,'warnRange':1}]" action="{'type':2001,'param':{'skillId':10302,'level':1}}"/>
	<Trigger id="515" next="0" stop="0" cd="10000" num="-1" condition="[{'type':1001,'warnRange':1}]" action="{'type':2001,'param':{'skillId':10303,'level':1}}"/>
	<Trigger id="516" next="0" stop="0" cd="15000" num="-1" condition="[{'type':1001,'warnRange':1}]" action="{'type':2001,'param':{'skillId':10304,'level':1}}"/>
	<Trigger id="517" next="0" stop="0" cd="12000" num="-1" condition="[{'type':1001,'warnRange':1}]" action="{'type':2001,'param':{'skillId':10305,'level':1}}"/>
	<Trigger id="518" next="0" stop="0" cd="15000" num="-1" condition="[{'type':1001,'warnRange':1}]" action="{'type':2001,'param':{'skillId':10306,'level':1}}"/>
	
</Triggers>
