<?xml version="1.0" encoding="utf-8"?>
<BaseMonsters>
	<BaseMonster id="10001" name="正常属性" hpRate="100" physicalAttackRate="100" physicalDefenceRate="100" magicAttackRate="100" magicDefenceRate="100" criticalAddRate="100" tenacityAddRate="100" hitAddRate="100" avoidAddRate="100" penetrateAddRate="100" stemAddRate="100"/>
	<BaseMonster id="10002" name="正常血量加成" hpRate="110" physicalAttackRate="90" physicalDefenceRate="100" magicAttackRate="90" magicDefenceRate="100" criticalAddRate="100" tenacityAddRate="100" hitAddRate="100" avoidAddRate="100" penetrateAddRate="100" stemAddRate="100"/>
	<BaseMonster id="10003" name="正常物理攻击加成" hpRate="100" physicalAttackRate="110" physicalDefenceRate="90" magicAttackRate="100" magicDefenceRate="90" criticalAddRate="100" tenacityAddRate="100" hitAddRate="100" avoidAddRate="100" penetrateAddRate="100" stemAddRate="100"/>
	<BaseMonster id="10004" name="正常物理防御加成" hpRate="100" physicalAttackRate="90" physicalDefenceRate="110" magicAttackRate="90" magicDefenceRate="90" criticalAddRate="100" tenacityAddRate="100" hitAddRate="100" avoidAddRate="100" penetrateAddRate="100" stemAddRate="100"/>
	<BaseMonster id="10005" name="正常魔法攻击加成" hpRate="100" physicalAttackRate="100" physicalDefenceRate="90" magicAttackRate="110" magicDefenceRate="90" criticalAddRate="100" tenacityAddRate="100" hitAddRate="100" avoidAddRate="100" penetrateAddRate="100" stemAddRate="100"/>
	<BaseMonster id="10006" name="正常魔法防御加成" hpRate="100" physicalAttackRate="90" physicalDefenceRate="90" magicAttackRate="90" magicDefenceRate="110" criticalAddRate="100" tenacityAddRate="100" hitAddRate="100" avoidAddRate="100" penetrateAddRate="100" stemAddRate="100"/>
	<BaseMonster id="10007" name="正常暴击加成" hpRate="90" physicalAttackRate="100" physicalDefenceRate="100" magicAttackRate="100" magicDefenceRate="100" criticalAddRate="110" tenacityAddRate="80" hitAddRate="100" avoidAddRate="100" penetrateAddRate="100" stemAddRate="100"/>
	<BaseMonster id="10008" name="正常韧性加成" hpRate="100" physicalAttackRate="100" physicalDefenceRate="100" magicAttackRate="100" magicDefenceRate="100" criticalAddRate="90" tenacityAddRate="110" hitAddRate="100" avoidAddRate="100" penetrateAddRate="100" stemAddRate="100"/>
	<BaseMonster id="10009" name="正常命中加成" hpRate="100" physicalAttackRate="100" physicalDefenceRate="100" magicAttackRate="100" magicDefenceRate="100" criticalAddRate="100" tenacityAddRate="100" hitAddRate="110" avoidAddRate="100" penetrateAddRate="100" stemAddRate="100"/>
	<BaseMonster id="10010" name="正常闪避加成" hpRate="90" physicalAttackRate="100" physicalDefenceRate="100" magicAttackRate="100" magicDefenceRate="100" criticalAddRate="100" tenacityAddRate="100" hitAddRate="100" avoidAddRate="110" penetrateAddRate="100" stemAddRate="100"/>
	<BaseMonster id="10011" name="正常必杀加成" hpRate="90" physicalAttackRate="100" physicalDefenceRate="100" magicAttackRate="100" magicDefenceRate="100" criticalAddRate="100" tenacityAddRate="90" hitAddRate="100" avoidAddRate="100" penetrateAddRate="110" stemAddRate="100"/>
	<BaseMonster id="10012" name="正常守护加成" hpRate="100" physicalAttackRate="100" physicalDefenceRate="100" magicAttackRate="100" magicDefenceRate="100" criticalAddRate="100" tenacityAddRate="100" hitAddRate="100" avoidAddRate="100" penetrateAddRate="100" stemAddRate="110"/>
	<BaseMonster id="10013" name="正常血量攻击加成" hpRate="110" physicalAttackRate="110" physicalDefenceRate="90" magicAttackRate="100" magicDefenceRate="90" criticalAddRate="100" tenacityAddRate="100" hitAddRate="100" avoidAddRate="100" penetrateAddRate="100" stemAddRate="100"/>
	<BaseMonster id="10014" name="正常血量物防加成" hpRate="110" physicalAttackRate="90" physicalDefenceRate="110" magicAttackRate="90" magicDefenceRate="90" criticalAddRate="100" tenacityAddRate="100" hitAddRate="100" avoidAddRate="100" penetrateAddRate="100" stemAddRate="100"/>
	<BaseMonster id="10015" name="正常血量魔防加成" hpRate="110" physicalAttackRate="90" physicalDefenceRate="90" magicAttackRate="90" magicDefenceRate="110" criticalAddRate="100" tenacityAddRate="100" hitAddRate="100" avoidAddRate="100" penetrateAddRate="100" stemAddRate="100"/>
	<BaseMonster id="10016" name="正常刺客型加成" hpRate="90" physicalAttackRate="110" physicalDefenceRate="80" magicAttackRate="110" magicDefenceRate="80" criticalAddRate="110" tenacityAddRate="80" hitAddRate="100" avoidAddRate="100" penetrateAddRate="110" stemAddRate="110"/>
	<BaseMonster id="11001" name="正常BOSS血量加成" hpRate="110" physicalAttackRate="100" physicalDefenceRate="100" magicAttackRate="100" magicDefenceRate="100" criticalAddRate="100" tenacityAddRate="100" hitAddRate="100" avoidAddRate="100" penetrateAddRate="100" stemAddRate="100"/>
	<BaseMonster id="11002" name="正常BOSS物理攻击加成" hpRate="100" physicalAttackRate="110" physicalDefenceRate="100" magicAttackRate="100" magicDefenceRate="100" criticalAddRate="100" tenacityAddRate="100" hitAddRate="100" avoidAddRate="100" penetrateAddRate="100" stemAddRate="100"/>
	<BaseMonster id="11003" name="正常BOSS物理防御加成" hpRate="100" physicalAttackRate="100" physicalDefenceRate="110" magicAttackRate="100" magicDefenceRate="100" criticalAddRate="100" tenacityAddRate="100" hitAddRate="100" avoidAddRate="100" penetrateAddRate="100" stemAddRate="100"/>
	<BaseMonster id="11004" name="正常BOSS魔法攻击加成" hpRate="100" physicalAttackRate="100" physicalDefenceRate="100" magicAttackRate="110" magicDefenceRate="100" criticalAddRate="100" tenacityAddRate="100" hitAddRate="100" avoidAddRate="100" penetrateAddRate="100" stemAddRate="100"/>
	<BaseMonster id="11005" name="正常BOSS魔法防御加成" hpRate="100" physicalAttackRate="100" physicalDefenceRate="100" magicAttackRate="100" magicDefenceRate="110" criticalAddRate="100" tenacityAddRate="100" hitAddRate="100" avoidAddRate="100" penetrateAddRate="100" stemAddRate="100"/>
	<BaseMonster id="11006" name="正常BOSS血量攻击加成" hpRate="100" physicalAttackRate="110" physicalDefenceRate="100" magicAttackRate="110" magicDefenceRate="100" criticalAddRate="100" tenacityAddRate="100" hitAddRate="100" avoidAddRate="100" penetrateAddRate="100" stemAddRate="100"/>
	<BaseMonster id="11007" name="正常BOSS血量物防加成" hpRate="110" physicalAttackRate="100" physicalDefenceRate="110" magicAttackRate="100" magicDefenceRate="100" criticalAddRate="100" tenacityAddRate="100" hitAddRate="100" avoidAddRate="100" penetrateAddRate="100" stemAddRate="100"/>
	<BaseMonster id="11008" name="正常BOSS血量魔防加成" hpRate="110" physicalAttackRate="100" physicalDefenceRate="100" magicAttackRate="100" magicDefenceRate="110" criticalAddRate="100" tenacityAddRate="100" hitAddRate="100" avoidAddRate="100" penetrateAddRate="100" stemAddRate="100"/>
	<BaseMonster id="11009" name="正常BOSS全属性加成" hpRate="110" physicalAttackRate="110" physicalDefenceRate="110" magicAttackRate="110" magicDefenceRate="110" criticalAddRate="110" tenacityAddRate="110" hitAddRate="110" avoidAddRate="110" penetrateAddRate="110" stemAddRate="110"/>
	<BaseMonster id="11010" name="前期怪物定制" hpRate="80" physicalAttackRate="20" physicalDefenceRate="80" magicAttackRate="20" magicDefenceRate="80" criticalAddRate="20" tenacityAddRate="20" hitAddRate="20" avoidAddRate="20" penetrateAddRate="20" stemAddRate="20"/>
	<BaseMonster id="11011" name="前期BOSS怪物定制" hpRate="100" physicalAttackRate="20" physicalDefenceRate="80" magicAttackRate="20" magicDefenceRate="80" criticalAddRate="20" tenacityAddRate="20" hitAddRate="20" avoidAddRate="20" penetrateAddRate="20" stemAddRate="20"/>
	<BaseMonster id="11012" name="弱爆了的怪" hpRate="30" physicalAttackRate="10" physicalDefenceRate="40" magicAttackRate="10" magicDefenceRate="40" criticalAddRate="0" tenacityAddRate="0" hitAddRate="20" avoidAddRate="20" penetrateAddRate="20" stemAddRate="20"/>
	<BaseMonster id="11013" name="开始的时候的剧情怪物" hpRate="40" physicalAttackRate="1" physicalDefenceRate="10" magicAttackRate="1" magicDefenceRate="30" criticalAddRate="1" tenacityAddRate="1" hitAddRate="100" avoidAddRate="1" penetrateAddRate="1" stemAddRate="1"/>
	<BaseMonster id="11014" name="精英闪避加成" hpRate="100" physicalAttackRate="110" physicalDefenceRate="100" magicAttackRate="100" magicDefenceRate="100" criticalAddRate="100" tenacityAddRate="100" hitAddRate="100" avoidAddRate="130" penetrateAddRate="100" stemAddRate="100"/>
	<BaseMonster id="11015" name="精英必杀加成" hpRate="100" physicalAttackRate="110" physicalDefenceRate="100" magicAttackRate="100" magicDefenceRate="100" criticalAddRate="100" tenacityAddRate="100" hitAddRate="100" avoidAddRate="100" penetrateAddRate="130" stemAddRate="100"/>
	<BaseMonster id="11016" name="精英守护加成" hpRate="100" physicalAttackRate="100" physicalDefenceRate="100" magicAttackRate="100" magicDefenceRate="100" criticalAddRate="100" tenacityAddRate="100" hitAddRate="100" avoidAddRate="100" penetrateAddRate="100" stemAddRate="130"/>
	<BaseMonster id="11017" name="精英血量攻击加成" hpRate="150" physicalAttackRate="110" physicalDefenceRate="100" magicAttackRate="100" magicDefenceRate="100" criticalAddRate="100" tenacityAddRate="100" hitAddRate="100" avoidAddRate="100" penetrateAddRate="100" stemAddRate="100"/>
	<BaseMonster id="11018" name="精英血量物防加成" hpRate="150" physicalAttackRate="100" physicalDefenceRate="130" magicAttackRate="100" magicDefenceRate="100" criticalAddRate="100" tenacityAddRate="110" hitAddRate="100" avoidAddRate="100" penetrateAddRate="100" stemAddRate="110"/>
	<BaseMonster id="11019" name="精英血量魔防加成" hpRate="150" physicalAttackRate="100" physicalDefenceRate="100" magicAttackRate="100" magicDefenceRate="150" criticalAddRate="100" tenacityAddRate="110" hitAddRate="100" avoidAddRate="100" penetrateAddRate="100" stemAddRate="110"/>
	<BaseMonster id="11020" name="精英刺客型加成" hpRate="100" physicalAttackRate="130" physicalDefenceRate="100" magicAttackRate="130" magicDefenceRate="100" criticalAddRate="130" tenacityAddRate="100" hitAddRate="100" avoidAddRate="100" penetrateAddRate="130" stemAddRate="100"/>
	<BaseMonster id="11021" name="精英BOSS血量加成" hpRate="200" physicalAttackRate="110" physicalDefenceRate="110" magicAttackRate="110" magicDefenceRate="110" criticalAddRate="100" tenacityAddRate="100" hitAddRate="100" avoidAddRate="100" penetrateAddRate="100" stemAddRate="100"/>
	<BaseMonster id="11022" name="精英BOSS物理攻击加成" hpRate="150" physicalAttackRate="200" physicalDefenceRate="100" magicAttackRate="100" magicDefenceRate="100" criticalAddRate="100" tenacityAddRate="100" hitAddRate="100" avoidAddRate="100" penetrateAddRate="100" stemAddRate="100"/>
	<BaseMonster id="11023" name="精英BOSS物理防御加成" hpRate="150" physicalAttackRate="200" physicalDefenceRate="110" magicAttackRate="100" magicDefenceRate="100" criticalAddRate="100" tenacityAddRate="100" hitAddRate="100" avoidAddRate="100" penetrateAddRate="100" stemAddRate="100"/>
	<BaseMonster id="11024" name="精英BOSS魔法攻击加成" hpRate="150" physicalAttackRate="100" physicalDefenceRate="100" magicAttackRate="200" magicDefenceRate="100" criticalAddRate="100" tenacityAddRate="100" hitAddRate="100" avoidAddRate="100" penetrateAddRate="100" stemAddRate="100"/>
	<BaseMonster id="11025" name="精英BOSS魔法防御加成" hpRate="150" physicalAttackRate="100" physicalDefenceRate="100" magicAttackRate="100" magicDefenceRate="200" criticalAddRate="100" tenacityAddRate="100" hitAddRate="100" avoidAddRate="100" penetrateAddRate="100" stemAddRate="100"/>
	<BaseMonster id="11026" name="精英BOSS血量攻击加成" hpRate="200" physicalAttackRate="200" physicalDefenceRate="100" magicAttackRate="110" magicDefenceRate="100" criticalAddRate="100" tenacityAddRate="100" hitAddRate="100" avoidAddRate="100" penetrateAddRate="100" stemAddRate="100"/>
	<BaseMonster id="11027" name="精英BOSS血量物防加成" hpRate="200" physicalAttackRate="100" physicalDefenceRate="200" magicAttackRate="100" magicDefenceRate="100" criticalAddRate="100" tenacityAddRate="100" hitAddRate="100" avoidAddRate="100" penetrateAddRate="100" stemAddRate="100"/>
	<BaseMonster id="11028" name="精英BOSS血量魔防加成" hpRate="200" physicalAttackRate="100" physicalDefenceRate="100" magicAttackRate="100" magicDefenceRate="200" criticalAddRate="100" tenacityAddRate="100" hitAddRate="100" avoidAddRate="100" penetrateAddRate="100" stemAddRate="100"/>
	<BaseMonster id="11029" name="精英BOSS全属性加成" hpRate="200" physicalAttackRate="200" physicalDefenceRate="200" magicAttackRate="200" magicDefenceRate="200" criticalAddRate="100" tenacityAddRate="200" hitAddRate="200" avoidAddRate="100" penetrateAddRate="150" stemAddRate="200"/>
	<BaseMonster id="11030" name="试练之地（Lv20-30）" hpRate="150" physicalAttackRate="120" physicalDefenceRate="100" magicAttackRate="120" magicDefenceRate="100" criticalAddRate="120" tenacityAddRate="100" hitAddRate="100" avoidAddRate="100" penetrateAddRate="100" stemAddRate="100"/>
	<BaseMonster id="11031" name="试练之地（Lv40）" hpRate="170" physicalAttackRate="140" physicalDefenceRate="120" magicAttackRate="140" magicDefenceRate="120" criticalAddRate="120" tenacityAddRate="100" hitAddRate="100" avoidAddRate="105" penetrateAddRate="100" stemAddRate="100"/>
	<BaseMonster id="11032" name="试练之地（Lv50）" hpRate="190" physicalAttackRate="140" physicalDefenceRate="120" magicAttackRate="140" magicDefenceRate="120" criticalAddRate="120" tenacityAddRate="100" hitAddRate="100" avoidAddRate="105" penetrateAddRate="100" stemAddRate="100"/>
	<BaseMonster id="11033" name="试练之地（Lv60）" hpRate="250" physicalAttackRate="200" physicalDefenceRate="150" magicAttackRate="200" magicDefenceRate="150" criticalAddRate="120" tenacityAddRate="100" hitAddRate="100" avoidAddRate="110" penetrateAddRate="100" stemAddRate="100"/>
	<BaseMonster id="11100" name="城战塔的加成" hpRate="3000" physicalAttackRate="150" physicalDefenceRate="120" magicAttackRate="150" magicDefenceRate="120" criticalAddRate="100" tenacityAddRate="100" hitAddRate="150" avoidAddRate="100" penetrateAddRate="100" stemAddRate="100"/>
	<BaseMonster id="15001" name="普通怪10%攻击处理" hpRate="80" physicalAttackRate="10" physicalDefenceRate="100" magicAttackRate="10" magicDefenceRate="100" criticalAddRate="100" tenacityAddRate="100" hitAddRate="100" avoidAddRate="100" penetrateAddRate="100" stemAddRate="100"/>
	<BaseMonster id="15002" name="普通怪20%攻击处理" hpRate="80" physicalAttackRate="20" physicalDefenceRate="100" magicAttackRate="20" magicDefenceRate="100" criticalAddRate="100" tenacityAddRate="100" hitAddRate="100" avoidAddRate="100" penetrateAddRate="100" stemAddRate="100"/>
	<BaseMonster id="15003" name="普通怪30%攻击处理" hpRate="85" physicalAttackRate="30" physicalDefenceRate="100" magicAttackRate="30" magicDefenceRate="100" criticalAddRate="100" tenacityAddRate="100" hitAddRate="100" avoidAddRate="100" penetrateAddRate="100" stemAddRate="100"/>
	<BaseMonster id="15004" name="普通怪40%攻击处理" hpRate="100" physicalAttackRate="40" physicalDefenceRate="100" magicAttackRate="40" magicDefenceRate="100" criticalAddRate="100" tenacityAddRate="100" hitAddRate="100" avoidAddRate="100" penetrateAddRate="100" stemAddRate="100"/>
	<BaseMonster id="15005" name="普通怪50%攻击处理" hpRate="100" physicalAttackRate="50" physicalDefenceRate="100" magicAttackRate="50" magicDefenceRate="100" criticalAddRate="100" tenacityAddRate="100" hitAddRate="100" avoidAddRate="100" penetrateAddRate="100" stemAddRate="100"/>
	<BaseMonster id="15006" name="普通怪60%攻击处理" hpRate="100" physicalAttackRate="60" physicalDefenceRate="100" magicAttackRate="60" magicDefenceRate="100" criticalAddRate="100" tenacityAddRate="100" hitAddRate="100" avoidAddRate="100" penetrateAddRate="100" stemAddRate="100"/>
	<BaseMonster id="15007" name="普通怪70%攻击处理" hpRate="100" physicalAttackRate="70" physicalDefenceRate="100" magicAttackRate="70" magicDefenceRate="100" criticalAddRate="100" tenacityAddRate="100" hitAddRate="100" avoidAddRate="100" penetrateAddRate="100" stemAddRate="100"/>
	<BaseMonster id="15008" name="普通怪80%攻击处理" hpRate="100" physicalAttackRate="80" physicalDefenceRate="100" magicAttackRate="80" magicDefenceRate="100" criticalAddRate="100" tenacityAddRate="100" hitAddRate="100" avoidAddRate="100" penetrateAddRate="100" stemAddRate="100"/>
	<BaseMonster id="15009" name="普通怪90%攻击处理" hpRate="100" physicalAttackRate="90" physicalDefenceRate="100" magicAttackRate="90" magicDefenceRate="100" criticalAddRate="100" tenacityAddRate="100" hitAddRate="100" avoidAddRate="100" penetrateAddRate="100" stemAddRate="100"/>
	<BaseMonster id="15010" name="普通怪100%攻击处理" hpRate="100" physicalAttackRate="100" physicalDefenceRate="100" magicAttackRate="100" magicDefenceRate="100" criticalAddRate="100" tenacityAddRate="100" hitAddRate="100" avoidAddRate="100" penetrateAddRate="100" stemAddRate="100"/>
	<BaseMonster id="15011" name="BOSS怪10%攻击处理" hpRate="100" physicalAttackRate="10" physicalDefenceRate="100" magicAttackRate="10" magicDefenceRate="100" criticalAddRate="100" tenacityAddRate="100" hitAddRate="100" avoidAddRate="100" penetrateAddRate="100" stemAddRate="100"/>
	<BaseMonster id="15012" name="BOSS怪20%攻击处理" hpRate="100" physicalAttackRate="20" physicalDefenceRate="100" magicAttackRate="20" magicDefenceRate="100" criticalAddRate="100" tenacityAddRate="100" hitAddRate="100" avoidAddRate="100" penetrateAddRate="100" stemAddRate="100"/>
	<BaseMonster id="15013" name="BOSS怪30%攻击处理" hpRate="100" physicalAttackRate="30" physicalDefenceRate="100" magicAttackRate="30" magicDefenceRate="100" criticalAddRate="100" tenacityAddRate="100" hitAddRate="100" avoidAddRate="100" penetrateAddRate="100" stemAddRate="100"/>
	<BaseMonster id="15014" name="BOSS怪40%攻击处理" hpRate="100" physicalAttackRate="40" physicalDefenceRate="100" magicAttackRate="40" magicDefenceRate="100" criticalAddRate="100" tenacityAddRate="100" hitAddRate="100" avoidAddRate="100" penetrateAddRate="100" stemAddRate="100"/>
	<BaseMonster id="15015" name="BOSS怪50%攻击处理" hpRate="100" physicalAttackRate="50" physicalDefenceRate="100" magicAttackRate="50" magicDefenceRate="100" criticalAddRate="100" tenacityAddRate="100" hitAddRate="100" avoidAddRate="100" penetrateAddRate="100" stemAddRate="100"/>
	<BaseMonster id="15016" name="BOSS怪60%攻击处理" hpRate="100" physicalAttackRate="60" physicalDefenceRate="100" magicAttackRate="60" magicDefenceRate="100" criticalAddRate="100" tenacityAddRate="100" hitAddRate="100" avoidAddRate="100" penetrateAddRate="100" stemAddRate="100"/>
	<BaseMonster id="15017" name="BOSS怪70%攻击处理" hpRate="100" physicalAttackRate="70" physicalDefenceRate="100" magicAttackRate="70" magicDefenceRate="100" criticalAddRate="100" tenacityAddRate="100" hitAddRate="100" avoidAddRate="100" penetrateAddRate="100" stemAddRate="100"/>
	<BaseMonster id="15018" name="BOSS怪80%攻击处理" hpRate="100" physicalAttackRate="80" physicalDefenceRate="100" magicAttackRate="80" magicDefenceRate="100" criticalAddRate="100" tenacityAddRate="100" hitAddRate="100" avoidAddRate="100" penetrateAddRate="100" stemAddRate="100"/>
	<BaseMonster id="15019" name="BOSS怪90%攻击处理" hpRate="100" physicalAttackRate="90" physicalDefenceRate="100" magicAttackRate="90" magicDefenceRate="100" criticalAddRate="100" tenacityAddRate="100" hitAddRate="100" avoidAddRate="100" penetrateAddRate="100" stemAddRate="100"/>
	<BaseMonster id="15020" name="BOSS怪100%攻击处理" hpRate="100" physicalAttackRate="100" physicalDefenceRate="100" magicAttackRate="100" magicDefenceRate="100" criticalAddRate="100" tenacityAddRate="100" hitAddRate="100" avoidAddRate="100" penetrateAddRate="100" stemAddRate="100"/>
	<BaseMonster id="15021" name="前期副本BOSS砍20％血量" hpRate="75" physicalAttackRate="80" physicalDefenceRate="100" magicAttackRate="80" magicDefenceRate="100" criticalAddRate="100" tenacityAddRate="100" hitAddRate="100" avoidAddRate="100" penetrateAddRate="100" stemAddRate="100"/>
	<BaseMonster id="15022" name="开始的时候的剧情BOSS" hpRate="75" physicalAttackRate="1" physicalDefenceRate="30" magicAttackRate="1" magicDefenceRate="30" criticalAddRate="1" tenacityAddRate="1" hitAddRate="100" avoidAddRate="1" penetrateAddRate="1" stemAddRate="1"/>
	<BaseMonster id="15023" name="普通怪90%攻击85%血处理" hpRate="85" physicalAttackRate="90" physicalDefenceRate="100" magicAttackRate="90" magicDefenceRate="100" criticalAddRate="100" tenacityAddRate="100" hitAddRate="100" avoidAddRate="100" penetrateAddRate="100" stemAddRate="100"/>
	<BaseMonster id="15024" name="普通怪80%攻击85%血处理" hpRate="85" physicalAttackRate="90" physicalDefenceRate="100" magicAttackRate="90" magicDefenceRate="100" criticalAddRate="100" tenacityAddRate="100" hitAddRate="100" avoidAddRate="100" penetrateAddRate="100" stemAddRate="100"/>
	
</BaseMonsters>
