<?xml version="1.0" encoding="utf-8"?>
<npcs>
	<npc id="100001" name="克莱尔" title="铁匠" headicon="71001" head="51001" part="10001" functionId="0" shopId="0" dialogue="那些恶魔太可怕了，谁来帮帮我！" mapid="2010101" x="444" y="274"/>
	<npc id="100002" name="劳伦斯" title="镇长" headicon="71002" head="51002" part="10002" functionId="0" shopId="0" dialogue="最近小镇外面越来越不太平了……" mapid="2010101" x="1219" y="413"/>
	<npc id="100003" name="卡莉斯" title="商队队长" headicon="71003" head="51003" part="10003" functionId="0" shopId="0" dialogue="最近的生意越来越不好做了！" mapid="2010101" x="524" y="700"/>
	<npc id="100004" name="萨莉娜" title="雷鸣港佣兵团团长" headicon="71004" head="51004" part="10004" functionId="0" shopId="0" dialogue="佣兵就应该不惧危险，勇往直前！" mapid="2020101" x="2597" y="380"/>
	<npc id="100005" name="卡尔" title="矮人族难民" headicon="71005" head="51005" part="10005" functionId="0" shopId="0" dialogue="必须尽快找到能救出族人的勇士！" mapid="2020101" x="2957" y="377"/>
	<npc id="100006" name="罗兰" title="执政官" headicon="71006" head="51006" part="10006" functionId="0" shopId="0" dialogue="任何事情都逃不出我的眼睛。" mapid="2020101" x="2174" y="382"/>
	<npc id="100007" name="索菲亚" title="领主" headicon="71007" head="51007" part="10007" functionId="0" shopId="0" dialogue="我的领地绝不允许出现恶魔！" mapid="2020101" x="1940" y="391"/>
	<npc id="100008" name="提力昂" title="指挥官" headicon="71008" head="51008" part="10008" functionId="0" shopId="" dialogue="保卫领地安全是我的职责！" mapid="2020101" x="1707" y="375"/>
	<npc id="100009" name="桑切斯" title="绝壁城主" headicon="71009" head="51009" part="10009" functionId="0" shopId="0" dialogue="誓死防守绝壁，抵抗恶魔的入侵！" mapid="2030101" x="1618" y="422"/>
	<npc id="100010" name="诺亚" title="矮人先辈" headicon="71010" head="51010" part="10010" functionId="0" shopId="0" dialogue="经历过战争的人才能成为勇士！" mapid="2030101" x="3057" y="425"/>
	<npc id="100011" name="丽贝卡" title="骑士" headicon="71011" head="51011" part="10011" functionId="0" shopId="" dialogue="愿光明永照，驱逐北方的黑暗！" mapid="2030101" x="895" y="425"/>
	<npc id="100012" name="娜塔丽" title="杂货店老板" headicon="71012" head="51012" part="10012" functionId="2" shopId="1001" dialogue="我这里的货物应有尽有！" mapid="2010101" x="2019" y="454"/>
	<npc id="100013" name="安斯艾尔" title="装备店老板" headicon="71013" head="51013" part="10013" functionId="3" shopId="1002" dialogue="武器是强者必不可少的伙伴！" mapid="2010101" x="1514" y="413"/>
	<npc id="100014" name="伊丽莎" title="仓库保管员" headicon="71014" head="51014" part="10014" functionId="1" shopId="0" dialogue="东西放在我这你绝对可以放心！" mapid="2010101" x="1769" y="410"/>
	<npc id="100997" name="副本传送门" title="副本传送门" headicon="0" head="0" part="10997" functionId="99" shopId="0" dialogue="" mapid="2010101" x="2272" y="590"/>
	<npc id="100015" name="娜塔丽" title="杂货店老板" headicon="71012" head="51012" part="10012" functionId="2" shopId="1003" dialogue="我这里的货物应有尽有！" mapid="2020101" x="3254" y="420"/>
	<npc id="100016" name="安斯艾尔" title="装备店老板" headicon="71013" head="51013" part="10013" functionId="3" shopId="1004" dialogue="武器是强者必不可少的伙伴！" mapid="2020101" x="1122" y="396"/>
	<npc id="100017" name="伊丽莎" title="仓库保管员" headicon="71014" head="51014" part="10014" functionId="1" shopId="0" dialogue="东西放在我这你绝对可以放心！" mapid="2020101" x="727" y="396"/>
	<npc id="100998" name="副本传送门" title="副本传送门" headicon="0" head="0" part="10997" functionId="99" shopId="0" dialogue="" mapid="2020101" x="3567" y="569"/>
	<npc id="100018" name="娜塔丽" title="杂货店老板" headicon="71012" head="51012" part="10012" functionId="2" shopId="1005" dialogue="我这里的货物应有尽有！" mapid="2030101" x="2210" y="466"/>
	<npc id="100019" name="安斯艾尔" title="装备店老板" headicon="71013" head="51013" part="10013" functionId="3" shopId="1006" dialogue="武器是强者必不可少的伙伴！" mapid="2030101" x="2662" y="422"/>
	<npc id="100020" name="伊丽莎" title="仓库保管员" headicon="71014" head="51014" part="10014" functionId="1" shopId="0" dialogue="东西放在我这你绝对可以放心！" mapid="2030101" x="507" y="423"/>
	<npc id="100021" name="科克尔" title="莱尔印记" headicon="51015" head="51015" part="10015" functionId="4" shopId="2001#2002#2003" dialogue="前进的步伐从未停止！" mapid="2020101" x="1322" y="396"/>
	<npc id="100022" name="科克尔" title="莱尔印记" headicon="51015" head="51015" part="10015" functionId="4" shopId="2004#2005#2006" dialogue="前进的步伐从未停止！" mapid="2030101" x="1322" y="459"/>
	<npc id="100023" name="科克尔" title="莱尔印记" headicon="51015" head="51015" part="10015" functionId="4" shopId="2001#2002#2003" dialogue="前进的步伐从未停止！" mapid="2010101" x="1055" y="451"/>
	<npc id="100999" name="副本传送门" title="副本传送门" headicon="0" head="0" part="10997" functionId="99" shopId="0" dialogue="" mapid="2030101" x="3594" y="544"/>
	<npc id="100024" name="路西法" title="守护之城将领" headicon="71015" head="51017" part="10016" functionId="0" shopId="0" dialogue="任何来犯之敌，我将用手中之剑终结！" mapid="2050101" x="2600" y="448"/>
	<npc id="100025" name="艾雅" title="魔法天才" headicon="71016" head="51018" part="10017" functionId="0" shopId="0" dialogue="魔法是个美妙而神奇的东西！" mapid="2050101" x="2044" y="748"/>
	<npc id="100026" name="黑默斯" title="守护之城城主" headicon="71017" head="51019" part="10018" functionId="0" shopId="0" dialogue="守护之城能抵挡住任何敌人的攻击！" mapid="2050101" x="2108" y="380"/>
	<npc id="100027" name="丽贝卡" title="骑士" headicon="71011" head="51011" part="10011" functionId="0" shopId="" dialogue="愿光明永照，驱逐北方的黑暗！" mapid="2050101" x="1664" y="428"/>
	<npc id="100028" name="娜塔丽" title="杂货店老板" headicon="71012" head="51012" part="10012" functionId="2" shopId="1013" dialogue="我这里的货物应有尽有！" mapid="2050101" x="1476" y="700"/>
	<npc id="100029" name="安斯艾尔" title="装备店老板" headicon="71013" head="51013" part="10013" functionId="3" shopId="1014" dialogue="武器是强者必不可少的伙伴！" mapid="2050101" x="1024" y="428"/>
	<npc id="100030" name="伊丽莎" title="仓库保管员" headicon="71014" head="51014" part="10014" functionId="1" shopId="0" dialogue="东西放在我这你绝对可以放心！" mapid="2050101" x="760" y="700"/>
	<npc id="100031" name="科克尔" title="莱尔印记" headicon="51015" head="51015" part="10015" functionId="4" shopId="2004#2005#2006" dialogue="前进的步伐从未停止！" mapid="2050101" x="400" y="368"/>
	<npc id="101000" name="副本传送门" title="副本传送门" headicon="0" head="0" part="10997" functionId="99" shopId="0" dialogue="" mapid="2050101" x="3021" y="496"/>
	<npc id="100996" name="世界BOSS传送门" title="世界BOSS传送门" headicon="0" head="0" part="10997" functionId="100" shopId="0" dialogue="" mapid="80002" x="800" y="460"/>
	<npc id="101201" name="守方上路传送门" title="上路传送门" headicon="0" head="0" part="10997" functionId="100" shopId="0" dialogue="" mapid="80011" x="315" y="475"/>
	<npc id="101202" name="守方中路传送门" title="中路传送门" headicon="0" head="0" part="10997" functionId="100" shopId="0" dialogue="" mapid="80011" x="200" y="565"/>
	<npc id="101203" name="守方下路传送门" title="下路传送门" headicon="0" head="0" part="10997" functionId="100" shopId="0" dialogue="" mapid="80011" x="85" y="655"/>
	<npc id="101211" name="攻方上路传送门" title="上路传送门" headicon="0" head="0" part="10997" functionId="100" shopId="0" dialogue="" mapid="80011" x="1555" y="475"/>
	<npc id="101212" name="攻方中路传送门" title="中路传送门" headicon="0" head="0" part="10997" functionId="100" shopId="0" dialogue="" mapid="80011" x="1670" y="565"/>
	<npc id="101213" name="攻方下路传送门" title="下路传送门" headicon="0" head="0" part="10997" functionId="100" shopId="0" dialogue="" mapid="80011" x="1785" y="655"/>
	
</npcs>
