<start>
	<!--isact代表是否为活动图标【页游端使用的内容】，ispc代表是否为pc端，num代表手机端图标位置，position代表页游活动图标的位置，father代表二级父菜单,taskid代表系统开启的前置任务-->
	<value id="901" isact="0" ispc="1" endposi="0" num="1" father="0" taskid="0" openLv="1" name="角色模块功能" opentime="0" closetime="24" sgm="0" desc=""/>
	<value id="902" isact="0" ispc="1" endposi="0" num="1" father="901" taskid="0" openLv="1" name="背包模块功能" opentime="0" closetime="24" sgm="0" desc=""/>
	<!--num是手机端的位置-->
	<value id="903" isact="0" ispc="1" endposi="0" num="2" father="0" taskid="1004" openLv="3" name="技能模块功能" opentime="0" closetime="24" sgm="0" desc="【技能】开启，可以学习新技能"/>
	<value id="932" isact="0" ispc="1" endposi="0" num="3" father="0" taskid="1012" openLv="8" name="铁匠铺模块功能" opentime="0" closetime="24" sgm="0" desc="【铁匠铺】开启，可以提升战斗力"/>
	<!--新加铁匠铺id=932-->
	<value id="904" isact="0" ispc="1" endposi="932" num="3" father="932" taskid="1012" openLv="8" name="强化模块功能" opentime="0" closetime="24" sgm="0" desc="【强化装备】开启，强化装备提升战斗力"/>
	<value id="905" isact="0" ispc="1" endposi="932" num="3" father="932" taskid="0" openLv="20" name="镶嵌模块功能" opentime="0" closetime="24" sgm="0" desc="【镶嵌宝石】开启，镶嵌宝石提升战斗力"/>
	<value id="906" isact="0" ispc="1" endposi="932" num="3" father="932" taskid="0" openLv="20" name="合成模块功能" opentime="0" closetime="24" sgm="0" desc="【合成宝石】开启，可以获得更高级宝石"/>
	<value id="907" isact="0" ispc="1" endposi="932" num="3" father="932" taskid="1170" openLv="15" name="洗炼模块功能" opentime="0" closetime="24" sgm="0" desc="【洗练】开启，洗练更高属性提升战斗力"/>
	<value id="908" isact="0" ispc="1" endposi="932" num="3" father="932" taskid="1168" openLv="11" name="继承模块功能" opentime="0" closetime="24" sgm="0" desc="【继承】开启，旧装备强化等级可继承给新装备"/>
	<value id="909" isact="0" ispc="1" endposi="932" num="3" father="932" taskid="1040" openLv="15" name="分解模块功能" opentime="0" closetime="24" sgm="0" desc="【分解】开启，可以分解装备获得额外珍稀道具"/>
	<value id="941" isact="0" ispc="1" endposi="0" num="4" father="0" taskid="0" openLv="1" name="任务模块功能" opentime="0" closetime="24" sgm="0" desc=""/>
	<!--新加任务id=941-->
	<value id="910" isact="0" ispc="1" endposi="0" num="5" father="0" taskid="1142" openLv="10" name="星座模块功能" opentime="0" closetime="24" sgm="0" desc="【星座】开启，升级星座提升战斗力"/>
	<value id="911" isact="0" ispc="1" endposi="0" num="6" father="0" taskid="1029" openLv="13" name="符文模块功能" opentime="0" closetime="24" sgm="0" desc="【符文】开启，穿戴符文提升战斗力"/>
	<value id="912" isact="0" ispc="1" endposi="0" num="18" father="0" taskid="0" openLv="18" name="封魔功能" opentime="0" closetime="24" sgm="0" desc="【封魔】开启，可以轻松获得经验"/>
	<value id="935" isact="0" ispc="1" endposi="0" num="8" father="0" taskid="0" openLv="1" name="好友功能" opentime="0" closetime="24" sgm="0" desc=""/>
	<value id="913" isact="0" ispc="1" endposi="0" num="9" father="0" taskid="1032" openLv="14" name="军团功能" opentime="0" closetime="24" sgm="0" desc="【军团】开启，可以创建或者加入军团"/>
	<value id="936" isact="0" ispc="1" endposi="0" num="19" father="0" taskid="0" openLv="1" name="设置功能" opentime="0" closetime="24" sgm="0" desc=""/>
	<value id="937" isact="0" ispc="1" endposi="0" num="20" father="0" taskid="0" openLv="1" name="邮件功能" opentime="0" closetime="24" sgm="0" desc=""/>
	<value id="938" isact="0" ispc="1" endposi="0" num="30" father="0" taskid="0" openLv="1" name="排行榜功能" opentime="0" closetime="24" sgm="0" desc=""/>
	<value id="939" isact="0" ispc="1" endposi="0" num="40" father="0" taskid="0" openLv="1" name="地图功能" opentime="0" closetime="24" sgm="0" desc=""/>
	<value id="940" isact="0" ispc="1" endposi="0" num="7" father="0" taskid="0" openLv="90" name="宠物" opentime="0" closetime="24" sgm="0" desc="【宠物】开启，培养宠物提升战斗力"/>
	<value id="930" isact="0" ispc="1" endposi="901" num="1" father="901" taskid="1010" openLv="6" name="培养" opentime="0" closetime="24" sgm="0" desc="【培养】开启，培养属性提升战斗力"/>
	<value id="942" isact="0" ispc="1" endposi="0" num="17" father="0" taskid="0" openLv="1" name="拍卖行" opentime="0" closetime="24" sgm="0" desc="【拍卖行】开启，可以拍卖或购买装备"/>
	<value id="946" isact="0" ispc="1" endposi="901" num="1" father="901" taskid="0" openLv="1" name="称号" opentime="0" closetime="24" sgm="" desc="【称号】开启，称号可以提升自身属性"/>
	<value id="951" isact="1" ispc="1" endposi="0" position="121" num="16" father="0" taskid="0" openLv="20" name="艾利之书" opentime="0" closetime="24" sgm="" desc="【艾利之书】开启，快去收集铭文提升实力"/>
	<value id="933" isact="1" ispc="0" endposi="0" position="" num="43" father="0" taskid="1142" openLv="10" name="日常活动" opentime="0" closetime="24" sgm="0" desc=""/>
	<value id="934" isact="0" ispc="0" endposi="0" position="" num="41" father="0" taskid="0" openLv="1" name="福利" opentime="0" closetime="24" sgm="0" desc=""/>
	<value id="914" isact="1" ispc="1" endposi="0" position="108" num="43" father="933" taskid="1142" openLv="10" name="精英地下城" opentime="0" closetime="24" sgm="独行侠的力量毕竟有限，何不相邀天下勇者一起弑魔" desc="【精英地下城】开启，可以多人组队刷本"/>
	<value id="915" isact="1" ispc="1" endposi="0" position="110" num="43" father="933" taskid="0" openLv="20" name="试炼之地" opentime="0" closetime="24" sgm="大陆某个神秘的试炼遗迹，闯关后可得到极品套装" desc="【试炼之地】开启，可以获得橙色装备"/>
	<value id="916" isact="1" ispc="1" endposi="0" position="109" num="43" father="933" taskid="0" openLv="90" name="远征深渊" opentime="0" closetime="24" sgm="恶魔诞生地，帝国统帅希冀真正的勇士远征深渊" desc="【远征深渊】开启，可以获得大量经验"/>
	<value id="917" isact="1" ispc="1" endposi="0" position="114" num="41" father="934" taskid="1035" openLv="14" name="星辰召唤" opentime="0" closetime="24" sgm="神秘的星辰命运，进入后召唤星辰，可获得大量星石！" desc="【星辰召唤】开启，可以获得大量星石"/>
	<value id="918" isact="1" ispc="1" endposi="0" position="112" num="43" father="933" taskid="0" openLv="17" name="挖金矿" opentime="0" closetime="24" sgm="莱尔大陆最富裕的矿山，在这里可以获得大量的金币" desc="【挖金矿】开启，可以得到大量金币"/>
	<value id="919" isact="1" ispc="1" endposi="0" position="107" num="43" father="933" taskid="1030" openLv="13" name="竞技场" opentime="0" closetime="24" sgm="问鼎天下，谁与争锋！与人斗，其乐无穷也" desc="【竞技场】开启，可以与其他玩家激情PK"/>
	<value id="920" isact="1" ispc="1" endposi="0" position="113" num="41" father="934" taskid="1013" openLv="9" name="神树显灵" opentime="0" closetime="24" sgm="远祖神树，向它虔诚许愿后，有几率实现许下的愿望！" desc="【神树显灵】开启，可以向神树许下心愿"/>
	<value id="921" isact="1" ispc="1" endposi="0" position="111" num="41" father="934" taskid="1030" openLv="13" name="炼金" opentime="0" closetime="24" sgm="女巫的神秘魔法屋，消耗少量的礼券可获得大量金币！" desc="【炼金】开启，可以得到大量金币"/>
	<value id="922" isact="1" ispc="1" endposi="0" position="103" num="41" father="934" taskid="1140" openLv="7" name="签到" opentime="0" closetime="24" sgm="每天上线签到，当月累计一定次数后可获得高额奖励！" desc="【签到】开启，累计签到轻松得奖励"/>
	<value id="923" isact="1" ispc="1" endposi="0" position="102" num="41" father="934" taskid="0" openLv="1" name="登陆奖励" opentime="0" closetime="24" sgm="每天登录游戏可领取高额奖励，连续登录奖励更丰厚!" desc="【登录奖励】开启，连续登录轻松得奖励"/>
	<value id="924" isact="1" ispc="1" endposi="0" position="101" num="41" father="934" taskid="0" openLv="1" name="在线奖励" opentime="0" closetime="24" sgm="在线时间越长，可领取的奖励越丰厚！" desc=""/>
	<value id="925" isact="1" ispc="1" endposi="0" position="115" num="51" father="0" taskid="0" openLv="23" name="日常任务" opentime="0" closetime="24" sgm="每日完成帝国的任务，可得到丰厚的经验金钱奖励！" desc="【日常任务】开启，可以获得大量的经验"/>
	<value id="926" isact="1" ispc="1" endposi="0" position="105" num="42" father="0" taskid="0" openLv="1" name="精彩活动" opentime="0" closetime="24" sgm="0" desc="【精彩活动】开启，可以领取各种奖励"/>
	<value id="927" isact="0" ispc="1" endposi="0" position="" num="44" father="0" taskid="0" openLv="1" name="商城" opentime="0" closetime="24" sgm="0" desc="【商城】开启，可以购买各种珍稀物品"/>
	<value id="928" isact="0" ispc="1" endposi="0" position="" num="0" father="0" taskid="0" openLv="22" name="购买活力" opentime="0" closetime="24" sgm="0" desc="【购买活力】开启，可以购买活力"/>
	<value id="929" isact="1" ispc="1" endposi="0" position="100" num="62" father="0" taskid="1023" openLv="12" name="每日目标" opentime="0" closetime="24" sgm="0" desc="【每日目标】开启，时常看看有目标"/>
	<value id="931" isact="1" ispc="1" endposi="0" position="106" num="43" father="933" taskid="0" openLv="20" name="世界BOSS" opentime="11:00#16:00" closetime="11:30#16:30" sgm="邪恶岩魔降临，帝王诏令天下勇者，消灭岩魔!" desc="【世界BOSS】开启，和全服玩家一起战斗"/>
	<value id="943" isact="1" ispc="1" endposi="0" position="117" num="41" father="934" taskid="0" openLv="1" name="激活码兑换" opentime="0" closetime="24" sgm="输入激活码之后兑换奖励！" desc=""/>
	<value id="944" isact="0" ispc="1" endposi="0" position="104" num="61" father="0" taskid="0" openLv="1" name="首充" opentime="0" closetime="24" sgm="" desc=""/>
	<value id="945" isact="1" ispc="1" endposi="0" position="104" num="61" father="0" taskid="0" openLv="1" name="累计充值" opentime="0" closetime="24" sgm="" desc=""/>
	<value id="947" isact="1" ispc="1" endposi="0" position="116" num="41" father="0" taskid="0" openLv="1" name="七日奖励" opentime="0" closetime="24" sgm="" desc=""/>
	<value id="948" isact="1" ispc="1" endposi="0" position="118" num="43" father="933" taskid="1037" openLv="15" name="巅峰对决" opentime="0" closetime="24" sgm="击败群雄，夺取天下第一" desc="【巅峰对决】开启，勇夺天下第一"/>
	<value id="949" isact="1" ispc="1" endposi="0" position="119" num="43" father="933" taskid="1173" openLv="13" name="勇士试炼" opentime="0" closetime="24" sgm="勇士的考验，踏上帝国荣耀的征程，勇士之战！" desc="【勇士试炼】开启，参与竞技无限PK"/>
	<value id="950" isact="1" ispc="1" endposi="0" position="120" num="43" father="933" taskid="1173" openLv="13" name="残酷试炼" opentime="0" closetime="24" sgm="残酷试炼，在考验与荣誉的碰撞中生存，不断强大！" desc="【残酷试炼】开启，多人同组争夺荣耀赛开幕"/>
</start>
