<Mining>
	<Ores><!--这里是设定每一个矿石等级的成功率和奖励宝石reward等于获得奖励的百分比-->
		<Ore level="1" up="100" down="0" reward="30" gem="2030101#2030201#2030301#2030401#2030501#2030601#2030701" />
		<Ore level="2" up="90" down="10" reward="40" gem="2030102#2030202#2030302#2030402#2030502#2030602#2030702" />
		<Ore level="3" up="70" down="30" reward="60" gem="2030103#2030203#2030303#2030403#2030503#2030603#2030703" />
		<Ore level="4" up="50" down="50" reward="80" gem="2030104#2030204#2030304#2030404#2030504#2030604#2030704" />
		<Ore level="5" up="30" down="70" reward="100" gem="2030105#2030205#2030305#2030405#2030505#2030605#2030705" />
	</Ores>
	<OreRewards> <!-- 挖矿获得的奖励 -->
		<Reward number="1" gold="2" /><!-- 5次以上均为20魔晶/礼券 -->
		<Reward number="2" gold="4" />
		<Reward number="3" gold="8" />
		<Reward number="4" gold="10" />
		<Reward number="5" gold="20" />
	</OreRewards>
	<Text> <!-- 挖矿获得的宝石提示 -->
		<Rrompt level="1" contents="该矿石蕴含了少量1级宝石" />
		<Rrompt level="2" contents="该矿石蕴含了少量2级宝石" />
		<Rrompt level="3" contents="该矿石蕴含了少量3级宝石" />
		<Rrompt level="4" contents="该矿石蕴含了少量4级宝石" />
		<Rrompt level="5" contents="该矿石蕴含了少量5级宝石" />
	</Text>		
	<LevelReward><!-- 每一个等级对应给予的金币奖励奖励（包括协助者的奖励） -->
	    <Reward level="12" money="195100" helpmoney="15600"/>
	    <Reward level="13" money="195100" helpmoney="15600"/>
	    <Reward level="14" money="195100" helpmoney="15600"/>
	    <Reward level="15" money="195100" helpmoney="15600"/>
	    <Reward level="16" money="195100" helpmoney="15600"/>
	    <Reward level="17" money="195100" helpmoney="15600"/>
        <Reward level="18" money="195100" helpmoney="15600"/>
        <Reward level="19" money="195100" helpmoney="15600"/>
        <Reward level="20" money="195100" helpmoney="15600"/>
        <Reward level="21" money="195100" helpmoney="15600"/>
        <Reward level="22" money="195100" helpmoney="15600"/>
        <Reward level="23" money="195100" helpmoney="15600"/>
        <Reward level="24" money="195100" helpmoney="15600"/>
        <Reward level="25" money="195100" helpmoney="15600"/>
        <Reward level="26" money="195100" helpmoney="15600"/>
        <Reward level="27" money="195100" helpmoney="15600"/>
        <Reward level="28" money="195100" helpmoney="15600"/>
        <Reward level="29" money="195100" helpmoney="15600"/>
        <Reward level="30" money="195100" helpmoney="15600"/>
        <Reward level="31" money="270800" helpmoney="21600"/>
        <Reward level="32" money="270800" helpmoney="21600"/>
        <Reward level="33" money="270800" helpmoney="21600"/>
        <Reward level="34" money="270800" helpmoney="21600"/>
        <Reward level="35" money="270800" helpmoney="21600"/>
        <Reward level="36" money="358900" helpmoney="28700"/>
        <Reward level="37" money="358900" helpmoney="28700"/>
        <Reward level="38" money="358900" helpmoney="28700"/>
        <Reward level="39" money="358900" helpmoney="28700"/>
        <Reward level="40" money="358900" helpmoney="28700"/>
        <Reward level="41" money="459500" helpmoney="36700"/>
        <Reward level="42" money="459500" helpmoney="36700"/>
        <Reward level="43" money="459500" helpmoney="36700"/>
        <Reward level="44" money="459500" helpmoney="36700"/>
        <Reward level="45" money="459500" helpmoney="36700"/>
        <Reward level="46" money="572400" helpmoney="45700"/>
        <Reward level="47" money="572400" helpmoney="45700"/>
        <Reward level="48" money="572400" helpmoney="45700"/>
        <Reward level="49" money="572400" helpmoney="45700"/>
        <Reward level="50" money="572400" helpmoney="45700"/>
        <Reward level="51" money="697800" helpmoney="55800"/>
        <Reward level="52" money="697800" helpmoney="55800"/>
        <Reward level="53" money="697800" helpmoney="55800"/>
        <Reward level="54" money="697800" helpmoney="55800"/>
        <Reward level="55" money="697800" helpmoney="55800"/>
        <Reward level="56" money="835600" helpmoney="66800"/>
        <Reward level="57" money="835600" helpmoney="66800"/>
        <Reward level="58" money="835600" helpmoney="66800"/>
        <Reward level="59" money="835600" helpmoney="66800"/>
        <Reward level="60" money="835600" helpmoney="66800"/>
        <Reward level="61" money="985800" helpmoney="78800"/>
        <Reward level="62" money="985800" helpmoney="78800"/>
        <Reward level="63" money="985800" helpmoney="78800"/>
        <Reward level="64" money="985800" helpmoney="78800"/>
        <Reward level="65" money="985800" helpmoney="78800"/>
        <Reward level="66" money="1148400" helpmoney="91800"/>
        <Reward level="67" money="1148400" helpmoney="91800"/>
        <Reward level="68" money="1148400" helpmoney="91800"/>
        <Reward level="69" money="1148400" helpmoney="91800"/>
        <Reward level="70" money="1148400" helpmoney="91800"/>
        <Reward level="71" money="1323400" helpmoney="105800"/>
        <Reward level="72" money="1323400" helpmoney="105800"/>
        <Reward level="73" money="1323400" helpmoney="105800"/>
        <Reward level="74" money="1323400" helpmoney="105800"/>
        <Reward level="75" money="1323400" helpmoney="105800"/>
        <Reward level="76" money="1510900" helpmoney="120800"/>
        <Reward level="77" money="1510900" helpmoney="120800"/>
        <Reward level="78" money="1510900" helpmoney="120800"/>
        <Reward level="79" money="1510900" helpmoney="120800"/>
        <Reward level="80" money="1510900" helpmoney="120800"/>
        <Reward level="81" money="1710700" helpmoney="136800"/>
        <Reward level="82" money="1710700" helpmoney="136800"/>
        <Reward level="83" money="1710700" helpmoney="136800"/>
        <Reward level="84" money="1710700" helpmoney="136800"/>
        <Reward level="85" money="1710700" helpmoney="136800"/>
        <Reward level="86" money="1923000" helpmoney="153800"/>
        <Reward level="87" money="1923000" helpmoney="153800"/>
        <Reward level="88" money="1923000" helpmoney="153800"/>
        <Reward level="89" money="1923000" helpmoney="153800"/>
        <Reward level="90" money="1923000" helpmoney="153800"/>
        <Reward level="91" money="2147700" helpmoney="171800"/>
        <Reward level="92" money="2147700" helpmoney="171800"/>
        <Reward level="93" money="2147700" helpmoney="171800"/>
        <Reward level="94" money="2147700" helpmoney="171800"/>
        <Reward level="95" money="2147700" helpmoney="171800"/>
        <Reward level="96" money="2384800" helpmoney="190700"/>
        <Reward level="97" money="2384800" helpmoney="190700"/>
        <Reward level="98" money="2384800" helpmoney="190700"/>
        <Reward level="99" money="2384800" helpmoney="190700"/>
        <Reward level="100" money="2384800" helpmoney="190700"/>
	</LevelReward>
</Mining>

