<?xml version="1.0" encoding="utf-8"?>
<GamePlatform>
	<!-- pt的id由程序确定，确定后以后不能修改，记录不能删除,valid 0表示有效，1表示失效（页面不显示） rebate代表充值这个魔晶需要返还的礼卷，这里只做展示用，推送给前台，无意义  -->
	<pt id="pp25"><!--pp平台（1）-->
		<convert id ="10001" icon="68906" ptMoney="1000" gold="10000" description="1000pp币" rebate="0" valid="0" /><!--1000RMB:10000魔晶-->
		<convert id ="10002" icon="68906" ptMoney="500" gold="5000" description="500pp币" rebate="0" valid="0" /><!--500RMB:5000魔晶-->
		<convert id ="10003" icon="68905" ptMoney="200" gold="2000" description="200pp币" rebate="0" valid="0" /><!--200RMB:2000魔晶-->
		<convert id ="10004" icon="68904" ptMoney="100" gold="1000" description="100pp币" rebate="0" valid="0" /><!--100RMB:1000魔晶-->
		<convert id ="10005" icon="68903" ptMoney="50" gold="500" description="50pp币" rebate="0" valid="0" /><!--50RMB:500魔晶-->
		<convert id ="10006" icon="68902" ptMoney="20" gold="200" description="20pp币" rebate="0" valid="0" /><!--20RMB:200魔晶-->
		<convert id ="10007" icon="68901" ptMoney="10" gold="100" description="10pp币" rebate="0" valid="0" /><!--10RMB:100魔晶-->
	</pt>
	<pt id="uc"><!--uc平台（2）-->
		<convert id ="10001" icon="68906" ptMoney="1000" gold="10000" description="1000人民币" rebate="0" valid="0" /><!--1000RMB:10000魔晶-->
		<convert id ="10002" icon="68906" ptMoney="500" gold="5000" description="500人民币" rebate="0" valid="0" /><!--500RMB:5000魔晶-->
		<convert id ="10003" icon="68905" ptMoney="200" gold="2000" description="200人民币" rebate="0" valid="0" /><!--200RMB:2000魔晶-->
		<convert id ="10004" icon="68904" ptMoney="100" gold="1000" description="100人民币" rebate="0" valid="0" /><!--100RMB:1000魔晶-->
		<convert id ="10005" icon="68903" ptMoney="50" gold="500" description="50人民币" rebate="0" valid="0" /><!--50RMB:500魔晶-->
		<convert id ="10006" icon="68902" ptMoney="20" gold="200" description="20人民币" rebate="0" valid="0" /><!--20RMB:200魔晶-->
		<convert id ="10007" icon="68901" ptMoney="10" gold="100" description="10人民币" rebate="0" valid="0" /><!--10RMB:100魔晶-->
	</pt>
	<pt id="dk"><!--百度酷多（3）-->
		<convert id ="10001" icon="68906" ptMoney="1000" gold="10000" description="1000人民币" rebate="0" valid="0" /><!--1000RMB:10000魔晶-->
		<convert id ="10002" icon="68906" ptMoney="500" gold="5000" description="500人民币" rebate="0" valid="0" /><!--500RMB:5000魔晶-->
		<convert id ="10003" icon="68905" ptMoney="200" gold="2000" description="200人民币" rebate="0" valid="0" /><!--200RMB:2000魔晶-->
		<convert id ="10004" icon="68904" ptMoney="100" gold="1000" description="100人民币" rebate="0" valid="0" /><!--100RMB:1000魔晶-->
		<convert id ="10005" icon="68903" ptMoney="50" gold="500" description="50人民币" rebate="0" valid="0" /><!--50RMB:500魔晶-->
		<convert id ="10006" icon="68902" ptMoney="20" gold="200" description="20人民币" rebate="0" valid="0" /><!--20RMB:200魔晶-->
		<convert id ="10007" icon="68901" ptMoney="10" gold="100" description="10人民币" rebate="0" valid="0" /><!--10RMB:100魔晶-->
	</pt>
	<pt id="91"><!--91助手（4）-->
		<convert id ="10001" icon="68906" ptMoney="1000" gold="10000" description="1000个91豆" rebate="0" valid="0" /><!--1000RMB:10000魔晶-->
		<convert id ="10002" icon="68906" ptMoney="500" gold="5000" description="500个91豆" rebate="0" valid="0" /><!--500RMB:5000魔晶-->
		<convert id ="10003" icon="68905" ptMoney="200" gold="2000" description="200个91豆" rebate="0" valid="0" /><!--200RMB:2000魔晶-->
		<convert id ="10004" icon="68904" ptMoney="100" gold="1000" description="100个91豆" rebate="0" valid="0" /><!--100RMB:1000魔晶-->
		<convert id ="10005" icon="68903" ptMoney="50" gold="500" description="50个91豆" rebate="0" valid="0" /><!--50RMB:500魔晶-->
		<convert id ="10006" icon="68902" ptMoney="20" gold="200" description="20个91豆" rebate="0" valid="0" /><!--20RMB:200魔晶-->
		<convert id ="10007" icon="68901" ptMoney="10" gold="100" description="10个91豆" rebate="0" valid="0" /><!--10RMB:100魔晶-->
	</pt>
	<pt id="xm"><!--小米（5） -->
		<convert id ="10001" icon="68906" ptMoney="1000" gold="10000" description="1000人民币" rebate="0" valid="0" /><!--1000RMB:10000魔晶-->
		<convert id ="10002" icon="68906" ptMoney="500" gold="5000" description="500人民币" rebate="0" valid="0" /><!--500RMB:5000魔晶-->
		<convert id ="10003" icon="68905" ptMoney="200" gold="2000" description="200人民币" rebate="0" valid="0" /><!--200RMB:2000魔晶-->
		<convert id ="10004" icon="68904" ptMoney="100" gold="1000" description="100人民币" rebate="0" valid="0" /><!--100RMB:1000魔晶-->
		<convert id ="10005" icon="68903" ptMoney="50" gold="500" description="50人民币" rebate="0" valid="0" /><!--50RMB:500魔晶-->
		<convert id ="10006" icon="68902" ptMoney="20" gold="200" description="20人民币" rebate="0" valid="0" /><!--20RMB:200魔晶-->
		<convert id ="10007" icon="68901" ptMoney="10" gold="100" description="10人民币" rebate="0" valid="0" /><!--10RMB:100魔晶-->
	</pt>
	<pt id="dl"><!--当乐（6）-->
		<convert id ="10001" icon="68906" ptMoney="1000" gold="10000" description="1000人民币" rebate="0" valid="0" /><!--1000RMB:10000魔晶-->
		<convert id ="10002" icon="68906" ptMoney="500" gold="5000" description="500人民币" rebate="0" valid="0" /><!--500RMB:5000魔晶-->
		<convert id ="10003" icon="68905" ptMoney="200" gold="2000" description="200人民币" rebate="0" valid="0" /><!--200RMB:2000魔晶-->
		<convert id ="10004" icon="68904" ptMoney="100" gold="1000" description="100人民币" rebate="0" valid="0" /><!--100RMB:1000魔晶-->
		<convert id ="10005" icon="68903" ptMoney="50" gold="500" description="50人民币" rebate="0" valid="0" /><!--50RMB:500魔晶-->
		<convert id ="10006" icon="68902" ptMoney="20" gold="200" description="20人民币" rebate="0" valid="0" /><!--20RMB:200魔晶-->
		<convert id ="10007" icon="68901" ptMoney="10" gold="100" description="10人民币" rebate="0" valid="0" /><!--10RMB:100魔晶-->
	</pt>
	<pt id="360"><!--360（7）-->
		<convert id ="10001" icon="68906" ptMoney="1000" gold="10000" description="1000人民币" rebate="0" valid="0" /><!--1000RMB:10000魔晶-->
		<convert id ="10002" icon="68906" ptMoney="500" gold="5000" description="500人民币" rebate="0" valid="0" /><!--500RMB:5000魔晶-->
		<convert id ="10003" icon="68905" ptMoney="200" gold="2000" description="200人民币" rebate="0" valid="0" /><!--200RMB:2000魔晶-->
		<convert id ="10004" icon="68904" ptMoney="100" gold="1000" description="100人民币" rebate="0" valid="0" /><!--100RMB:1000魔晶-->
		<convert id ="10005" icon="68903" ptMoney="50" gold="500" description="50人民币" rebate="0" valid="0" /><!--50RMB:500魔晶-->
		<convert id ="10006" icon="68902" ptMoney="20" gold="200" description="20人民币" rebate="0" valid="0" /><!--20RMB:200魔晶-->
		<convert id ="10007" icon="68901" ptMoney="10" gold="100" description="10人民币" rebate="0" valid="0" /><!--10RMB:100魔晶-->
	</pt>
	<pt id="wanDouJia"><!--豌豆荚（8）-->
		<convert id ="10001" icon="68906" ptMoney="1000" gold="10000" description="1000人民币" rebate="0" valid="0" /><!--1000RMB:10000魔晶-->
		<convert id ="10002" icon="68906" ptMoney="500" gold="5000" description="500人民币" rebate="0" valid="0" /><!--500RMB:5000魔晶-->
		<convert id ="10003" icon="68905" ptMoney="200" gold="2000" description="200人民币" rebate="0" valid="0" /><!--200RMB:2000魔晶-->
		<convert id ="10004" icon="68904" ptMoney="100" gold="1000" description="100人民币" rebate="0" valid="0" /><!--100RMB:1000魔晶-->
		<convert id ="10005" icon="68903" ptMoney="50" gold="500" description="50人民币" rebate="0" valid="0" /><!--50RMB:500魔晶-->
		<convert id ="10006" icon="68902" ptMoney="20" gold="200" description="20人民币" rebate="0" valid="0" /><!--20RMB:200魔晶-->
		<convert id ="10007" icon="68901" ptMoney="10" gold="100" description="10人民币" rebate="0" valid="0" /><!--10RMB:100魔晶-->
	</pt>
	<pt id="jcwx"><!--精彩无限-->
		<convert id ="10001" icon="68906" ptMoney="1000" gold="10000" description="1000人民币" rebate="0" valid="0" /><!--1000RMB:10000魔晶-->
		<convert id ="10002" icon="68906" ptMoney="500" gold="5000" description="500人民币" rebate="0" valid="0" /><!--500RMB:5000魔晶-->
		<convert id ="10003" icon="68905" ptMoney="200" gold="2000" description="200人民币" rebate="0" valid="0" /><!--200RMB:2000魔晶-->
		<convert id ="10004" icon="68904" ptMoney="100" gold="1000" description="100人民币" rebate="0" valid="0" /><!--100RMB:1000魔晶-->
		<convert id ="10005" icon="68903" ptMoney="50" gold="500" description="50人民币" rebate="0" valid="0" /><!--50RMB:500魔晶-->
		<convert id ="10006" icon="68902" ptMoney="20" gold="200" description="20人民币" rebate="0" valid="0" /><!--20RMB:200魔晶-->
		<convert id ="10007" icon="68901" ptMoney="10" gold="100" description="10人民币" rebate="0" valid="0" /><!--10RMB:100魔晶-->
	</pt>	
	<pt id="appStore"><!--大苹果-->
		<convert id ="10001" icon="68906" ptMoney="1248" gold="12480" description="1248人民币" rebate="0" valid="1" /><!--1000RMB:10000魔晶-->
		<convert id ="10002" icon="68906" ptMoney="618" gold="6180" description="618人民币" rebate="0" valid="0" /><!--500RMB:5000魔晶-->
		<convert id ="10003" icon="68905" ptMoney="243" gold="2430" description="243人民币" rebate="0" valid="0" /><!--200RMB:2000魔晶-->
		<convert id ="10004" icon="68904" ptMoney="123" gold="1230" description="123人民币" rebate="0" valid="0" /><!--100RMB:1000魔晶-->
		<convert id ="10005" icon="68903" ptMoney="60" gold="600" description="60人民币" rebate="0" valid="0" /><!--50RMB:500魔晶-->
		<convert id ="10006" icon="68902" ptMoney="25" gold="250" description="25人民币" rebate="0" valid="0" /><!--20RMB:200魔晶-->
		<convert id ="10007" icon="68901" ptMoney="12" gold="120" description="12人民币" rebate="0" valid="0" /><!--10RMB:100魔晶-->
	</pt>   
	<pt id="kuGou"><!--酷狗  改！！！-->
		<convert id ="10001" icon="68906" ptMoney="1000" gold="10000" description="1000人民币" rebate="0" valid="0" /><!--1000RMB:10000魔晶-->
		<convert id ="10002" icon="68906" ptMoney="500" gold="5000" description="500人民币" rebate="0" valid="0" /><!--500RMB:5000魔晶-->
		<convert id ="10003" icon="68905" ptMoney="200" gold="2000" description="200人民币" rebate="0" valid="0" /><!--200RMB:2000魔晶-->
		<convert id ="10004" icon="68904" ptMoney="100" gold="1000" description="100人民币" rebate="0" valid="0" /><!--100RMB:1000魔晶-->
		<convert id ="10005" icon="68903" ptMoney="50" gold="500" description="50人民币" rebate="0" valid="0" /><!--50RMB:500魔晶-->
		<convert id ="10006" icon="68902" ptMoney="20" gold="200" description="20人民币" rebate="0" valid="0" /><!--20RMB:200魔晶-->
		<convert id ="10007" icon="68901" ptMoney="10" gold="100" description="10人民币" rebate="0" valid="0" /><!--10RMB:100魔晶-->
	</pt>
	
	<pt id="piPa"><!--琵琶  改！！！-->
		<convert id ="10001" icon="68906" ptMoney="1000" gold="10000" description="1000人民币" rebate="0" valid="0" /><!--1000RMB:10000魔晶-->
		<convert id ="10002" icon="68906" ptMoney="500" gold="5000" description="500人民币" rebate="0" valid="0" /><!--500RMB:5000魔晶-->
		<convert id ="10003" icon="68905" ptMoney="200" gold="2000" description="200人民币" rebate="0" valid="0" /><!--200RMB:2000魔晶-->
		<convert id ="10004" icon="68904" ptMoney="100" gold="1000" description="100人民币" rebate="0" valid="0" /><!--100RMB:1000魔晶-->
		<convert id ="10005" icon="68903" ptMoney="50" gold="500" description="50人民币" rebate="0" valid="0" /><!--50RMB:500魔晶-->
		<convert id ="10006" icon="68902" ptMoney="20" gold="200" description="20人民币" rebate="0" valid="0" /><!--20RMB:200魔晶-->
		<convert id ="10007" icon="68901" ptMoney="10" gold="100" description="10人民币" rebate="0" valid="0" /><!--10RMB:100魔晶-->
	</pt>
	
	<pt id="pgy"><!-- 苹果园 -->
		<convert id ="10001" icon="68906" ptMoney="1000" gold="10000" description="1000人民币" rebate="0" valid="0" /><!--1000RMB:10000魔晶-->
		<convert id ="10002" icon="68906" ptMoney="500" gold="5000" description="500人民币" rebate="0" valid="0" /><!--500RMB:5000魔晶-->
		<convert id ="10003" icon="68905" ptMoney="200" gold="2000" description="200人民币" rebate="0" valid="0" /><!--200RMB:2000魔晶-->
		<convert id ="10004" icon="68904" ptMoney="100" gold="1000" description="100人民币" rebate="0" valid="0" /><!--100RMB:1000魔晶-->
		<convert id ="10005" icon="68903" ptMoney="50" gold="500" description="50人民币" rebate="0" valid="0" /><!--50RMB:500魔晶-->
		<convert id ="10006" icon="68902" ptMoney="20" gold="200" description="20人民币" rebate="0" valid="0" /><!--20RMB:200魔晶-->
		<convert id ="10007" icon="68901" ptMoney="10" gold="100" description="10人民币" rebate="0" valid="0" /><!--10RMB:100魔晶-->
	</pt>
	
	<pt id="jiFeng"><!-- 机锋 -->
		<convert id ="10001" icon="68906" ptMoney="1000" gold="10000" description="1000人民币" rebate="0" valid="0" /><!--1000RMB:10000魔晶-->
		<convert id ="10002" icon="68906" ptMoney="500" gold="5000" description="500人民币" rebate="0" valid="0" /><!--500RMB:5000魔晶-->
		<convert id ="10003" icon="68905" ptMoney="200" gold="2000" description="200人民币" rebate="0" valid="0" /><!--200RMB:2000魔晶-->
		<convert id ="10004" icon="68904" ptMoney="100" gold="1000" description="100人民币" rebate="0" valid="0" /><!--100RMB:1000魔晶-->
		<convert id ="10005" icon="68903" ptMoney="50" gold="500" description="50人民币" rebate="0" valid="0" /><!--50RMB:500魔晶-->
		<convert id ="10006" icon="68902" ptMoney="20" gold="200" description="20人民币" rebate="0" valid="0" /><!--20RMB:200魔晶-->
		<convert id ="10007" icon="68901" ptMoney="1" gold="10" description="1人民币" rebate="0" valid="0" /><!--1RMB:10魔晶-->
		<convert id ="10008" icon="68901" ptMoney="0.1" gold="1" description="0.1人民币" rebate="0" valid="0" /><!--0.1RMB:1魔晶-->
	</pt>
	<pt id="tongBu"><!-- 同步推 -->
		<convert id ="10001" icon="68906" ptMoney="1000" gold="10000" description="1000人民币" rebate="0" valid="0" /><!--1000RMB:10000魔晶-->
		<convert id ="10002" icon="68906" ptMoney="500" gold="5000" description="500人民币" rebate="0" valid="0" /><!--500RMB:5000魔晶-->
		<convert id ="10003" icon="68905" ptMoney="200" gold="2000" description="200人民币" rebate="0" valid="0" /><!--200RMB:2000魔晶-->
		<convert id ="10004" icon="68904" ptMoney="100" gold="1000" description="100人民币" rebate="0" valid="0" /><!--100RMB:1000魔晶-->
		<convert id ="10005" icon="68903" ptMoney="50" gold="500" description="50人民币" rebate="0" valid="0" /><!--50RMB:500魔晶-->
		<convert id ="10006" icon="68902" ptMoney="20" gold="200" description="20人民币" rebate="0" valid="0" /><!--20RMB:200魔晶-->
		<convert id ="10007" icon="68901" ptMoney="1" gold="10" description="1人民币" rebate="0" valid="0" /><!--1RMB:10魔晶-->
	</pt>
	
		<pt id="I_Feng"><!-- 凤凰网 -->
		<convert id ="10001" icon="68906" ptMoney="1000" gold="10000" description="1000人民币" rebate="0" valid="0" /><!--1000RMB:10000魔晶-->
		<convert id ="10002" icon="68906" ptMoney="500" gold="5000" description="500人民币" rebate="0" valid="0" /><!--500RMB:5000魔晶-->
		<convert id ="10003" icon="68905" ptMoney="200" gold="2000" description="200人民币" rebate="0" valid="0" /><!--200RMB:2000魔晶-->
		<convert id ="10004" icon="68904" ptMoney="100" gold="1000" description="100人民币" rebate="0" valid="0" /><!--100RMB:1000魔晶-->
		<convert id ="10005" icon="68903" ptMoney="50" gold="500" description="50人民币" rebate="0" valid="0" /><!--50RMB:500魔晶-->
		<convert id ="10006" icon="68902" ptMoney="20" gold="200" description="20人民币" rebate="0" valid="0" /><!--20RMB:200魔晶-->
		<convert id ="10007" icon="68901" ptMoney="1" gold="10" description="1人民币" rebate="0" valid="0" /><!--1RMB:10魔晶-->
	</pt>
	
	<pt id="baiDuPay360"><!-- 百度助手 -->
		<convert id ="10001" icon="68906" ptMoney="1000" gold="10000" description="1000人民币" rebate="0" valid="0" /><!--1000RMB:10000魔晶-->
		<convert id ="10002" icon="68906" ptMoney="500" gold="5000" description="500人民币" rebate="0" valid="0" /><!--500RMB:5000魔晶-->
		<convert id ="10003" icon="68905" ptMoney="200" gold="2000" description="200人民币" rebate="0" valid="0" /><!--200RMB:2000魔晶-->
		<convert id ="10004" icon="68904" ptMoney="100" gold="1000" description="100人民币" rebate="0" valid="0" /><!--100RMB:1000魔晶-->
		<convert id ="10005" icon="68903" ptMoney="50" gold="500" description="50人民币" rebate="0" valid="0" /><!--50RMB:500魔晶-->
		<convert id ="10006" icon="68902" ptMoney="20" gold="200" description="20人民币" rebate="0" valid="0" /><!--20RMB:200魔晶-->
		<convert id ="10007" icon="68901" ptMoney="1" gold="10" description="1人民币" rebate="0" valid="0" /><!--10RMB:100魔晶-->
	</pt>
	
	<pt id="fljt"><!-- 飞流九天 -->
		<convert id ="10001" icon="68906" ptMoney="1000" gold="10000" description="1000人民币" rebate="0" valid="0" /><!--1000RMB:10000魔晶-->
		<convert id ="10002" icon="68906" ptMoney="500" gold="5000" description="500人民币" rebate="0" valid="0" /><!--500RMB:5000魔晶-->
		<convert id ="10003" icon="68905" ptMoney="200" gold="2000" description="200人民币" rebate="0" valid="0" /><!--200RMB:2000魔晶-->
		<convert id ="10004" icon="68904" ptMoney="100" gold="1000" description="100人民币" rebate="0" valid="0" /><!--100RMB:1000魔晶-->
		<convert id ="10005" icon="68903" ptMoney="50" gold="500" description="50人民币" rebate="0" valid="0" /><!--50RMB:500魔晶-->
		<convert id ="10006" icon="68902" ptMoney="20" gold="200" description="20人民币" rebate="0" valid="0" /><!--20RMB:200魔晶-->
		<convert id ="10007" icon="68901" ptMoney="1" gold="10" description="1人民币" rebate="0" valid="0" /><!--10RMB:100魔晶-->
	</pt>
	
</GamePlatform>

