<?xml version="1.0" encoding="utf-8"?>
<powerBuy>
	<consume num="1" bindgold="50"/>
	<consume num="2" bindgold="50"/>
	<consume num="3" bindgold="50"/>
	<consume num="4" bindgold="50"/>
	<consume num="5" bindgold="50"/>
	<consume num="6" bindgold="100"/>
	<consume num="7" bindgold="100"/>
	<consume num="8" bindgold="100"/>
	<consume num="9" bindgold="100"/>
	<consume num="10" bindgold="100"/>
	<consume num="11" bindgold="150"/>
	<consume num="12" bindgold="150"/>
	<consume num="13" bindgold="150"/>
	<consume num="14" bindgold="150"/>
	<consume num="15" bindgold="150"/>
	<consume num="16" bindgold="150"/>
	<consume num="17" bindgold="150"/>
	<consume num="18" bindgold="150"/>
	<consume num="19" bindgold="150"/>
	<consume num="20" bindgold="150"/>
	<consume num="21" bindgold="200"/>
	<consume num="22" bindgold="200"/>
	<consume num="23" bindgold="200"/>
	<consume num="24" bindgold="200"/>
	<consume num="25" bindgold="200"/>
	<consume num="26" bindgold="200"/>
	<consume num="27" bindgold="200"/>
	<consume num="28" bindgold="200"/>
	<consume num="29" bindgold="200"/>
	<consume num="30" bindgold="200"/>
	<consume num="31" bindgold="300"/>
	<consume num="32" bindgold="300"/>
	<consume num="33" bindgold="300"/>
	<consume num="34" bindgold="300"/>
	<consume num="35" bindgold="300"/>
	<consume num="36" bindgold="300"/>
	<consume num="37" bindgold="300"/>
	<consume num="38" bindgold="300"/>
	<consume num="39" bindgold="300"/>
	<consume num="40" bindgold="300"/>
	<consume num="41" bindgold="500"/>
	<consume num="42" bindgold="500"/>
	<consume num="43" bindgold="500"/>
	<consume num="44" bindgold="500"/>
	<consume num="45" bindgold="500"/>
	<consume num="46" bindgold="500"/>
	<consume num="47" bindgold="500"/>
	<consume num="48" bindgold="500"/>
	<consume num="49" bindgold="500"/>
	<consume num="50" bindgold="500"/>
	<consume num="51" bindgold="1000"/>
	<consume num="52" bindgold="1000"/>
	<consume num="53" bindgold="1000"/>
	<consume num="54" bindgold="1000"/>
	<consume num="55" bindgold="1000"/>
	<consume num="56" bindgold="1000"/>
	<consume num="57" bindgold="1000"/>
	<consume num="58" bindgold="1000"/>
	<consume num="59" bindgold="1000"/>
	<consume num="60" bindgold="1000"/>
	<consume num="61" bindgold="1000"/>
	<consume num="62" bindgold="1000"/>
	<consume num="63" bindgold="1000"/>
	<consume num="64" bindgold="1000"/>
	<consume num="65" bindgold="1000"/>
	<consume num="66" bindgold="1000"/>
	<consume num="67" bindgold="1000"/>
	<consume num="68" bindgold="1000"/>
	<consume num="69" bindgold="1000"/>
	<consume num="70" bindgold="1000"/>
	<consume num="71" bindgold="1000"/>
	<consume num="72" bindgold="1000"/>
	<consume num="73" bindgold="1000"/>
	<consume num="74" bindgold="1000"/>
	<consume num="75" bindgold="1000"/>
	<consume num="76" bindgold="1000"/>
	<consume num="77" bindgold="1000"/>
	<consume num="78" bindgold="1000"/>
	<consume num="79" bindgold="1000"/>
	<consume num="80" bindgold="1000"/>
	<consume num="81" bindgold="1000"/>
	<consume num="82" bindgold="1000"/>
	<consume num="83" bindgold="1000"/>
	<consume num="84" bindgold="1000"/>
	<consume num="85" bindgold="1000"/>
	<consume num="86" bindgold="1000"/>
	<consume num="87" bindgold="1000"/>
	<consume num="88" bindgold="1000"/>
	<consume num="89" bindgold="1000"/>
	<consume num="90" bindgold="1000"/>
	<consume num="91" bindgold="1000"/>
	<consume num="92" bindgold="1000"/>
	<consume num="93" bindgold="1000"/>
	<consume num="94" bindgold="1000"/>
	<consume num="95" bindgold="1000"/>
	<consume num="96" bindgold="1000"/>
	<consume num="97" bindgold="1000"/>
	<consume num="98" bindgold="1000"/>
	<consume num="99" bindgold="1000"/>
	<consume num="100" bindgold="1000"/>
</powerBuy>
