<prays><!--1代表金币，2代表星石，3代表宝石，4代表经验-->
	<success><!--各种许愿获得的物品及对应的几率-->
	    <pray id="1" name="我要发财">
			<level value="1">
				<content type="1" probability="10" item="2990001,44934" />      <!--10%几率2倍收益 40%几率1.2倍收益 50%几率0.6倍收益-->
				<content type="1" probability="40" item="2990001,26960" />
				<content type="1" probability="50" item="2990001,13480" />
			</level>
			<level value="11">
				<content type="1" probability="10" item="2990001,52424" />
				<content type="1" probability="40" item="2990001,31454" />
				<content type="1" probability="50" item="2990001,15727" />
			</level>
			<level value="21">			
				<content type="1" probability="10" item="2990001,63944" />
				<content type="1" probability="40" item="2990001,38366" />
				<content type="1" probability="50" item="2990001,19183" />			
			</level>
			<level value="31">
		        <content type="1" probability="10" item="2990001,75464" />
				<content type="1" probability="40" item="2990001,45278" />
				<content type="1" probability="50" item="2990001,22639" />				
			</level>
			<level value="41">
                <content type="1" probability="10" item="2990001,86984" />
				<content type="1" probability="40" item="2990001,52190" />
				<content type="1" probability="50" item="2990001,26095" />
			</level>
			<level value="51">
				<content type="1" probability="10" item="2990001,98504" />
				<content type="1" probability="40" item="2990001,59102" />
				<content type="1" probability="50" item="2990001,29551" />
			</level>
			<level value="61">
				<content type="1" probability="10" item="2990001,110024" />
				<content type="1" probability="40" item="2990001,66014" />
				<content type="1" probability="50" item="2990001,33007" />
			</level>
			<level value="71">
                <content type="1" probability="10" item="2990001,121544" />
				<content type="1" probability="40" item="2990001,72926" />
				<content type="1" probability="50" item="2990001,36463" />
			</level>
			<level value="81">				
				<content type="1" probability="10" item="2990001,133064" />
				<content type="1" probability="40" item="2990001,79838" />
				<content type="1" probability="50" item="2990001,39919" />				
			</level>
			<level value="91">							
				<content type="1" probability="10" item="2990001,144584" />
				<content type="1" probability="40" item="2990001,86750" />
				<content type="1" probability="50" item="2990001,43375" />				
			</level>
	    </pray>	
		<pray id="2" name="我要星石">               <!--10%几率2倍收益 40%几率1.2倍收益 50%几率0.6倍收益-->
			<level value="1">
				<content type="1" probability="10" item="2990005,9280" />
				<content type="1" probability="40" item="2990005,5568" />
				<content type="1" probability="50" item="2990005,2784" />		
			</level>
			<level value="11">
				<content type="1" probability="10" item="2990005,9280" />
				<content type="1" probability="40" item="2990005,5568" />
				<content type="1" probability="50" item="2990005,2784" />	
			</level>			
			<level value="21">
				<content type="1" probability="10" item="2990005,9280" />
				<content type="1" probability="40" item="2990005,5568" />
				<content type="1" probability="50" item="2990005,2784" />	
			</level>
			<level value="31">
				<content type="1" probability="10" item="2990005,9280" />
				<content type="1" probability="40" item="2990005,5568" />
				<content type="1" probability="50" item="2990005,2784" />				
			</level>
			<level value="41">				
				<content type="1" probability="10" item="2990005,9280" />
				<content type="1" probability="40" item="2990005,5568" />
				<content type="1" probability="50" item="2990005,2784" />	
			</level>
			<level value="51">						
				<content type="1" probability="10" item="2990005,9280" />
				<content type="1" probability="40" item="2990005,5568" />
				<content type="1" probability="50" item="2990005,2784" />				
			</level>
			<level value="61">			
				<content type="1" probability="10" item="2990005,9280" />
				<content type="1" probability="40" item="2990005,5568" />
				<content type="1" probability="50" item="2990005,2784" />	
			</level>
			<level value="71">					
				<content type="1" probability="10" item="2990005,9280" />
				<content type="1" probability="40" item="2990005,5568" />
				<content type="1" probability="50" item="2990005,2784" />	
			</level>
			<level value="81">
				<content type="1" probability="10" item="2990005,9280" />
				<content type="1" probability="40" item="2990005,5568" />
				<content type="1" probability="50" item="2990005,2784" />					
			</level>
			<level value="91">
				<content type="1" probability="10" item="2990005,9280" />
				<content type="1" probability="40" item="2990005,5568" />
				<content type="1" probability="50" item="2990005,2784" />	
			</level>
	  </pray>
		<pray id="3" name="我要宝石">      <!--屏蔽入口，暂无效-->
			<level value="1">
				<content type="1" probability="10" item="2990005,16500" />
				<content type="1" probability="40" item="2990005,4600" />
				<content type="1" probability="50" item="2990005,2300" />			
			</level>
			<level value="11">
				<content type="1" probability="10" item="2990005,16500" />
				<content type="1" probability="40" item="2990005,4600" />
				<content type="1" probability="50" item="2990005,2300" />		
			</level>			
			<level value="21">
				<content type="1" probability="10" item="2990005,16500" />
				<content type="1" probability="40" item="2990005,4600" />
				<content type="1" probability="50" item="2990005,2300" />		
			</level>
			<level value="31">
				<content type="1" probability="10" item="2990005,16500" />
				<content type="1" probability="40" item="2990005,4600" />
				<content type="1" probability="50" item="2990005,2300" />					
			</level>
			<level value="41">				
				<content type="1" probability="10" item="2990005,16500" />
				<content type="1" probability="40" item="2990005,4600" />
				<content type="1" probability="50" item="2990005,2300" />		
			</level>
			<level value="51">						
				<content type="1" probability="10" item="2990005,16500" />
				<content type="1" probability="40" item="2990005,4600" />
				<content type="1" probability="50" item="2990005,2300" />				
			</level>
			<level value="61">			
				<content type="1" probability="10" item="2990005,16500" />
				<content type="1" probability="40" item="2990005,4600" />
				<content type="1" probability="50" item="2990005,2300" />		
			</level>
			<level value="71">					
				<content type="1" probability="10" item="2990005,16500" />
				<content type="1" probability="40" item="2990005,4600" />
				<content type="1" probability="50" item="2990005,2300" />		
			</level>
			<level value="81">
				<content type="1" probability="10" item="2990005,16500" />
				<content type="1" probability="40" item="2990005,4600" />
				<content type="1" probability="50" item="2990005,2300" />					
			</level>
			<level value="91">
				<content type="1" probability="10" item="2990005,16500" />
				<content type="1" probability="40" item="2990005,4600" />
				<content type="1" probability="50" item="2990005,2300" />		
			</level>
	  </pray>
		<pray id="4" name="我要经验">                    <!--10%几率2倍收益 40%几率1.2倍收益 50%几率0.6倍收益-->
			<level value="1">
				<content type="1" probability="10" item="2990007,1452" />
				<content type="1" probability="40" item="2990007,1452" />
				<content type="1" probability="50" item="2990007,1452" />
			</level>
			<level value="11">
				<content type="1" probability="10" item="2990007,8592" />
				<content type="1" probability="40" item="2990007,5155" />
				<content type="1" probability="50" item="2990007,2577" />
			</level>
			<level value="21">	
				<content type="1" probability="10" item="2990007,14352" />
				<content type="1" probability="40" item="2990007,8611" />
				<content type="1" probability="50" item="2990007,4305" />
			</level>
			<level value="31">
				<content type="1" probability="10" item="2990007,20112" />
				<content type="1" probability="40" item="2990007,12067" />
				<content type="1" probability="50" item="2990007,6033" />
			</level>
			<level value="41">
				<content type="1" probability="10" item="2990007,25872" />
				<content type="1" probability="40" item="2990007,15523" />
				<content type="1" probability="50" item="2990007,7761" />
			</level>
			<level value="51">
				<content type="1" probability="10" item="2990007,31632" />
				<content type="1" probability="40" item="2990007,18979" />
				<content type="1" probability="50" item="2990007,9489" />
			</level>
			<level value="61">
				<content type="1" probability="10" item="2990007,37392" />
				<content type="1" probability="40" item="2990007,22435" />
				<content type="1" probability="50" item="2990007,11217" />
			</level>
			<level value="71">
				<content type="1" probability="10" item="2990007,43152" />
				<content type="1" probability="40" item="2990007,25891" />
				<content type="1" probability="50" item="2990007,12945" />
			</level>
			<level value="81">	
				<content type="1" probability="10" item="2990007,48912" />
				<content type="1" probability="40" item="2990007,29347" />
				<content type="1" probability="50" item="2990007,14673" />
			</level>
			<level value="91">
				<content type="1" probability="10" item="2990007,54672" />
				<content type="1" probability="40" item="2990007,32803" />
				<content type="1" probability="50" item="2990007,16401" />
			</level>
	  </pray>		
	    <pray id="5" name="高级祈福">
			<level value="1">
				<content type="1" probability="100" item="2990001,26960#2990005,5568#2990007,1452" />
			</level>
			<level value="11">
				<content type="1" probability="100" item="2990001,31454#2990005,5568#2990007,5155" />
			</level>			
			<level value="21">
				<content type="1" probability="100" item="2990001,38366#2990005,5568#2990007,8611" />
			</level>
			<level value="31">
				<content type="1" probability="100" item="2990001,45278#2990005,5568#2990007,12067" />
			</level>
			<level  value="41">
				<content type="1" probability="100" item="2990001,52190#2990005,5568#2990007,15523" />
			</level>
			<level value="51">
				<content type="1" probability="100" item="2990001,59102#2990005,5568#2990007,18979" />
			</level>
			<level value="61">
				<content type="1" probability="100" item="2990001,66014#2990005,5568#2990007,22435" />
			</level>
			<level value="71">
                <content type="1" probability="100" item="2990001,72926#2990005,5568#2990007,25891" />
			</level>
			<level value="81">
				<content type="1" probability="100" item="2990001,79838#2990005,5568#2990007,29347" />
			</level>
			<level value="91">
				<content type="1" probability="100" item="2990001,86750#2990005,5568#2990007,32803" />
			</level>
        </pray>
	</success>	
</prays>