<?xml version="1.0" encoding="UTF-8"?>
<RankIntegralAttrs>
   <RankIntegralAttr id="1" rank="1" integral="100" attr="1.02" rankName="民兵" />
   <RankIntegralAttr id="2" rank="2" integral="200" attr="1.03" rankName="侍从" />
   <RankIntegralAttr id="3" rank="3" integral="400" attr="1.04" rankName="游侠" />
   <RankIntegralAttr id="4" rank="4" integral="800" attr="1.05" rankName="骑士" />
   <RankIntegralAttr id="5" rank="5" integral="1400" attr="1.06" rankName="骑士长" />
   <RankIntegralAttr id="6" rank="6" integral="2000" attr="1.07" rankName="领主" />
   <RankIntegralAttr id="7" rank="7" integral="-1" attr="1.1" rankName="准勋" />
   <RankIntegralAttr id="8" rank="8" integral="-1" attr="1.11" rankName="勋爵" />
   <RankIntegralAttr id="9" rank="9" integral="-1" attr="1.12" rankName="男爵" />
   <RankIntegralAttr id="10" rank="10" integral="-1" attr="1.13" rankName="子爵" />
   <RankIntegralAttr id="11" rank="11" integral="-1" attr="1.14" rankName="伯爵" />
   <RankIntegralAttr id="12" rank="12" integral="-1" attr="1.15" rankName="候爵" />
   <RankIntegralAttr id="13" rank="13" integral="-1" attr="1.16" rankName="公爵" />
   <RankIntegralAttr id="14" rank="14" integral="-1" attr="1.18" rankName="大公" />
   <RankIntegralAttr id="15" rank="15" integral="-1" attr="1.2" rankName="亲王" />
</RankIntegralAttrs>