<rankBattleDate>
	<iniDate iniTimes="15" costBattleTimes="50" battleCD="600000" costSpeedUpCD="2" battleTimeLimit="180000" victoryRewardItem="2990001,10000" failureRewardItem="2990001,2000" />
	<!--iniTimes=每天免费次数,costBattleTimes=购买1次挑战次数消耗礼券,battleCD=非V挑战后产生CD(毫秒),costSpeedUpCD=清除CD每1分钟消耗礼券,battleTimeLimit=战斗限时(毫秒)-->
	<!--victoryRewardItem=主动挑战胜利奖励,failureRewardItem=主动挑战失败奖励-->
	
	<buyBattleTimes times="1" cost="2"/>  <!--每天购买巅峰对决挑战次数时，第 times 次购买时，花费魔晶为 cost -->
	<buyBattleTimes times="2" cost="4"/>
	<buyBattleTimes times="3" cost="6"/>
	<buyBattleTimes times="4" cost="8"/>
	<buyBattleTimes times="5" cost="10"/>
	<buyBattleTimes times="6" cost="15"/>
	<buyBattleTimes times="7" cost="20"/>
	<buyBattleTimes times="8" cost="50"/>
	
	
	
	
	<!--可挑战玩家的排名区间处于[lowRank,highRank]之间时，可挑战排名间隔在-->
	<rankBattleTarget>
		<targetDate lowRank="1" highRank="100"         targetLowSpace="1"   targetHighSpace="1" />
		<targetDate lowRank="101" highRank="300"       targetLowSpace="2"   targetHighSpace="5" />
		<targetDate lowRank="301" highRank="500"       targetLowSpace="5"   targetHighSpace="15" />
		<targetDate lowRank="501" highRank="1000"      targetLowSpace="10"  targetHighSpace="30" />
		<targetDate lowRank="1001" highRank="3000"     targetLowSpace="50"  targetHighSpace="100" />
		<targetDate lowRank="3001" highRank="10000000" targetLowSpace="100" targetHighSpace="300" />
	</rankBattleTarget>
	

	
	<!--当玩家排名处于区间[lowRank,highRank]之间时，每隔3天的17:00奖励rankRewardItem-->
	<rankReward>
			<rankRewardDate lowRank="1" highRank="1" rankRewardItem="2990001,2000000"/>
			<rankRewardDate lowRank="2" highRank="2" rankRewardItem="2990001,1500000"/>
			<rankRewardDate lowRank="3" highRank="3" rankRewardItem="2990001,1400000"/>
			<rankRewardDate lowRank="4" highRank="4" rankRewardItem="2990001,1300000"/>
			<rankRewardDate lowRank="5" highRank="5" rankRewardItem="2990001,1200000"/>
			<rankRewardDate lowRank="6" highRank="6" rankRewardItem="2990001,800000"/>
			<rankRewardDate lowRank="7" highRank="7" rankRewardItem="2990001,800000"/>
			<rankRewardDate lowRank="8" highRank="8" rankRewardItem="2990001,800000"/>
			<rankRewardDate lowRank="9" highRank="9" rankRewardItem="2990001,800000"/>
			<rankRewardDate lowRank="10" highRank="10" rankRewardItem="2990001,800000"/>
			<rankRewardDate lowRank="11" highRank="20" rankRewardItem="2990001,300000"/>
			<rankRewardDate lowRank="21" highRank="30" rankRewardItem="2990001,300000"/>
			<rankRewardDate lowRank="31" highRank="40" rankRewardItem="2990001,100000"/>
			<rankRewardDate lowRank="41" highRank="50" rankRewardItem="2990001,100000"/>
			<rankRewardDate lowRank="51" highRank="100" rankRewardItem="2990001,30000"/>
			<rankRewardDate lowRank="101" highRank="300" rankRewardItem="2990001,5000"/>
			<rankRewardDate lowRank="301" highRank="1000" rankRewardItem="2990001,5000"/>
			<rankRewardDate lowRank="1001" highRank="3000" rankRewardItem="2990001,5000"/>
			<rankRewardDate lowRank="3001" highRank="1000000" rankRewardItem="2990001,5000"/>
	</rankReward>
		
</rankBattleDate>



