
<secretshop>
	<nanbeis> <!--南北杂货配置 buyTimes="玩家刷新商店的次数" consSilver="刷新南北商店消耗的金币"--> <!--如果只填了N次，则N次以后的刷新消耗等于N的消耗"-->
		<nanbei  buyTimes="1" consSilver="100000"/>
		<nanbei  buyTimes="2" consSilver="100000"/>
		<nanbei  buyTimes="3" consSilver="300000"/>
		<nanbei  buyTimes="4" consSilver="300000"/>
		<nanbei  buyTimes="5" consSilver="500000"/>
		<nanbei  buyTimes="6" consSilver="500000"/>
		<nanbei  buyTimes="7" consSilver="800000"/>
	</nanbeis> 

	<nbshuaxins><!--南北杂货配置刷新表-->
		<!--item id="物品ID" mun="物品数量" silver="购买此物品需要多少金币" probability="此物品刷新的几率" showNum=“当日最多出现数量" handRefreshNum="当日需手动刷新总计N次才有几率出现"-->
		<nbshuaxin  lvmin="20" lvmax="29">
			<item id="2030101" num="1" silver="500000" probability="15" showNum="5" handRefreshNum="2"/>
			<item id="2030201" num="1" silver="500000" probability="15" showNum="5" handRefreshNum="2"/>
			<item id="2030301" num="1" silver="500000" probability="15" showNum="5" handRefreshNum="2"/>
			<item id="2030401" num="1" silver="500000" probability="15" showNum="5" handRefreshNum="2"/>
			<item id="2030501" num="1" silver="500000" probability="15" showNum="5" handRefreshNum="2"/>
			<item id="2030601" num="1" silver="500000" probability="15" showNum="5" handRefreshNum="2"/>
			<item id="2030701" num="1" silver="500000" probability="15" showNum="5" handRefreshNum="2"/>
			<item id="2050133" num="1" silver="400000" probability="15" showNum="20" handRefreshNum="2"/>
			<item id="2020101" num="1" silver="300000" probability="20" showNum="20" handRefreshNum="0"/>
			<item id="2050173" num="1" silver="600000" probability="20" showNum="20" handRefreshNum="0"/>
			<item id="2990005" num="2000" silver="400000" probability="40" showNum="20" handRefreshNum="0"/>
			<item id="2990001" num="5000" silver="1200000" probability="40" showNum="20" handRefreshNum="0"/>
			<item id="2990001" num="10000" silver="2400000" probability="20" showNum="20" handRefreshNum="0"/>
			<item id="2050101" num="1" silver="350000" probability="23" showNum="10" handRefreshNum="5"/>
			<item id="2050101" num="4" silver="1500000" probability="20" showNum="10" handRefreshNum="5"/>
			<item id="2050117" num="1" silver="100000" probability="40" showNum="1000" handRefreshNum="0"/>
			<item id="2050117" num="5" silver="550000" probability="40" showNum="1000" handRefreshNum="0"/>
			<item id="2010406" num="5" silver="500000" probability="20" showNum="5" handRefreshNum="3"/>
			<item id="2010406" num="1" silver="100000" probability="20" showNum="5" handRefreshNum="3"/>
			<item id="2010306" num="5" silver="500000" probability="20" showNum="5" handRefreshNum="3"/>
			<item id="2010306" num="1" silver="100000" probability="20" showNum="5" handRefreshNum="3"/>
			<item id="2990011" num="29" silver="250000" probability="15" showNum="3" handRefreshNum="5"/>
			<item id="2990011" num="59" silver="550000" probability="15" showNum="3" handRefreshNum="5"/>
			<item id="2990011" num="99" silver="900000" probability="15" showNum="3" handRefreshNum="5"/>
			<item id="2050160" num="5" silver="1600000" probability="30" showNum="1000" handRefreshNum="0"/>
			<item id="2050160" num="1" silver="300000" probability="30" showNum="1000" handRefreshNum="0"/>
			<item id="2080001" num="1" silver="50000" probability="40" showNum="1000" handRefreshNum="0"/>
			<item id="2080002" num="1" silver="120000" probability="20" showNum="20" handRefreshNum="0"/>
			<item id="2010701" num="1" silver="2000000" probability="20" showNum="20" handRefreshNum="0"/>
			<item id="2010704" num="1" silver="2000000" probability="20" showNum="20" handRefreshNum="0"/>
			<item id="2010707" num="1" silver="2000000" probability="20" showNum="20" handRefreshNum="0"/>
			<item id="2010710" num="1" silver="2000000" probability="20" showNum="20" handRefreshNum="0"/>
			<item id="2010713" num="1" silver="2000000" probability="20" showNum="20" handRefreshNum="0"/>
			<item id="2010716" num="1" silver="2000000" probability="20" showNum="20" handRefreshNum="0"/>
			<item id="2010719" num="1" silver="2000000" probability="20" showNum="20" handRefreshNum="0"/>
			<item id="2010722" num="1" silver="2000000" probability="20" showNum="20" handRefreshNum="0"/>
			<item id="2010702" num="1" silver="6000000" probability="4" showNum="10" handRefreshNum="10"/>
			<item id="2010705" num="1" silver="6000000" probability="4" showNum="10" handRefreshNum="10"/>
			<item id="2010708" num="1" silver="6000000" probability="4" showNum="10" handRefreshNum="10"/>
			<item id="2010711" num="1" silver="6000000" probability="4" showNum="10" handRefreshNum="10"/>
			<item id="2010714" num="1" silver="6000000" probability="4" showNum="10" handRefreshNum="10"/>
			<item id="2010717" num="1" silver="6000000" probability="4" showNum="10" handRefreshNum="10"/>
			<item id="2010720" num="1" silver="6000000" probability="4" showNum="10" handRefreshNum="10"/>
			<item id="2010723" num="1" silver="6000000" probability="4" showNum="10" handRefreshNum="10"/>
			<item id="110044" num="1" silver="1000000" probability="6" showNum="2" handRefreshNum="5"/>
			<item id="111044" num="1" silver="1000000" probability="6" showNum="2" handRefreshNum="5"/>
			<item id="112044" num="1" silver="1000000" probability="6" showNum="2" handRefreshNum="5"/>
			<item id="113044" num="1" silver="1000000" probability="6" showNum="2" handRefreshNum="5"/>
			<item id="114044" num="1" silver="1000000" probability="6" showNum="2" handRefreshNum="5"/>
			<item id="115044" num="1" silver="1000000" probability="6" showNum="2" handRefreshNum="5"/>
			<item id="116044" num="1" silver="1000000" probability="6" showNum="2" handRefreshNum="5"/>
			<item id="117044" num="1" silver="1000000" probability="6" showNum="2" handRefreshNum="5"/>
			<item id="118044" num="1" silver="1000000" probability="6" showNum="2" handRefreshNum="5"/>
			<item id="119044" num="1" silver="1000000" probability="6" showNum="2" handRefreshNum="5"/>
			<item id="120044" num="1" silver="1000000" probability="6" showNum="2" handRefreshNum="5"/>
			<item id="121044" num="1" silver="1000000" probability="6" showNum="2" handRefreshNum="5"/>
			<item id="122044" num="1" silver="1000000" probability="6" showNum="2" handRefreshNum="5"/>
			<item id="123044" num="1" silver="1000000" probability="6" showNum="2" handRefreshNum="5"/>
			<item id="124044" num="1" silver="1000000" probability="6" showNum="2" handRefreshNum="5"/>
			<item id="125044" num="1" silver="1000000" probability="6" showNum="2" handRefreshNum="5"/>
			<item id="126044" num="1" silver="1000000" probability="6" showNum="2" handRefreshNum="5"/>
			<item id="127044" num="1" silver="1000000" probability="6" showNum="2" handRefreshNum="5"/>
			<item id="128044" num="1" silver="1000000" probability="6" showNum="2" handRefreshNum="5"/>
			<item id="129044" num="1" silver="1000000" probability="6" showNum="2" handRefreshNum="5"/>
			<item id="130044" num="1" silver="1000000" probability="6" showNum="2" handRefreshNum="5"/>
			<item id="131044" num="1" silver="1000000" probability="6" showNum="2" handRefreshNum="5"/>
			<item id="132044" num="1" silver="1000000" probability="6" showNum="2" handRefreshNum="5"/>
			<item id="133044" num="1" silver="1000000" probability="6" showNum="2" handRefreshNum="5"/>
			<item id="134044" num="1" silver="1000000" probability="6" showNum="2" handRefreshNum="5"/>
			<item id="135044" num="1" silver="1000000" probability="6" showNum="2" handRefreshNum="5"/>
			<item id="136044" num="1" silver="1000000" probability="6" showNum="2" handRefreshNum="5"/>
			<item id="137044" num="1" silver="1000000" probability="6" showNum="2" handRefreshNum="5"/>
			<item id="138044" num="1" silver="1000000" probability="6" showNum="2" handRefreshNum="5"/>
			<item id="139044" num="1" silver="1000000" probability="6" showNum="2" handRefreshNum="5"/>
		</nbshuaxin> 
		<nbshuaxin  lvmin="30" lvmax="39">
			<item id="2030101" num="1" silver="500000" probability="15" showNum="5" handRefreshNum="2"/>
			<item id="2030201" num="1" silver="500000" probability="15" showNum="5" handRefreshNum="2"/>
			<item id="2030301" num="1" silver="500000" probability="15" showNum="5" handRefreshNum="2"/>
			<item id="2030401" num="1" silver="500000" probability="15" showNum="5" handRefreshNum="2"/>
			<item id="2030501" num="1" silver="500000" probability="15" showNum="5" handRefreshNum="2"/>
			<item id="2030601" num="1" silver="500000" probability="15" showNum="5" handRefreshNum="2"/>
			<item id="2030701" num="1" silver="500000" probability="15" showNum="5" handRefreshNum="2"/>
			<item id="2050133" num="1" silver="400000" probability="15" showNum="20" handRefreshNum="2"/>
			<item id="2020101" num="1" silver="300000" probability="20" showNum="20" handRefreshNum="0"/>
			<item id="2050173" num="1" silver="600000" probability="20" showNum="20" handRefreshNum="0"/>
			<item id="2990005" num="2000" silver="400000" probability="40" showNum="20" handRefreshNum="0"/>
			<item id="2990001" num="5000" silver="1200000" probability="40" showNum="20" handRefreshNum="0"/>
			<item id="2990001" num="10000" silver="2400000" probability="20" showNum="20" handRefreshNum="0"/>
			<item id="2050101" num="1" silver="350000" probability="23" showNum="10" handRefreshNum="5"/>
			<item id="2050101" num="4" silver="1500000" probability="20" showNum="10" handRefreshNum="5"/>
			<item id="2050117" num="1" silver="100000" probability="40" showNum="1000" handRefreshNum="0"/>
			<item id="2050117" num="5" silver="550000" probability="40" showNum="1000" handRefreshNum="0"/>
			<item id="2010406" num="5" silver="500000" probability="20" showNum="5" handRefreshNum="3"/>
			<item id="2010406" num="1" silver="100000" probability="20" showNum="5" handRefreshNum="3"/>
			<item id="2010306" num="5" silver="500000" probability="20" showNum="5" handRefreshNum="3"/>
			<item id="2010306" num="1" silver="100000" probability="20" showNum="5" handRefreshNum="3"/>
			<item id="2990011" num="29" silver="250000" probability="15" showNum="3" handRefreshNum="5"/>
			<item id="2990011" num="59" silver="550000" probability="15" showNum="3" handRefreshNum="5"/>
			<item id="2990011" num="99" silver="900000" probability="15" showNum="3" handRefreshNum="5"/>
			<item id="2050160" num="5" silver="1600000" probability="30" showNum="1000" handRefreshNum="0"/>
			<item id="2050160" num="1" silver="300000" probability="30" showNum="1000" handRefreshNum="0"/>
			<item id="2080001" num="1" silver="50000" probability="40" showNum="1000" handRefreshNum="0"/>
			<item id="2080002" num="1" silver="120000" probability="20" showNum="20" handRefreshNum="0"/>
			<item id="2010701" num="1" silver="2000000" probability="20" showNum="20" handRefreshNum="0"/>
			<item id="2010704" num="1" silver="2000000" probability="20" showNum="20" handRefreshNum="0"/>
			<item id="2010707" num="1" silver="2000000" probability="20" showNum="20" handRefreshNum="0"/>
			<item id="2010710" num="1" silver="2000000" probability="20" showNum="20" handRefreshNum="0"/>
			<item id="2010713" num="1" silver="2000000" probability="20" showNum="20" handRefreshNum="0"/>
			<item id="2010716" num="1" silver="2000000" probability="20" showNum="20" handRefreshNum="0"/>
			<item id="2010719" num="1" silver="2000000" probability="20" showNum="20" handRefreshNum="0"/>
			<item id="2010722" num="1" silver="2000000" probability="20" showNum="20" handRefreshNum="0"/>
			<item id="2010702" num="1" silver="6000000" probability="4" showNum="10" handRefreshNum="10"/>
			<item id="2010705" num="1" silver="6000000" probability="4" showNum="10" handRefreshNum="10"/>
			<item id="2010708" num="1" silver="6000000" probability="4" showNum="10" handRefreshNum="10"/>
			<item id="2010711" num="1" silver="6000000" probability="4" showNum="10" handRefreshNum="10"/>
			<item id="2010714" num="1" silver="6000000" probability="4" showNum="10" handRefreshNum="10"/>
			<item id="2010717" num="1" silver="6000000" probability="4" showNum="10" handRefreshNum="10"/>
			<item id="2010720" num="1" silver="6000000" probability="4" showNum="10" handRefreshNum="10"/>
			<item id="2010723" num="1" silver="6000000" probability="4" showNum="10" handRefreshNum="10"/>
			<item id="110054" num="1" silver="2000000" probability="6" showNum="2" handRefreshNum="5"/>
			<item id="111054" num="1" silver="2000000" probability="6" showNum="2" handRefreshNum="5"/>
			<item id="112054" num="1" silver="2000000" probability="6" showNum="2" handRefreshNum="5"/>
			<item id="113054" num="1" silver="2000000" probability="6" showNum="2" handRefreshNum="5"/>
			<item id="114054" num="1" silver="2000000" probability="6" showNum="2" handRefreshNum="5"/>
			<item id="115054" num="1" silver="2000000" probability="6" showNum="2" handRefreshNum="5"/>
			<item id="116054" num="1" silver="2000000" probability="6" showNum="2" handRefreshNum="5"/>
			<item id="117054" num="1" silver="2000000" probability="6" showNum="2" handRefreshNum="5"/>
			<item id="118054" num="1" silver="2000000" probability="6" showNum="2" handRefreshNum="5"/>
			<item id="119054" num="1" silver="2000000" probability="6" showNum="2" handRefreshNum="5"/>
			<item id="120054" num="1" silver="2000000" probability="6" showNum="2" handRefreshNum="5"/>
			<item id="121054" num="1" silver="2000000" probability="6" showNum="2" handRefreshNum="5"/>
			<item id="122054" num="1" silver="2000000" probability="6" showNum="2" handRefreshNum="5"/>
			<item id="123054" num="1" silver="2000000" probability="6" showNum="2" handRefreshNum="5"/>
			<item id="124054" num="1" silver="2000000" probability="6" showNum="2" handRefreshNum="5"/>
			<item id="125054" num="1" silver="2000000" probability="6" showNum="2" handRefreshNum="5"/>
			<item id="126054" num="1" silver="2000000" probability="6" showNum="2" handRefreshNum="5"/>
			<item id="127054" num="1" silver="2000000" probability="6" showNum="2" handRefreshNum="5"/>
			<item id="128054" num="1" silver="2000000" probability="6" showNum="2" handRefreshNum="5"/>
			<item id="129054" num="1" silver="2000000" probability="6" showNum="2" handRefreshNum="5"/>
			<item id="130054" num="1" silver="2000000" probability="6" showNum="2" handRefreshNum="5"/>
			<item id="131054" num="1" silver="2000000" probability="6" showNum="2" handRefreshNum="5"/>
			<item id="132054" num="1" silver="2000000" probability="6" showNum="2" handRefreshNum="5"/>
			<item id="133054" num="1" silver="2000000" probability="6" showNum="2" handRefreshNum="5"/>
			<item id="134054" num="1" silver="2000000" probability="6" showNum="2" handRefreshNum="5"/>
			<item id="135054" num="1" silver="2000000" probability="6" showNum="2" handRefreshNum="5"/>
			<item id="136054" num="1" silver="2000000" probability="6" showNum="2" handRefreshNum="5"/>
			<item id="137054" num="1" silver="2000000" probability="6" showNum="2" handRefreshNum="5"/>
			<item id="138054" num="1" silver="2000000" probability="6" showNum="2" handRefreshNum="5"/>
			<item id="139054" num="1" silver="2000000" probability="6" showNum="2" handRefreshNum="5"/>
		</nbshuaxin> 
		<nbshuaxin  lvmin="40" lvmax="49">
			<item id="2030101" num="1" silver="500000" probability="15" showNum="5" handRefreshNum="2"/>
			<item id="2030201" num="1" silver="500000" probability="15" showNum="5" handRefreshNum="2"/>
			<item id="2030301" num="1" silver="500000" probability="15" showNum="5" handRefreshNum="2"/>
			<item id="2030401" num="1" silver="500000" probability="15" showNum="5" handRefreshNum="2"/>
			<item id="2030501" num="1" silver="500000" probability="15" showNum="5" handRefreshNum="2"/>
			<item id="2030601" num="1" silver="500000" probability="15" showNum="5" handRefreshNum="2"/>
			<item id="2030701" num="1" silver="500000" probability="15" showNum="5" handRefreshNum="2"/>
			<item id="2050133" num="1" silver="400000" probability="15" showNum="20" handRefreshNum="2"/>
			<item id="2020101" num="1" silver="300000" probability="20" showNum="20" handRefreshNum="0"/>
			<item id="2050173" num="1" silver="600000" probability="20" showNum="20" handRefreshNum="0"/>
			<item id="2990005" num="2000" silver="400000" probability="40" showNum="20" handRefreshNum="0"/>
			<item id="2990001" num="5000" silver="1200000" probability="40" showNum="20" handRefreshNum="0"/>
			<item id="2990001" num="10000" silver="2400000" probability="20" showNum="20" handRefreshNum="0"/>
			<item id="2050101" num="1" silver="350000" probability="23" showNum="10" handRefreshNum="5"/>
			<item id="2050101" num="4" silver="1500000" probability="20" showNum="10" handRefreshNum="5"/>
			<item id="2050117" num="1" silver="100000" probability="40" showNum="1000" handRefreshNum="0"/>
			<item id="2050117" num="5" silver="550000" probability="40" showNum="1000" handRefreshNum="0"/>
			<item id="2010406" num="5" silver="500000" probability="20" showNum="5" handRefreshNum="3"/>
			<item id="2010406" num="1" silver="100000" probability="20" showNum="5" handRefreshNum="3"/>
			<item id="2010306" num="5" silver="500000" probability="20" showNum="5" handRefreshNum="3"/>
			<item id="2010306" num="1" silver="100000" probability="20" showNum="5" handRefreshNum="3"/>
			<item id="2990011" num="29" silver="250000" probability="15" showNum="3" handRefreshNum="5"/>
			<item id="2990011" num="59" silver="550000" probability="15" showNum="3" handRefreshNum="5"/>
			<item id="2990011" num="99" silver="900000" probability="15" showNum="3" handRefreshNum="5"/>
			<item id="2050160" num="5" silver="1600000" probability="30" showNum="1000" handRefreshNum="0"/>
			<item id="2050160" num="1" silver="300000" probability="30" showNum="1000" handRefreshNum="0"/>
			<item id="2080001" num="1" silver="50000" probability="40" showNum="1000" handRefreshNum="0"/>
			<item id="2080002" num="1" silver="120000" probability="20" showNum="20" handRefreshNum="0"/>
			<item id="2010701" num="1" silver="2000000" probability="20" showNum="20" handRefreshNum="0"/>
			<item id="2010704" num="1" silver="2000000" probability="20" showNum="20" handRefreshNum="0"/>
			<item id="2010707" num="1" silver="2000000" probability="20" showNum="20" handRefreshNum="0"/>
			<item id="2010710" num="1" silver="2000000" probability="20" showNum="20" handRefreshNum="0"/>
			<item id="2010713" num="1" silver="2000000" probability="20" showNum="20" handRefreshNum="0"/>
			<item id="2010716" num="1" silver="2000000" probability="20" showNum="20" handRefreshNum="0"/>
			<item id="2010719" num="1" silver="2000000" probability="20" showNum="20" handRefreshNum="0"/>
			<item id="2010722" num="1" silver="2000000" probability="20" showNum="20" handRefreshNum="0"/>
			<item id="2010702" num="1" silver="6000000" probability="4" showNum="10" handRefreshNum="10"/>
			<item id="2010705" num="1" silver="6000000" probability="4" showNum="10" handRefreshNum="10"/>
			<item id="2010708" num="1" silver="6000000" probability="4" showNum="10" handRefreshNum="10"/>
			<item id="2010711" num="1" silver="6000000" probability="4" showNum="10" handRefreshNum="10"/>
			<item id="2010714" num="1" silver="6000000" probability="4" showNum="10" handRefreshNum="10"/>
			<item id="2010717" num="1" silver="6000000" probability="4" showNum="10" handRefreshNum="10"/>
			<item id="2010720" num="1" silver="6000000" probability="4" showNum="10" handRefreshNum="10"/>
			<item id="2010723" num="1" silver="6000000" probability="4" showNum="10" handRefreshNum="10"/>
			<item id="110064" num="1" silver="4000000" probability="6" showNum="2" handRefreshNum="5"/>
			<item id="111064" num="1" silver="4000000" probability="6" showNum="2" handRefreshNum="5"/>
			<item id="112064" num="1" silver="4000000" probability="6" showNum="2" handRefreshNum="5"/>
			<item id="113064" num="1" silver="4000000" probability="6" showNum="2" handRefreshNum="5"/>
			<item id="114064" num="1" silver="4000000" probability="6" showNum="2" handRefreshNum="5"/>
			<item id="115064" num="1" silver="4000000" probability="6" showNum="2" handRefreshNum="5"/>
			<item id="116064" num="1" silver="4000000" probability="6" showNum="2" handRefreshNum="5"/>
			<item id="117064" num="1" silver="4000000" probability="6" showNum="2" handRefreshNum="5"/>
			<item id="118064" num="1" silver="4000000" probability="6" showNum="2" handRefreshNum="5"/>
			<item id="119064" num="1" silver="4000000" probability="6" showNum="2" handRefreshNum="5"/>
			<item id="120064" num="1" silver="4000000" probability="6" showNum="2" handRefreshNum="5"/>
			<item id="121064" num="1" silver="4000000" probability="6" showNum="2" handRefreshNum="5"/>
			<item id="122064" num="1" silver="4000000" probability="6" showNum="2" handRefreshNum="5"/>
			<item id="123064" num="1" silver="4000000" probability="6" showNum="2" handRefreshNum="5"/>
			<item id="124064" num="1" silver="4000000" probability="6" showNum="2" handRefreshNum="5"/>
			<item id="125064" num="1" silver="4000000" probability="6" showNum="2" handRefreshNum="5"/>
			<item id="126064" num="1" silver="4000000" probability="6" showNum="2" handRefreshNum="5"/>
			<item id="127064" num="1" silver="4000000" probability="6" showNum="2" handRefreshNum="5"/>
			<item id="128064" num="1" silver="4000000" probability="6" showNum="2" handRefreshNum="5"/>
			<item id="129064" num="1" silver="4000000" probability="6" showNum="2" handRefreshNum="5"/>
			<item id="130064" num="1" silver="4000000" probability="6" showNum="2" handRefreshNum="5"/>
			<item id="131064" num="1" silver="4000000" probability="6" showNum="2" handRefreshNum="5"/>
			<item id="132064" num="1" silver="4000000" probability="6" showNum="2" handRefreshNum="5"/>
			<item id="133064" num="1" silver="4000000" probability="6" showNum="2" handRefreshNum="5"/>
			<item id="134064" num="1" silver="4000000" probability="6" showNum="2" handRefreshNum="5"/>
			<item id="135064" num="1" silver="4000000" probability="6" showNum="2" handRefreshNum="5"/>
			<item id="136064" num="1" silver="4000000" probability="6" showNum="2" handRefreshNum="5"/>
			<item id="137064" num="1" silver="4000000" probability="6" showNum="2" handRefreshNum="5"/>
			<item id="138064" num="1" silver="4000000" probability="6" showNum="2" handRefreshNum="5"/>
			<item id="139064" num="1" silver="4000000" probability="6" showNum="2" handRefreshNum="5"/>
		</nbshuaxin> 
		<nbshuaxin  lvmin="50" lvmax="59">
			<item id="2030101" num="1" silver="500000" probability="15" showNum="5" handRefreshNum="2"/>
			<item id="2030201" num="1" silver="500000" probability="15" showNum="5" handRefreshNum="2"/>
			<item id="2030301" num="1" silver="500000" probability="15" showNum="5" handRefreshNum="2"/>
			<item id="2030401" num="1" silver="500000" probability="15" showNum="5" handRefreshNum="2"/>
			<item id="2030501" num="1" silver="500000" probability="15" showNum="5" handRefreshNum="2"/>
			<item id="2030601" num="1" silver="500000" probability="15" showNum="5" handRefreshNum="2"/>
			<item id="2030701" num="1" silver="500000" probability="15" showNum="5" handRefreshNum="2"/>
			<item id="2050133" num="1" silver="400000" probability="15" showNum="20" handRefreshNum="2"/>
			<item id="2020101" num="1" silver="300000" probability="20" showNum="20" handRefreshNum="0"/>
			<item id="2050173" num="1" silver="600000" probability="20" showNum="20" handRefreshNum="0"/>
			<item id="2990005" num="2000" silver="400000" probability="40" showNum="20" handRefreshNum="0"/>
			<item id="2990001" num="5000" silver="1200000" probability="40" showNum="20" handRefreshNum="0"/>
			<item id="2990001" num="10000" silver="2400000" probability="20" showNum="20" handRefreshNum="0"/>
			<item id="2050101" num="1" silver="350000" probability="23" showNum="10" handRefreshNum="5"/>
			<item id="2050101" num="4" silver="1500000" probability="20" showNum="10" handRefreshNum="5"/>
			<item id="2050117" num="1" silver="100000" probability="40" showNum="1000" handRefreshNum="0"/>
			<item id="2050117" num="5" silver="550000" probability="40" showNum="1000" handRefreshNum="0"/>
			<item id="2010406" num="5" silver="500000" probability="20" showNum="5" handRefreshNum="3"/>
			<item id="2010406" num="1" silver="100000" probability="20" showNum="5" handRefreshNum="3"/>
			<item id="2010306" num="5" silver="500000" probability="20" showNum="5" handRefreshNum="3"/>
			<item id="2010306" num="1" silver="100000" probability="20" showNum="5" handRefreshNum="3"/>
			<item id="2990011" num="29" silver="250000" probability="15" showNum="3" handRefreshNum="5"/>
			<item id="2990011" num="59" silver="550000" probability="15" showNum="3" handRefreshNum="5"/>
			<item id="2990011" num="99" silver="900000" probability="15" showNum="3" handRefreshNum="5"/>
			<item id="2050160" num="5" silver="1600000" probability="30" showNum="1000" handRefreshNum="0"/>
			<item id="2050160" num="1" silver="300000" probability="30" showNum="1000" handRefreshNum="0"/>
			<item id="2080001" num="1" silver="50000" probability="40" showNum="1000" handRefreshNum="0"/>
			<item id="2080002" num="1" silver="120000" probability="20" showNum="20" handRefreshNum="0"/>
			<item id="2010701" num="1" silver="2000000" probability="20" showNum="20" handRefreshNum="0"/>
			<item id="2010704" num="1" silver="2000000" probability="20" showNum="20" handRefreshNum="0"/>
			<item id="2010707" num="1" silver="2000000" probability="20" showNum="20" handRefreshNum="0"/>
			<item id="2010710" num="1" silver="2000000" probability="20" showNum="20" handRefreshNum="0"/>
			<item id="2010713" num="1" silver="2000000" probability="20" showNum="20" handRefreshNum="0"/>
			<item id="2010716" num="1" silver="2000000" probability="20" showNum="20" handRefreshNum="0"/>
			<item id="2010719" num="1" silver="2000000" probability="20" showNum="20" handRefreshNum="0"/>
			<item id="2010722" num="1" silver="2000000" probability="20" showNum="20" handRefreshNum="0"/>
			<item id="2010702" num="1" silver="6000000" probability="4" showNum="10" handRefreshNum="10"/>
			<item id="2010705" num="1" silver="6000000" probability="4" showNum="10" handRefreshNum="10"/>
			<item id="2010708" num="1" silver="6000000" probability="4" showNum="10" handRefreshNum="10"/>
			<item id="2010711" num="1" silver="6000000" probability="4" showNum="10" handRefreshNum="10"/>
			<item id="2010714" num="1" silver="6000000" probability="4" showNum="10" handRefreshNum="10"/>
			<item id="2010717" num="1" silver="6000000" probability="4" showNum="10" handRefreshNum="10"/>
			<item id="2010720" num="1" silver="6000000" probability="4" showNum="10" handRefreshNum="10"/>
			<item id="2010723" num="1" silver="6000000" probability="4" showNum="10" handRefreshNum="10"/>
			<item id="110074" num="1" silver="6000000" probability="6" showNum="2" handRefreshNum="5"/>
			<item id="111074" num="1" silver="6000000" probability="6" showNum="2" handRefreshNum="5"/>
			<item id="112074" num="1" silver="6000000" probability="6" showNum="2" handRefreshNum="5"/>
			<item id="113074" num="1" silver="6000000" probability="6" showNum="2" handRefreshNum="5"/>
			<item id="114074" num="1" silver="6000000" probability="6" showNum="2" handRefreshNum="5"/>
			<item id="115074" num="1" silver="6000000" probability="6" showNum="2" handRefreshNum="5"/>
			<item id="116074" num="1" silver="6000000" probability="6" showNum="2" handRefreshNum="5"/>
			<item id="117074" num="1" silver="6000000" probability="6" showNum="2" handRefreshNum="5"/>
			<item id="118074" num="1" silver="6000000" probability="6" showNum="2" handRefreshNum="5"/>
			<item id="119074" num="1" silver="6000000" probability="6" showNum="2" handRefreshNum="5"/>
			<item id="120074" num="1" silver="6000000" probability="6" showNum="2" handRefreshNum="5"/>
			<item id="121074" num="1" silver="6000000" probability="6" showNum="2" handRefreshNum="5"/>
			<item id="122074" num="1" silver="6000000" probability="6" showNum="2" handRefreshNum="5"/>
			<item id="123074" num="1" silver="6000000" probability="6" showNum="2" handRefreshNum="5"/>
			<item id="124074" num="1" silver="6000000" probability="6" showNum="2" handRefreshNum="5"/>
			<item id="125074" num="1" silver="6000000" probability="6" showNum="2" handRefreshNum="5"/>
			<item id="126074" num="1" silver="6000000" probability="6" showNum="2" handRefreshNum="5"/>
			<item id="127074" num="1" silver="6000000" probability="6" showNum="2" handRefreshNum="5"/>
			<item id="128074" num="1" silver="6000000" probability="6" showNum="2" handRefreshNum="5"/>
			<item id="129074" num="1" silver="6000000" probability="6" showNum="2" handRefreshNum="5"/>
			<item id="130074" num="1" silver="6000000" probability="6" showNum="2" handRefreshNum="5"/>
			<item id="131074" num="1" silver="6000000" probability="6" showNum="2" handRefreshNum="5"/>
			<item id="132074" num="1" silver="6000000" probability="6" showNum="2" handRefreshNum="5"/>
			<item id="133074" num="1" silver="6000000" probability="6" showNum="2" handRefreshNum="5"/>
			<item id="134074" num="1" silver="6000000" probability="6" showNum="2" handRefreshNum="5"/>
			<item id="135074" num="1" silver="6000000" probability="6" showNum="2" handRefreshNum="5"/>
			<item id="136074" num="1" silver="6000000" probability="6" showNum="2" handRefreshNum="5"/>
			<item id="137074" num="1" silver="6000000" probability="6" showNum="2" handRefreshNum="5"/>
			<item id="138074" num="1" silver="6000000" probability="6" showNum="2" handRefreshNum="5"/>
			<item id="139074" num="1" silver="6000000" probability="6" showNum="2" handRefreshNum="5"/>
		</nbshuaxin> 
		<nbshuaxin  lvmin="60" lvmax="69">
			<item id="2030101" num="1" silver="500000" probability="15" showNum="5" handRefreshNum="2"/>
			<item id="2030201" num="1" silver="500000" probability="15" showNum="5" handRefreshNum="2"/>
			<item id="2030301" num="1" silver="500000" probability="15" showNum="5" handRefreshNum="2"/>
			<item id="2030401" num="1" silver="500000" probability="15" showNum="5" handRefreshNum="2"/>
			<item id="2030501" num="1" silver="500000" probability="15" showNum="5" handRefreshNum="2"/>
			<item id="2030601" num="1" silver="500000" probability="15" showNum="5" handRefreshNum="2"/>
			<item id="2030701" num="1" silver="500000" probability="15" showNum="5" handRefreshNum="2"/>
			<item id="2050133" num="1" silver="400000" probability="15" showNum="20" handRefreshNum="2"/>
			<item id="2020101" num="1" silver="300000" probability="20" showNum="20" handRefreshNum="0"/>
			<item id="2050173" num="1" silver="600000" probability="20" showNum="20" handRefreshNum="0"/>
			<item id="2990005" num="2000" silver="400000" probability="40" showNum="20" handRefreshNum="0"/>
			<item id="2990001" num="5000" silver="1200000" probability="40" showNum="20" handRefreshNum="0"/>
			<item id="2990001" num="10000" silver="2400000" probability="20" showNum="20" handRefreshNum="0"/>
			<item id="2050101" num="1" silver="350000" probability="23" showNum="10" handRefreshNum="5"/>
			<item id="2050101" num="4" silver="1500000" probability="20" showNum="10" handRefreshNum="5"/>
			<item id="2050117" num="1" silver="100000" probability="40" showNum="1000" handRefreshNum="0"/>
			<item id="2050117" num="5" silver="550000" probability="40" showNum="1000" handRefreshNum="0"/>
			<item id="2010406" num="5" silver="500000" probability="20" showNum="5" handRefreshNum="3"/>
			<item id="2010406" num="1" silver="100000" probability="20" showNum="5" handRefreshNum="3"/>
			<item id="2010306" num="5" silver="500000" probability="20" showNum="5" handRefreshNum="3"/>
			<item id="2010306" num="1" silver="100000" probability="20" showNum="5" handRefreshNum="3"/>
			<item id="2990011" num="29" silver="250000" probability="15" showNum="3" handRefreshNum="5"/>
			<item id="2990011" num="59" silver="550000" probability="15" showNum="3" handRefreshNum="5"/>
			<item id="2990011" num="99" silver="900000" probability="15" showNum="3" handRefreshNum="5"/>
			<item id="2050160" num="5" silver="1600000" probability="30" showNum="1000" handRefreshNum="0"/>
			<item id="2050160" num="1" silver="300000" probability="30" showNum="1000" handRefreshNum="0"/>
			<item id="2080001" num="1" silver="50000" probability="40" showNum="1000" handRefreshNum="0"/>
			<item id="2080002" num="1" silver="120000" probability="20" showNum="20" handRefreshNum="0"/>
			<item id="2010701" num="1" silver="2000000" probability="20" showNum="20" handRefreshNum="0"/>
			<item id="2010704" num="1" silver="2000000" probability="20" showNum="20" handRefreshNum="0"/>
			<item id="2010707" num="1" silver="2000000" probability="20" showNum="20" handRefreshNum="0"/>
			<item id="2010710" num="1" silver="2000000" probability="20" showNum="20" handRefreshNum="0"/>
			<item id="2010713" num="1" silver="2000000" probability="20" showNum="20" handRefreshNum="0"/>
			<item id="2010716" num="1" silver="2000000" probability="20" showNum="20" handRefreshNum="0"/>
			<item id="2010719" num="1" silver="2000000" probability="20" showNum="20" handRefreshNum="0"/>
			<item id="2010722" num="1" silver="2000000" probability="20" showNum="20" handRefreshNum="0"/>
			<item id="2010702" num="1" silver="6000000" probability="4" showNum="10" handRefreshNum="10"/>
			<item id="2010705" num="1" silver="6000000" probability="4" showNum="10" handRefreshNum="10"/>
			<item id="2010708" num="1" silver="6000000" probability="4" showNum="10" handRefreshNum="10"/>
			<item id="2010711" num="1" silver="6000000" probability="4" showNum="10" handRefreshNum="10"/>
			<item id="2010714" num="1" silver="6000000" probability="4" showNum="10" handRefreshNum="10"/>
			<item id="2010717" num="1" silver="6000000" probability="4" showNum="10" handRefreshNum="10"/>
			<item id="2010720" num="1" silver="6000000" probability="4" showNum="10" handRefreshNum="10"/>
			<item id="2010723" num="1" silver="6000000" probability="4" showNum="10" handRefreshNum="10"/>
			<item id="110084" num="1" silver="8000000" probability="6" showNum="2" handRefreshNum="5"/>
			<item id="111084" num="1" silver="8000000" probability="6" showNum="2" handRefreshNum="5"/>
			<item id="112084" num="1" silver="8000000" probability="6" showNum="2" handRefreshNum="5"/>
			<item id="113084" num="1" silver="8000000" probability="6" showNum="2" handRefreshNum="5"/>
			<item id="114084" num="1" silver="8000000" probability="6" showNum="2" handRefreshNum="5"/>
			<item id="115084" num="1" silver="8000000" probability="6" showNum="2" handRefreshNum="5"/>
			<item id="116084" num="1" silver="8000000" probability="6" showNum="2" handRefreshNum="5"/>
			<item id="117084" num="1" silver="8000000" probability="6" showNum="2" handRefreshNum="5"/>
			<item id="118084" num="1" silver="8000000" probability="6" showNum="2" handRefreshNum="5"/>
			<item id="119084" num="1" silver="8000000" probability="6" showNum="2" handRefreshNum="5"/>
			<item id="120084" num="1" silver="8000000" probability="6" showNum="2" handRefreshNum="5"/>
			<item id="121084" num="1" silver="8000000" probability="6" showNum="2" handRefreshNum="5"/>
			<item id="122084" num="1" silver="8000000" probability="6" showNum="2" handRefreshNum="5"/>
			<item id="123084" num="1" silver="8000000" probability="6" showNum="2" handRefreshNum="5"/>
			<item id="124084" num="1" silver="8000000" probability="6" showNum="2" handRefreshNum="5"/>
			<item id="125084" num="1" silver="8000000" probability="6" showNum="2" handRefreshNum="5"/>
			<item id="126084" num="1" silver="8000000" probability="6" showNum="2" handRefreshNum="5"/>
			<item id="127084" num="1" silver="8000000" probability="6" showNum="2" handRefreshNum="5"/>
			<item id="128084" num="1" silver="8000000" probability="6" showNum="2" handRefreshNum="5"/>
			<item id="129084" num="1" silver="8000000" probability="6" showNum="2" handRefreshNum="5"/>
			<item id="130084" num="1" silver="8000000" probability="6" showNum="2" handRefreshNum="5"/>
			<item id="131084" num="1" silver="8000000" probability="6" showNum="2" handRefreshNum="5"/>
			<item id="132084" num="1" silver="8000000" probability="6" showNum="2" handRefreshNum="5"/>
			<item id="133084" num="1" silver="8000000" probability="6" showNum="2" handRefreshNum="5"/>
			<item id="134084" num="1" silver="8000000" probability="6" showNum="2" handRefreshNum="5"/>
			<item id="135084" num="1" silver="8000000" probability="6" showNum="2" handRefreshNum="5"/>
			<item id="136084" num="1" silver="8000000" probability="6" showNum="2" handRefreshNum="5"/>
			<item id="137084" num="1" silver="8000000" probability="6" showNum="2" handRefreshNum="5"/>
			<item id="138084" num="1" silver="8000000" probability="6" showNum="2" handRefreshNum="5"/>
			<item id="139084" num="1" silver="8000000" probability="6" showNum="2" handRefreshNum="5"/>
		</nbshuaxin> 
		<nbshuaxin  lvmin="70" lvmax="79">
			<item id="2030101" num="1" silver="500000" probability="15" showNum="5" handRefreshNum="2"/>
			<item id="2030201" num="1" silver="500000" probability="15" showNum="5" handRefreshNum="2"/>
			<item id="2030301" num="1" silver="500000" probability="15" showNum="5" handRefreshNum="2"/>
			<item id="2030401" num="1" silver="500000" probability="15" showNum="5" handRefreshNum="2"/>
			<item id="2030501" num="1" silver="500000" probability="15" showNum="5" handRefreshNum="2"/>
			<item id="2030601" num="1" silver="500000" probability="15" showNum="5" handRefreshNum="2"/>
			<item id="2030701" num="1" silver="500000" probability="15" showNum="5" handRefreshNum="2"/>
			<item id="2050133" num="1" silver="400000" probability="15" showNum="20" handRefreshNum="2"/>
			<item id="2020101" num="1" silver="300000" probability="20" showNum="20" handRefreshNum="0"/>
			<item id="2050173" num="1" silver="600000" probability="20" showNum="20" handRefreshNum="0"/>
			<item id="2990005" num="2000" silver="400000" probability="40" showNum="20" handRefreshNum="0"/>
			<item id="2990001" num="5000" silver="1200000" probability="40" showNum="20" handRefreshNum="0"/>
			<item id="2990001" num="10000" silver="2400000" probability="20" showNum="20" handRefreshNum="0"/>
			<item id="2050101" num="1" silver="350000" probability="23" showNum="10" handRefreshNum="5"/>
			<item id="2050101" num="4" silver="1500000" probability="20" showNum="10" handRefreshNum="5"/>
			<item id="2050117" num="1" silver="100000" probability="40" showNum="1000" handRefreshNum="0"/>
			<item id="2050117" num="5" silver="550000" probability="40" showNum="1000" handRefreshNum="0"/>
			<item id="2010406" num="5" silver="500000" probability="20" showNum="5" handRefreshNum="3"/>
			<item id="2010406" num="1" silver="100000" probability="20" showNum="5" handRefreshNum="3"/>
			<item id="2010306" num="5" silver="500000" probability="20" showNum="5" handRefreshNum="3"/>
			<item id="2010306" num="1" silver="100000" probability="20" showNum="5" handRefreshNum="3"/>
			<item id="2990011" num="29" silver="250000" probability="15" showNum="3" handRefreshNum="5"/>
			<item id="2990011" num="59" silver="550000" probability="15" showNum="3" handRefreshNum="5"/>
			<item id="2990011" num="99" silver="900000" probability="15" showNum="3" handRefreshNum="5"/>
			<item id="2050160" num="5" silver="1600000" probability="30" showNum="1000" handRefreshNum="0"/>
			<item id="2050160" num="1" silver="300000" probability="30" showNum="1000" handRefreshNum="0"/>
			<item id="2080001" num="1" silver="50000" probability="40" showNum="1000" handRefreshNum="0"/>
			<item id="2080002" num="1" silver="120000" probability="20" showNum="20" handRefreshNum="0"/>
			<item id="2010701" num="1" silver="2000000" probability="20" showNum="20" handRefreshNum="0"/>
			<item id="2010704" num="1" silver="2000000" probability="20" showNum="20" handRefreshNum="0"/>
			<item id="2010707" num="1" silver="2000000" probability="20" showNum="20" handRefreshNum="0"/>
			<item id="2010710" num="1" silver="2000000" probability="20" showNum="20" handRefreshNum="0"/>
			<item id="2010713" num="1" silver="2000000" probability="20" showNum="20" handRefreshNum="0"/>
			<item id="2010716" num="1" silver="2000000" probability="20" showNum="20" handRefreshNum="0"/>
			<item id="2010719" num="1" silver="2000000" probability="20" showNum="20" handRefreshNum="0"/>
			<item id="2010722" num="1" silver="2000000" probability="20" showNum="20" handRefreshNum="0"/>
			<item id="2010702" num="1" silver="6000000" probability="4" showNum="10" handRefreshNum="10"/>
			<item id="2010705" num="1" silver="6000000" probability="4" showNum="10" handRefreshNum="10"/>
			<item id="2010708" num="1" silver="6000000" probability="4" showNum="10" handRefreshNum="10"/>
			<item id="2010711" num="1" silver="6000000" probability="4" showNum="10" handRefreshNum="10"/>
			<item id="2010714" num="1" silver="6000000" probability="4" showNum="10" handRefreshNum="10"/>
			<item id="2010717" num="1" silver="6000000" probability="4" showNum="10" handRefreshNum="10"/>
			<item id="2010720" num="1" silver="6000000" probability="4" showNum="10" handRefreshNum="10"/>
			<item id="2010723" num="1" silver="6000000" probability="4" showNum="10" handRefreshNum="10"/>
			<item id="110094" num="1" silver="10000000" probability="6" showNum="2" handRefreshNum="5"/>
			<item id="111094" num="1" silver="10000000" probability="6" showNum="2" handRefreshNum="5"/>
			<item id="112094" num="1" silver="10000000" probability="6" showNum="2" handRefreshNum="5"/>
			<item id="113094" num="1" silver="10000000" probability="6" showNum="2" handRefreshNum="5"/>
			<item id="114094" num="1" silver="10000000" probability="6" showNum="2" handRefreshNum="5"/>
			<item id="115094" num="1" silver="10000000" probability="6" showNum="2" handRefreshNum="5"/>
			<item id="116094" num="1" silver="10000000" probability="6" showNum="2" handRefreshNum="5"/>
			<item id="117094" num="1" silver="10000000" probability="6" showNum="2" handRefreshNum="5"/>
			<item id="118094" num="1" silver="10000000" probability="6" showNum="2" handRefreshNum="5"/>
			<item id="119094" num="1" silver="10000000" probability="6" showNum="2" handRefreshNum="5"/>
			<item id="120094" num="1" silver="10000000" probability="6" showNum="2" handRefreshNum="5"/>
			<item id="121094" num="1" silver="10000000" probability="6" showNum="2" handRefreshNum="5"/>
			<item id="122094" num="1" silver="10000000" probability="6" showNum="2" handRefreshNum="5"/>
			<item id="123094" num="1" silver="10000000" probability="6" showNum="2" handRefreshNum="5"/>
			<item id="124094" num="1" silver="10000000" probability="6" showNum="2" handRefreshNum="5"/>
			<item id="125094" num="1" silver="10000000" probability="6" showNum="2" handRefreshNum="5"/>
			<item id="126094" num="1" silver="10000000" probability="6" showNum="2" handRefreshNum="5"/>
			<item id="127094" num="1" silver="10000000" probability="6" showNum="2" handRefreshNum="5"/>
			<item id="128094" num="1" silver="10000000" probability="6" showNum="2" handRefreshNum="5"/>
			<item id="129094" num="1" silver="10000000" probability="6" showNum="2" handRefreshNum="5"/>
			<item id="130094" num="1" silver="10000000" probability="6" showNum="2" handRefreshNum="5"/>
			<item id="131094" num="1" silver="10000000" probability="6" showNum="2" handRefreshNum="5"/>
			<item id="132094" num="1" silver="10000000" probability="6" showNum="2" handRefreshNum="5"/>
			<item id="133094" num="1" silver="10000000" probability="6" showNum="2" handRefreshNum="5"/>
			<item id="134094" num="1" silver="10000000" probability="6" showNum="2" handRefreshNum="5"/>
			<item id="135094" num="1" silver="10000000" probability="6" showNum="2" handRefreshNum="5"/>
			<item id="136094" num="1" silver="10000000" probability="6" showNum="2" handRefreshNum="5"/>
			<item id="137094" num="1" silver="10000000" probability="6" showNum="2" handRefreshNum="5"/>
			<item id="138094" num="1" silver="10000000" probability="6" showNum="2" handRefreshNum="5"/>
			<item id="139094" num="1" silver="10000000" probability="6" showNum="2" handRefreshNum="5"/>
		</nbshuaxin> 
	</nbshuaxins> 

	<shenmis> <!--神秘杂货配置 buyTimes="玩家刷新商店的次数" consGold="刷新神秘商店消耗的魔晶"-->
		<shenmi  buyTimes="1" consGold="5"/>
		<shenmi  buyTimes="2" consGold="10"/>
		<shenmi  buyTimes="3" consGold="15"/>
		<shenmi  buyTimes="4" consGold="20"/>
		<shenmi  buyTimes="5" consGold="30"/>
		<shenmi  buyTimes="6" consGold="40"/>
		<shenmi  buyTimes="7" consGold="50"/><!--如果只填了N次，则N次以后的刷新消耗等于N的消耗"-->
	</shenmis> 

	<smshuaxins><!--神秘杂货配置刷新表-->
		<!--item id="物品ID" mun="物品数量" gold="购买此物品需要多少魔晶" probability="此物品刷新的几率" showNum=“当日最多出现数量" handRefreshNum="当日需手动刷新总计N次才有几率出现"-->
		<smshuaxin  lvmin="20" lvmax="29"><!--神秘杂货20~29级刷新表-->
			<item id="2050159" num="1" gold="30" probability="10" showNum="10" handRefreshNum="5"/>
			<item id="2050159" num="5" gold="175" probability="10" showNum="10" handRefreshNum="5"/>
			<item id="2020101" num="10" gold="40" probability="30" showNum="50" handRefreshNum="0"/>
			<item id="2020101" num="20" gold="80" probability="30" showNum="50" handRefreshNum="0"/>
			<item id="2020101" num="50" gold="350" probability="30" showNum="50" handRefreshNum="0"/>
			<item id="2050173" num="10" gold="60" probability="30" showNum="50" handRefreshNum="0"/>
			<item id="2050173" num="20" gold="120" probability="30" showNum="50" handRefreshNum="0"/>
			<item id="2050173" num="50" gold="300" probability="30" showNum="50" handRefreshNum="0"/>
			<item id="2030102" num="1" gold="5" probability="20" showNum="1000" handRefreshNum="0"/>
			<item id="2030202" num="1" gold="5" probability="20" showNum="1000" handRefreshNum="0"/>
			<item id="2030302" num="1" gold="5" probability="20" showNum="1000" handRefreshNum="0"/>
			<item id="2030402" num="1" gold="5" probability="40" showNum="1000" handRefreshNum="0"/>
			<item id="2030502" num="1" gold="5" probability="20" showNum="1000" handRefreshNum="0"/>
			<item id="2030602" num="1" gold="5" probability="20" showNum="1000" handRefreshNum="0"/>
			<item id="2030702" num="1" gold="5" probability="20" showNum="1000" handRefreshNum="0"/>
			<item id="2050134" num="1" gold="4" probability="20" showNum="1000" handRefreshNum="0"/>
			<item id="2030103" num="1" gold="15" probability="15" showNum="1000" handRefreshNum="0"/>
			<item id="2030203" num="1" gold="15" probability="15" showNum="1000" handRefreshNum="0"/>
			<item id="2030303" num="1" gold="15" probability="15" showNum="1000" handRefreshNum="0"/>
			<item id="2030403" num="1" gold="15" probability="30" showNum="1000" handRefreshNum="0"/>
			<item id="2030503" num="1" gold="15" probability="15" showNum="1000" handRefreshNum="0"/>
			<item id="2030603" num="1" gold="15" probability="15" showNum="1000" handRefreshNum="0"/>
			<item id="2030703" num="1" gold="15" probability="15" showNum="1000" handRefreshNum="0"/>
			<item id="2050135" num="1" gold="14" probability="15" showNum="1000" handRefreshNum="0"/>
			<item id="2050125" num="10" gold="50" probability="15" showNum="10" handRefreshNum="3"/>
			<item id="2050125" num="20" gold="100" probability="5" showNum="5" handRefreshNum="3"/>
			<item id="2050125" num="30" gold="150" probability="5" showNum="5" handRefreshNum="3"/>
			<item id="2990013" num="30" gold="40" probability="15" showNum="5" handRefreshNum="0"/>
			<item id="2990013" num="100" gold="120" probability="15" showNum="5" handRefreshNum="0"/>
			<item id="2990013" num="300" gold="400" probability="15" showNum="5" handRefreshNum="0"/>
			<item id="2050142" num="20" gold="199" probability="30" showNum="100" handRefreshNum="0"/>
			<item id="2050142" num="5" gold="55" probability="30" showNum="100" handRefreshNum="0"/>
			<item id="2990008" num="20" gold="3000" probability="30" showNum="5" handRefreshNum="0"/>
			<item id="2990008" num="1" gold="150" probability="15" showNum="5" handRefreshNum="0"/>
			<item id="2990001" num="500000" gold="20" probability="30" showNum="10" handRefreshNum="0"/>
			<item id="2990005" num="10000" gold="20" probability="30" showNum="100" handRefreshNum="0"/>
			<item id="2990005" num="50000" gold="90" probability="30" showNum="100" handRefreshNum="0"/>
			<item id="2990005" num="100000" gold="170" probability="35" showNum="100" handRefreshNum="0"/>
			<item id="2050161" num="1" gold="50" probability="20" showNum="100" handRefreshNum="5"/>
			<item id="2050162" num="1" gold="480" probability="20" showNum="100" handRefreshNum="5"/>
			<item id="2010702" num="1" gold="100" probability="5" showNum="10" handRefreshNum="10"/>
			<item id="2010705" num="1" gold="100" probability="5" showNum="10" handRefreshNum="10"/>
			<item id="2010708" num="1" gold="100" probability="5" showNum="10" handRefreshNum="10"/>
			<item id="2010711" num="1" gold="100" probability="10" showNum="10" handRefreshNum="10"/>
			<item id="2010714" num="1" gold="100" probability="10" showNum="10" handRefreshNum="10"/>
			<item id="2010717" num="1" gold="100" probability="10" showNum="10" handRefreshNum="10"/>
			<item id="2010720" num="1" gold="100" probability="10" showNum="10" handRefreshNum="10"/>
			<item id="2010723" num="1" gold="100" probability="10" showNum="10" handRefreshNum="10"/>
			<item id="110045" num="1" gold="100" probability="2" showNum="1" handRefreshNum="10"/>
			<item id="111045" num="1" gold="100" probability="3" showNum="1" handRefreshNum="10"/>
			<item id="112045" num="1" gold="100" probability="3" showNum="1" handRefreshNum="10"/>
			<item id="113045" num="1" gold="100" probability="3" showNum="1" handRefreshNum="10"/>
			<item id="114045" num="1" gold="100" probability="3" showNum="1" handRefreshNum="10"/>
			<item id="115045" num="1" gold="100" probability="3" showNum="1" handRefreshNum="10"/>
			<item id="116045" num="1" gold="100" probability="3" showNum="1" handRefreshNum="10"/>
			<item id="117045" num="1" gold="100" probability="2" showNum="1" handRefreshNum="10"/>
			<item id="118045" num="1" gold="100" probability="2" showNum="1" handRefreshNum="10"/>
			<item id="119045" num="1" gold="100" probability="2" showNum="1" handRefreshNum="10"/>
			<item id="120045" num="1" gold="100" probability="3" showNum="1" handRefreshNum="10"/>
			<item id="121045" num="1" gold="100" probability="3" showNum="1" handRefreshNum="10"/>
			<item id="122045" num="1" gold="100" probability="3" showNum="1" handRefreshNum="10"/>
			<item id="123045" num="1" gold="100" probability="3" showNum="1" handRefreshNum="10"/>
			<item id="124045" num="1" gold="100" probability="3" showNum="1" handRefreshNum="10"/>
			<item id="125045" num="1" gold="100" probability="3" showNum="1" handRefreshNum="10"/>
			<item id="126045" num="1" gold="100" probability="3" showNum="1" handRefreshNum="10"/>
			<item id="127045" num="1" gold="100" probability="2" showNum="1" handRefreshNum="10"/>
			<item id="128045" num="1" gold="100" probability="2" showNum="1" handRefreshNum="10"/>
			<item id="129045" num="1" gold="100" probability="2" showNum="1" handRefreshNum="10"/>
			<item id="130045" num="1" gold="100" probability="3" showNum="1" handRefreshNum="10"/>
			<item id="131045" num="1" gold="100" probability="3" showNum="1" handRefreshNum="10"/>
			<item id="132045" num="1" gold="100" probability="3" showNum="1" handRefreshNum="10"/>
			<item id="133045" num="1" gold="100" probability="3" showNum="1" handRefreshNum="10"/>
			<item id="134045" num="1" gold="100" probability="3" showNum="1" handRefreshNum="10"/>
			<item id="135045" num="1" gold="100" probability="3" showNum="1" handRefreshNum="10"/>
			<item id="136045" num="1" gold="100" probability="3" showNum="1" handRefreshNum="10"/>
			<item id="137045" num="1" gold="100" probability="2" showNum="1" handRefreshNum="10"/>
			<item id="138045" num="1" gold="100" probability="2" showNum="1" handRefreshNum="10"/>
			<item id="139045" num="1" gold="100" probability="2" showNum="1" handRefreshNum="10"/>
		</smshuaxin> 
		<smshuaxin  lvmin="30" lvmax="39">
			<item id="2050159" num="1" gold="30" probability="10" showNum="10" handRefreshNum="5"/>
			<item id="2050159" num="5" gold="175" probability="10" showNum="10" handRefreshNum="5"/>
			<item id="2020101" num="10" gold="40" probability="30" showNum="50" handRefreshNum="0"/>
			<item id="2020101" num="20" gold="80" probability="30" showNum="50" handRefreshNum="0"/>
			<item id="2020101" num="50" gold="350" probability="30" showNum="50" handRefreshNum="0"/>
			<item id="2050173" num="10" gold="60" probability="30" showNum="50" handRefreshNum="0"/>
			<item id="2050173" num="20" gold="120" probability="30" showNum="50" handRefreshNum="0"/>
			<item id="2050173" num="50" gold="300" probability="30" showNum="50" handRefreshNum="0"/>
			<item id="2030102" num="1" gold="5" probability="20" showNum="1000" handRefreshNum="0"/>
			<item id="2030202" num="1" gold="5" probability="20" showNum="1000" handRefreshNum="0"/>
			<item id="2030302" num="1" gold="5" probability="20" showNum="1000" handRefreshNum="0"/>
			<item id="2030402" num="1" gold="5" probability="40" showNum="1000" handRefreshNum="0"/>
			<item id="2030502" num="1" gold="5" probability="20" showNum="1000" handRefreshNum="0"/>
			<item id="2030602" num="1" gold="5" probability="20" showNum="1000" handRefreshNum="0"/>
			<item id="2030702" num="1" gold="5" probability="20" showNum="1000" handRefreshNum="0"/>
			<item id="2050134" num="1" gold="4" probability="20" showNum="1000" handRefreshNum="0"/>
			<item id="2030103" num="1" gold="15" probability="15" showNum="1000" handRefreshNum="0"/>
			<item id="2030203" num="1" gold="15" probability="15" showNum="1000" handRefreshNum="0"/>
			<item id="2030303" num="1" gold="15" probability="15" showNum="1000" handRefreshNum="0"/>
			<item id="2030403" num="1" gold="15" probability="30" showNum="1000" handRefreshNum="0"/>
			<item id="2030503" num="1" gold="15" probability="15" showNum="1000" handRefreshNum="0"/>
			<item id="2030603" num="1" gold="15" probability="15" showNum="1000" handRefreshNum="0"/>
			<item id="2030703" num="1" gold="15" probability="15" showNum="1000" handRefreshNum="0"/>
			<item id="2050135" num="1" gold="14" probability="15" showNum="1000" handRefreshNum="0"/>
			<item id="2050125" num="10" gold="50" probability="15" showNum="10" handRefreshNum="3"/>
			<item id="2050125" num="20" gold="100" probability="5" showNum="5" handRefreshNum="3"/>
			<item id="2050125" num="30" gold="150" probability="5" showNum="5" handRefreshNum="3"/>
			<item id="2990013" num="30" gold="40" probability="15" showNum="5" handRefreshNum="0"/>
			<item id="2990013" num="100" gold="120" probability="15" showNum="5" handRefreshNum="0"/>
			<item id="2990013" num="300" gold="400" probability="15" showNum="5" handRefreshNum="0"/>
			<item id="2050142" num="20" gold="199" probability="30" showNum="100" handRefreshNum="0"/>
			<item id="2050142" num="5" gold="55" probability="30" showNum="100" handRefreshNum="0"/>
			<item id="2990008" num="20" gold="3000" probability="30" showNum="5" handRefreshNum="0"/>
			<item id="2990008" num="1" gold="150" probability="15" showNum="5" handRefreshNum="0"/>
			<item id="2990001" num="500000" gold="20" probability="30" showNum="10" handRefreshNum="0"/>
			<item id="2990005" num="10000" gold="20" probability="30" showNum="100" handRefreshNum="0"/>
			<item id="2990005" num="50000" gold="90" probability="30" showNum="100" handRefreshNum="0"/>
			<item id="2990005" num="100000" gold="170" probability="35" showNum="100" handRefreshNum="0"/>
			<item id="2050161" num="1" gold="50" probability="20" showNum="100" handRefreshNum="5"/>
			<item id="2050162" num="1" gold="480" probability="20" showNum="100" handRefreshNum="5"/>
			<item id="2010702" num="1" gold="100" probability="5" showNum="10" handRefreshNum="10"/>
			<item id="2010705" num="1" gold="100" probability="5" showNum="10" handRefreshNum="10"/>
			<item id="2010708" num="1" gold="100" probability="5" showNum="10" handRefreshNum="10"/>
			<item id="2010711" num="1" gold="100" probability="10" showNum="10" handRefreshNum="10"/>
			<item id="2010714" num="1" gold="100" probability="10" showNum="10" handRefreshNum="10"/>
			<item id="2010717" num="1" gold="100" probability="10" showNum="10" handRefreshNum="10"/>
			<item id="2010720" num="1" gold="100" probability="10" showNum="10" handRefreshNum="10"/>
			<item id="2010723" num="1" gold="100" probability="10" showNum="10" handRefreshNum="10"/>
			<item id="110055" num="1" gold="200" probability="2" showNum="1" handRefreshNum="10"/>
			<item id="111055" num="1" gold="200" probability="3" showNum="1" handRefreshNum="10"/>
			<item id="112055" num="1" gold="200" probability="3" showNum="1" handRefreshNum="10"/>
			<item id="113055" num="1" gold="200" probability="3" showNum="1" handRefreshNum="10"/>
			<item id="114055" num="1" gold="200" probability="3" showNum="1" handRefreshNum="10"/>
			<item id="115055" num="1" gold="200" probability="3" showNum="1" handRefreshNum="10"/>
			<item id="116055" num="1" gold="200" probability="3" showNum="1" handRefreshNum="10"/>
			<item id="117055" num="1" gold="200" probability="2" showNum="1" handRefreshNum="10"/>
			<item id="118055" num="1" gold="200" probability="2" showNum="1" handRefreshNum="10"/>
			<item id="119055" num="1" gold="200" probability="2" showNum="1" handRefreshNum="10"/>
			<item id="120055" num="1" gold="200" probability="3" showNum="1" handRefreshNum="10"/>
			<item id="121055" num="1" gold="200" probability="3" showNum="1" handRefreshNum="10"/>
			<item id="122055" num="1" gold="200" probability="3" showNum="1" handRefreshNum="10"/>
			<item id="123055" num="1" gold="200" probability="3" showNum="1" handRefreshNum="10"/>
			<item id="124055" num="1" gold="200" probability="3" showNum="1" handRefreshNum="10"/>
			<item id="125055" num="1" gold="200" probability="3" showNum="1" handRefreshNum="10"/>
			<item id="126055" num="1" gold="200" probability="3" showNum="1" handRefreshNum="10"/>
			<item id="127055" num="1" gold="200" probability="2" showNum="1" handRefreshNum="10"/>
			<item id="128055" num="1" gold="200" probability="2" showNum="1" handRefreshNum="10"/>
			<item id="129055" num="1" gold="200" probability="2" showNum="1" handRefreshNum="10"/>
			<item id="130055" num="1" gold="200" probability="3" showNum="1" handRefreshNum="10"/>
			<item id="131055" num="1" gold="200" probability="3" showNum="1" handRefreshNum="10"/>
			<item id="132055" num="1" gold="200" probability="3" showNum="1" handRefreshNum="10"/>
			<item id="133055" num="1" gold="200" probability="3" showNum="1" handRefreshNum="10"/>
			<item id="134055" num="1" gold="200" probability="3" showNum="1" handRefreshNum="10"/>
			<item id="135055" num="1" gold="200" probability="3" showNum="1" handRefreshNum="10"/>
			<item id="136055" num="1" gold="200" probability="3" showNum="1" handRefreshNum="10"/>
			<item id="137055" num="1" gold="200" probability="2" showNum="1" handRefreshNum="10"/>
			<item id="138055" num="1" gold="200" probability="2" showNum="1" handRefreshNum="10"/>
			<item id="139055" num="1" gold="200" probability="2" showNum="1" handRefreshNum="10"/>
		</smshuaxin> 
		<smshuaxin  lvmin="40" lvmax="49">
			<item id="2050159" num="1" gold="30" probability="10" showNum="10" handRefreshNum="5"/>
			<item id="2050159" num="5" gold="175" probability="10" showNum="10" handRefreshNum="5"/>
			<item id="2020101" num="10" gold="40" probability="30" showNum="50" handRefreshNum="0"/>
			<item id="2020101" num="20" gold="80" probability="30" showNum="50" handRefreshNum="0"/>
			<item id="2020101" num="50" gold="350" probability="30" showNum="50" handRefreshNum="0"/>
			<item id="2050173" num="10" gold="60" probability="30" showNum="50" handRefreshNum="0"/>
			<item id="2050173" num="20" gold="120" probability="30" showNum="50" handRefreshNum="0"/>
			<item id="2050173" num="50" gold="300" probability="30" showNum="50" handRefreshNum="0"/>
			<item id="2030102" num="1" gold="5" probability="20" showNum="1000" handRefreshNum="0"/>
			<item id="2030202" num="1" gold="5" probability="20" showNum="1000" handRefreshNum="0"/>
			<item id="2030302" num="1" gold="5" probability="20" showNum="1000" handRefreshNum="0"/>
			<item id="2030402" num="1" gold="5" probability="40" showNum="1000" handRefreshNum="0"/>
			<item id="2030502" num="1" gold="5" probability="20" showNum="1000" handRefreshNum="0"/>
			<item id="2030602" num="1" gold="5" probability="20" showNum="1000" handRefreshNum="0"/>
			<item id="2030702" num="1" gold="5" probability="20" showNum="1000" handRefreshNum="0"/>
			<item id="2050134" num="1" gold="4" probability="20" showNum="1000" handRefreshNum="0"/>
			<item id="2030103" num="1" gold="15" probability="15" showNum="1000" handRefreshNum="0"/>
			<item id="2030203" num="1" gold="15" probability="15" showNum="1000" handRefreshNum="0"/>
			<item id="2030303" num="1" gold="15" probability="15" showNum="1000" handRefreshNum="0"/>
			<item id="2030403" num="1" gold="15" probability="30" showNum="1000" handRefreshNum="0"/>
			<item id="2030503" num="1" gold="15" probability="15" showNum="1000" handRefreshNum="0"/>
			<item id="2030603" num="1" gold="15" probability="15" showNum="1000" handRefreshNum="0"/>
			<item id="2030703" num="1" gold="15" probability="15" showNum="1000" handRefreshNum="0"/>
			<item id="2050135" num="1" gold="14" probability="15" showNum="1000" handRefreshNum="0"/>
			<item id="2050125" num="20" gold="100" probability="15" showNum="10" handRefreshNum="3"/>
			<item id="2050125" num="50" gold="250" probability="5" showNum="5" handRefreshNum="3"/>
			<item id="2050125" num="100" gold="500" probability="5" showNum="5" handRefreshNum="3"/>
			<item id="2990013" num="30" gold="40" probability="15" showNum="5" handRefreshNum="0"/>
			<item id="2990013" num="100" gold="120" probability="15" showNum="5" handRefreshNum="0"/>
			<item id="2990013" num="300" gold="400" probability="15" showNum="5" handRefreshNum="0"/>
			<item id="2050142" num="20" gold="199" probability="30" showNum="100" handRefreshNum="0"/>
			<item id="2050142" num="5" gold="55" probability="30" showNum="100" handRefreshNum="0"/>
			<item id="2990008" num="20" gold="3000" probability="30" showNum="5" handRefreshNum="0"/>
			<item id="2990008" num="1" gold="150" probability="15" showNum="5" handRefreshNum="0"/>
			<item id="2990001" num="500000" gold="20" probability="30" showNum="10" handRefreshNum="0"/>
			<item id="2990005" num="10000" gold="20" probability="30" showNum="100" handRefreshNum="0"/>
			<item id="2990005" num="50000" gold="90" probability="30" showNum="100" handRefreshNum="0"/>
			<item id="2990005" num="100000" gold="170" probability="35" showNum="100" handRefreshNum="0"/>
			<item id="2050161" num="1" gold="50" probability="20" showNum="100" handRefreshNum="5"/>
			<item id="2050162" num="1" gold="480" probability="20" showNum="100" handRefreshNum="5"/>
			<item id="2010702" num="1" gold="100" probability="5" showNum="10" handRefreshNum="10"/>
			<item id="2010705" num="1" gold="100" probability="5" showNum="10" handRefreshNum="10"/>
			<item id="2010708" num="1" gold="100" probability="5" showNum="10" handRefreshNum="10"/>
			<item id="2010711" num="1" gold="100" probability="10" showNum="10" handRefreshNum="10"/>
			<item id="2010714" num="1" gold="100" probability="10" showNum="10" handRefreshNum="10"/>
			<item id="2010717" num="1" gold="100" probability="10" showNum="10" handRefreshNum="10"/>
			<item id="2010720" num="1" gold="100" probability="10" showNum="10" handRefreshNum="10"/>
			<item id="2010723" num="1" gold="100" probability="10" showNum="10" handRefreshNum="10"/>
			<item id="110065" num="1" gold="300" probability="2" showNum="1" handRefreshNum="10"/>
			<item id="111065" num="1" gold="300" probability="3" showNum="1" handRefreshNum="10"/>
			<item id="112065" num="1" gold="300" probability="3" showNum="1" handRefreshNum="10"/>
			<item id="113065" num="1" gold="300" probability="3" showNum="1" handRefreshNum="10"/>
			<item id="114065" num="1" gold="300" probability="3" showNum="1" handRefreshNum="10"/>
			<item id="115065" num="1" gold="300" probability="3" showNum="1" handRefreshNum="10"/>
			<item id="116065" num="1" gold="300" probability="3" showNum="1" handRefreshNum="10"/>
			<item id="117065" num="1" gold="300" probability="2" showNum="1" handRefreshNum="10"/>
			<item id="118065" num="1" gold="300" probability="2" showNum="1" handRefreshNum="10"/>
			<item id="119065" num="1" gold="300" probability="2" showNum="1" handRefreshNum="10"/>
			<item id="120065" num="1" gold="300" probability="3" showNum="1" handRefreshNum="10"/>
			<item id="121065" num="1" gold="300" probability="3" showNum="1" handRefreshNum="10"/>
			<item id="122065" num="1" gold="300" probability="3" showNum="1" handRefreshNum="10"/>
			<item id="123065" num="1" gold="300" probability="3" showNum="1" handRefreshNum="10"/>
			<item id="124065" num="1" gold="300" probability="3" showNum="1" handRefreshNum="10"/>
			<item id="125065" num="1" gold="300" probability="3" showNum="1" handRefreshNum="10"/>
			<item id="126065" num="1" gold="300" probability="3" showNum="1" handRefreshNum="10"/>
			<item id="127065" num="1" gold="300" probability="2" showNum="1" handRefreshNum="10"/>
			<item id="128065" num="1" gold="300" probability="2" showNum="1" handRefreshNum="10"/>
			<item id="129065" num="1" gold="300" probability="2" showNum="1" handRefreshNum="10"/>
			<item id="130065" num="1" gold="300" probability="3" showNum="1" handRefreshNum="10"/>
			<item id="131065" num="1" gold="300" probability="3" showNum="1" handRefreshNum="10"/>
			<item id="132065" num="1" gold="300" probability="3" showNum="1" handRefreshNum="10"/>
			<item id="133065" num="1" gold="300" probability="3" showNum="1" handRefreshNum="10"/>
			<item id="134065" num="1" gold="300" probability="3" showNum="1" handRefreshNum="10"/>
			<item id="135065" num="1" gold="300" probability="3" showNum="1" handRefreshNum="10"/>
			<item id="136065" num="1" gold="300" probability="3" showNum="1" handRefreshNum="10"/>
			<item id="137065" num="1" gold="300" probability="2" showNum="1" handRefreshNum="10"/>
			<item id="138065" num="1" gold="300" probability="2" showNum="1" handRefreshNum="10"/>
			<item id="139065" num="1" gold="300" probability="2" showNum="1" handRefreshNum="10"/>
		</smshuaxin> 
		<smshuaxin  lvmin="50" lvmax="59">
			<item id="2050159" num="1" gold="30" probability="10" showNum="10" handRefreshNum="5"/>
			<item id="2050159" num="5" gold="175" probability="10" showNum="10" handRefreshNum="5"/>
			<item id="2020101" num="10" gold="40" probability="30" showNum="50" handRefreshNum="0"/>
			<item id="2020101" num="20" gold="80" probability="30" showNum="50" handRefreshNum="0"/>
			<item id="2020101" num="50" gold="350" probability="30" showNum="50" handRefreshNum="0"/>
			<item id="2050173" num="10" gold="60" probability="30" showNum="50" handRefreshNum="0"/>
			<item id="2050173" num="20" gold="120" probability="30" showNum="50" handRefreshNum="0"/>
			<item id="2050173" num="50" gold="300" probability="30" showNum="50" handRefreshNum="0"/>
			<item id="2030102" num="1" gold="5" probability="20" showNum="1000" handRefreshNum="0"/>
			<item id="2030202" num="1" gold="5" probability="20" showNum="1000" handRefreshNum="0"/>
			<item id="2030302" num="1" gold="5" probability="20" showNum="1000" handRefreshNum="0"/>
			<item id="2030402" num="1" gold="5" probability="40" showNum="1000" handRefreshNum="0"/>
			<item id="2030502" num="1" gold="5" probability="20" showNum="1000" handRefreshNum="0"/>
			<item id="2030602" num="1" gold="5" probability="20" showNum="1000" handRefreshNum="0"/>
			<item id="2030702" num="1" gold="5" probability="20" showNum="1000" handRefreshNum="0"/>
			<item id="2050134" num="1" gold="4" probability="20" showNum="1000" handRefreshNum="0"/>
			<item id="2030103" num="1" gold="15" probability="15" showNum="1000" handRefreshNum="0"/>
			<item id="2030203" num="1" gold="15" probability="15" showNum="1000" handRefreshNum="0"/>
			<item id="2030303" num="1" gold="15" probability="15" showNum="1000" handRefreshNum="0"/>
			<item id="2030403" num="1" gold="15" probability="30" showNum="1000" handRefreshNum="0"/>
			<item id="2030503" num="1" gold="15" probability="15" showNum="1000" handRefreshNum="0"/>
			<item id="2030603" num="1" gold="15" probability="15" showNum="1000" handRefreshNum="0"/>
			<item id="2030703" num="1" gold="15" probability="15" showNum="1000" handRefreshNum="0"/>
			<item id="2050135" num="1" gold="14" probability="15" showNum="1000" handRefreshNum="0"/>
			<item id="2050125" num="20" gold="100" probability="15" showNum="10" handRefreshNum="3"/>
			<item id="2050125" num="50" gold="250" probability="5" showNum="5" handRefreshNum="3"/>
			<item id="2050125" num="100" gold="500" probability="5" showNum="5" handRefreshNum="3"/>
			<item id="2990013" num="600" gold="1000" probability="15" showNum="5" handRefreshNum="0"/>
			<item id="2990013" num="100" gold="120" probability="15" showNum="5" handRefreshNum="0"/>
			<item id="2990013" num="300" gold="400" probability="15" showNum="5" handRefreshNum="0"/>
			<item id="2050142" num="20" gold="199" probability="30" showNum="100" handRefreshNum="0"/>
			<item id="2050142" num="5" gold="55" probability="30" showNum="100" handRefreshNum="0"/>
			<item id="2990008" num="20" gold="3000" probability="30" showNum="5" handRefreshNum="0"/>
			<item id="2990008" num="1" gold="150" probability="15" showNum="5" handRefreshNum="0"/>
			<item id="2990001" num="500000" gold="20" probability="30" showNum="10" handRefreshNum="0"/>
			<item id="2990005" num="10000" gold="20" probability="30" showNum="100" handRefreshNum="0"/>
			<item id="2990005" num="50000" gold="90" probability="30" showNum="100" handRefreshNum="0"/>
			<item id="2990005" num="100000" gold="170" probability="35" showNum="100" handRefreshNum="0"/>
			<item id="2050161" num="1" gold="50" probability="20" showNum="100" handRefreshNum="5"/>
			<item id="2050162" num="1" gold="480" probability="20" showNum="100" handRefreshNum="5"/>
			<item id="2010702" num="1" gold="100" probability="5" showNum="10" handRefreshNum="10"/>
			<item id="2010705" num="1" gold="100" probability="5" showNum="10" handRefreshNum="10"/>
			<item id="2010708" num="1" gold="100" probability="5" showNum="10" handRefreshNum="10"/>
			<item id="2010711" num="1" gold="100" probability="10" showNum="10" handRefreshNum="10"/>
			<item id="2010714" num="1" gold="100" probability="10" showNum="10" handRefreshNum="10"/>
			<item id="2010717" num="1" gold="100" probability="10" showNum="10" handRefreshNum="10"/>
			<item id="2010720" num="1" gold="100" probability="10" showNum="10" handRefreshNum="10"/>
			<item id="2010723" num="1" gold="100" probability="10" showNum="10" handRefreshNum="10"/>
			<item id="110075" num="1" gold="400" probability="2" showNum="1" handRefreshNum="10"/>
			<item id="111075" num="1" gold="400" probability="3" showNum="1" handRefreshNum="10"/>
			<item id="112075" num="1" gold="400" probability="3" showNum="1" handRefreshNum="10"/>
			<item id="113075" num="1" gold="400" probability="3" showNum="1" handRefreshNum="10"/>
			<item id="114075" num="1" gold="400" probability="3" showNum="1" handRefreshNum="10"/>
			<item id="115075" num="1" gold="400" probability="3" showNum="1" handRefreshNum="10"/>
			<item id="116075" num="1" gold="400" probability="3" showNum="1" handRefreshNum="10"/>
			<item id="117075" num="1" gold="400" probability="2" showNum="1" handRefreshNum="10"/>
			<item id="118075" num="1" gold="400" probability="2" showNum="1" handRefreshNum="10"/>
			<item id="119075" num="1" gold="400" probability="2" showNum="1" handRefreshNum="10"/>
			<item id="120075" num="1" gold="400" probability="3" showNum="1" handRefreshNum="10"/>
			<item id="121075" num="1" gold="400" probability="3" showNum="1" handRefreshNum="10"/>
			<item id="122075" num="1" gold="400" probability="3" showNum="1" handRefreshNum="10"/>
			<item id="123075" num="1" gold="400" probability="3" showNum="1" handRefreshNum="10"/>
			<item id="124075" num="1" gold="400" probability="3" showNum="1" handRefreshNum="10"/>
			<item id="125075" num="1" gold="400" probability="3" showNum="1" handRefreshNum="10"/>
			<item id="126075" num="1" gold="400" probability="3" showNum="1" handRefreshNum="10"/>
			<item id="127075" num="1" gold="400" probability="2" showNum="1" handRefreshNum="10"/>
			<item id="128075" num="1" gold="400" probability="2" showNum="1" handRefreshNum="10"/>
			<item id="129075" num="1" gold="400" probability="2" showNum="1" handRefreshNum="10"/>
			<item id="130075" num="1" gold="400" probability="3" showNum="1" handRefreshNum="10"/>
			<item id="131075" num="1" gold="400" probability="3" showNum="1" handRefreshNum="10"/>
			<item id="132075" num="1" gold="400" probability="3" showNum="1" handRefreshNum="10"/>
			<item id="133075" num="1" gold="400" probability="3" showNum="1" handRefreshNum="10"/>
			<item id="134075" num="1" gold="400" probability="3" showNum="1" handRefreshNum="10"/>
			<item id="135075" num="1" gold="400" probability="3" showNum="1" handRefreshNum="10"/>
			<item id="136075" num="1" gold="400" probability="3" showNum="1" handRefreshNum="10"/>
			<item id="137075" num="1" gold="400" probability="2" showNum="1" handRefreshNum="10"/>
			<item id="138075" num="1" gold="400" probability="2" showNum="1" handRefreshNum="10"/>
			<item id="139075" num="1" gold="400" probability="2" showNum="1" handRefreshNum="10"/>
		</smshuaxin> 
		<smshuaxin  lvmin="60" lvmax="69">
			<item id="2050159" num="1" gold="30" probability="10" showNum="10" handRefreshNum="5"/>
			<item id="2050159" num="5" gold="175" probability="10" showNum="10" handRefreshNum="5"/>
			<item id="2020101" num="10" gold="40" probability="30" showNum="50" handRefreshNum="0"/>
			<item id="2020101" num="20" gold="80" probability="30" showNum="50" handRefreshNum="0"/>
			<item id="2020101" num="50" gold="350" probability="30" showNum="50" handRefreshNum="0"/>
			<item id="2050173" num="10" gold="60" probability="30" showNum="50" handRefreshNum="0"/>
			<item id="2050173" num="20" gold="120" probability="30" showNum="50" handRefreshNum="0"/>
			<item id="2050173" num="50" gold="300" probability="30" showNum="50" handRefreshNum="0"/>
			<item id="2030102" num="1" gold="5" probability="20" showNum="1000" handRefreshNum="0"/>
			<item id="2030202" num="1" gold="5" probability="20" showNum="1000" handRefreshNum="0"/>
			<item id="2030302" num="1" gold="5" probability="20" showNum="1000" handRefreshNum="0"/>
			<item id="2030402" num="1" gold="5" probability="40" showNum="1000" handRefreshNum="0"/>
			<item id="2030502" num="1" gold="5" probability="20" showNum="1000" handRefreshNum="0"/>
			<item id="2030602" num="1" gold="5" probability="20" showNum="1000" handRefreshNum="0"/>
			<item id="2030702" num="1" gold="5" probability="20" showNum="1000" handRefreshNum="0"/>
			<item id="2050134" num="1" gold="4" probability="20" showNum="1000" handRefreshNum="0"/>
			<item id="2030103" num="1" gold="15" probability="15" showNum="1000" handRefreshNum="0"/>
			<item id="2030203" num="1" gold="15" probability="15" showNum="1000" handRefreshNum="0"/>
			<item id="2030303" num="1" gold="15" probability="15" showNum="1000" handRefreshNum="0"/>
			<item id="2030403" num="1" gold="15" probability="30" showNum="1000" handRefreshNum="0"/>
			<item id="2030503" num="1" gold="15" probability="15" showNum="1000" handRefreshNum="0"/>
			<item id="2030603" num="1" gold="15" probability="15" showNum="1000" handRefreshNum="0"/>
			<item id="2030703" num="1" gold="15" probability="15" showNum="1000" handRefreshNum="0"/>
			<item id="2050135" num="1" gold="14" probability="15" showNum="1000" handRefreshNum="0"/>
			<item id="2050125" num="20" gold="100" probability="15" showNum="10" handRefreshNum="3"/>
			<item id="2050125" num="50" gold="250" probability="5" showNum="5" handRefreshNum="3"/>
			<item id="2050125" num="100" gold="500" probability="5" showNum="5" handRefreshNum="3"/>
			<item id="2990013" num="600" gold="1000" probability="15" showNum="5" handRefreshNum="0"/>
			<item id="2990013" num="100" gold="120" probability="15" showNum="5" handRefreshNum="0"/>
			<item id="2990013" num="300" gold="400" probability="15" showNum="5" handRefreshNum="0"/>
			<item id="2050142" num="20" gold="199" probability="30" showNum="100" handRefreshNum="0"/>
			<item id="2050142" num="5" gold="55" probability="30" showNum="100" handRefreshNum="0"/>
			<item id="2990008" num="20" gold="3000" probability="30" showNum="5" handRefreshNum="0"/>
			<item id="2990008" num="1" gold="150" probability="15" showNum="5" handRefreshNum="0"/>
			<item id="2990001" num="500000" gold="20" probability="30" showNum="10" handRefreshNum="0"/>
			<item id="2990005" num="10000" gold="20" probability="30" showNum="100" handRefreshNum="0"/>
			<item id="2990005" num="50000" gold="90" probability="30" showNum="100" handRefreshNum="0"/>
			<item id="2990005" num="100000" gold="170" probability="35" showNum="100" handRefreshNum="0"/>
			<item id="2050161" num="1" gold="50" probability="20" showNum="100" handRefreshNum="5"/>
			<item id="2050162" num="1" gold="480" probability="20" showNum="100" handRefreshNum="5"/>
			<item id="2010702" num="1" gold="100" probability="5" showNum="10" handRefreshNum="10"/>
			<item id="2010705" num="1" gold="100" probability="5" showNum="10" handRefreshNum="10"/>
			<item id="2010708" num="1" gold="100" probability="5" showNum="10" handRefreshNum="10"/>
			<item id="2010711" num="1" gold="100" probability="10" showNum="10" handRefreshNum="10"/>
			<item id="2010714" num="1" gold="100" probability="10" showNum="10" handRefreshNum="10"/>
			<item id="2010717" num="1" gold="100" probability="10" showNum="10" handRefreshNum="10"/>
			<item id="2010720" num="1" gold="100" probability="10" showNum="10" handRefreshNum="10"/>
			<item id="2010723" num="1" gold="100" probability="10" showNum="10" handRefreshNum="10"/>
			<item id="110085" num="1" gold="500" probability="2" showNum="1" handRefreshNum="10"/>
			<item id="111085" num="1" gold="500" probability="3" showNum="1" handRefreshNum="10"/>
			<item id="112085" num="1" gold="500" probability="3" showNum="1" handRefreshNum="10"/>
			<item id="113085" num="1" gold="500" probability="3" showNum="1" handRefreshNum="10"/>
			<item id="114085" num="1" gold="500" probability="3" showNum="1" handRefreshNum="10"/>
			<item id="115085" num="1" gold="500" probability="3" showNum="1" handRefreshNum="10"/>
			<item id="116085" num="1" gold="500" probability="3" showNum="1" handRefreshNum="10"/>
			<item id="117085" num="1" gold="500" probability="2" showNum="1" handRefreshNum="10"/>
			<item id="118085" num="1" gold="500" probability="2" showNum="1" handRefreshNum="10"/>
			<item id="119085" num="1" gold="500" probability="2" showNum="1" handRefreshNum="10"/>
			<item id="120085" num="1" gold="500" probability="3" showNum="1" handRefreshNum="10"/>
			<item id="121085" num="1" gold="500" probability="3" showNum="1" handRefreshNum="10"/>
			<item id="122085" num="1" gold="500" probability="3" showNum="1" handRefreshNum="10"/>
			<item id="123085" num="1" gold="500" probability="3" showNum="1" handRefreshNum="10"/>
			<item id="124085" num="1" gold="500" probability="3" showNum="1" handRefreshNum="10"/>
			<item id="125085" num="1" gold="500" probability="3" showNum="1" handRefreshNum="10"/>
			<item id="126085" num="1" gold="500" probability="3" showNum="1" handRefreshNum="10"/>
			<item id="127085" num="1" gold="500" probability="2" showNum="1" handRefreshNum="10"/>
			<item id="128085" num="1" gold="500" probability="2" showNum="1" handRefreshNum="10"/>
			<item id="129085" num="1" gold="500" probability="2" showNum="1" handRefreshNum="10"/>
			<item id="130085" num="1" gold="500" probability="3" showNum="1" handRefreshNum="10"/>
			<item id="131085" num="1" gold="500" probability="3" showNum="1" handRefreshNum="10"/>
			<item id="132085" num="1" gold="500" probability="3" showNum="1" handRefreshNum="10"/>
			<item id="133085" num="1" gold="500" probability="3" showNum="1" handRefreshNum="10"/>
			<item id="134085" num="1" gold="500" probability="3" showNum="1" handRefreshNum="10"/>
			<item id="135085" num="1" gold="500" probability="3" showNum="1" handRefreshNum="10"/>
			<item id="136085" num="1" gold="500" probability="3" showNum="1" handRefreshNum="10"/>
			<item id="137085" num="1" gold="500" probability="2" showNum="1" handRefreshNum="10"/>
			<item id="138085" num="1" gold="500" probability="2" showNum="1" handRefreshNum="10"/>
			<item id="139085" num="1" gold="500" probability="2" showNum="1" handRefreshNum="10"/>
		</smshuaxin> 
		<smshuaxin  lvmin="70" lvmax="79">
			<item id="2050159" num="1" gold="30" probability="10" showNum="10" handRefreshNum="5"/>
			<item id="2050159" num="5" gold="175" probability="10" showNum="10" handRefreshNum="5"/>
			<item id="2020101" num="10" gold="40" probability="30" showNum="50" handRefreshNum="0"/>
			<item id="2020101" num="20" gold="80" probability="30" showNum="50" handRefreshNum="0"/>
			<item id="2020101" num="50" gold="350" probability="30" showNum="50" handRefreshNum="0"/>
			<item id="2050173" num="10" gold="60" probability="30" showNum="50" handRefreshNum="0"/>
			<item id="2050173" num="20" gold="120" probability="30" showNum="50" handRefreshNum="0"/>
			<item id="2050173" num="50" gold="300" probability="30" showNum="50" handRefreshNum="0"/>
			<item id="2030102" num="1" gold="5" probability="20" showNum="1000" handRefreshNum="0"/>
			<item id="2030202" num="1" gold="5" probability="20" showNum="1000" handRefreshNum="0"/>
			<item id="2030302" num="1" gold="5" probability="20" showNum="1000" handRefreshNum="0"/>
			<item id="2030402" num="1" gold="5" probability="40" showNum="1000" handRefreshNum="0"/>
			<item id="2030502" num="1" gold="5" probability="20" showNum="1000" handRefreshNum="0"/>
			<item id="2030602" num="1" gold="5" probability="20" showNum="1000" handRefreshNum="0"/>
			<item id="2030702" num="1" gold="5" probability="20" showNum="1000" handRefreshNum="0"/>
			<item id="2050134" num="1" gold="4" probability="20" showNum="1000" handRefreshNum="0"/>
			<item id="2030103" num="1" gold="15" probability="15" showNum="1000" handRefreshNum="0"/>
			<item id="2030203" num="1" gold="15" probability="15" showNum="1000" handRefreshNum="0"/>
			<item id="2030303" num="1" gold="15" probability="15" showNum="1000" handRefreshNum="0"/>
			<item id="2030403" num="1" gold="15" probability="30" showNum="1000" handRefreshNum="0"/>
			<item id="2030503" num="1" gold="15" probability="15" showNum="1000" handRefreshNum="0"/>
			<item id="2030603" num="1" gold="15" probability="15" showNum="1000" handRefreshNum="0"/>
			<item id="2030703" num="1" gold="15" probability="15" showNum="1000" handRefreshNum="0"/>
			<item id="2050135" num="1" gold="14" probability="15" showNum="1000" handRefreshNum="0"/>
			<item id="2050125" num="20" gold="100" probability="15" showNum="10" handRefreshNum="3"/>
			<item id="2050125" num="50" gold="250" probability="5" showNum="5" handRefreshNum="3"/>
			<item id="2050125" num="100" gold="500" probability="5" showNum="5" handRefreshNum="3"/>
			<item id="2990013" num="600" gold="1000" probability="15" showNum="5" handRefreshNum="0"/>
			<item id="2990013" num="100" gold="120" probability="15" showNum="5" handRefreshNum="0"/>
			<item id="2990013" num="300" gold="400" probability="15" showNum="5" handRefreshNum="0"/>
			<item id="2050142" num="20" gold="199" probability="30" showNum="100" handRefreshNum="0"/>
			<item id="2050142" num="5" gold="55" probability="30" showNum="100" handRefreshNum="0"/>
			<item id="2990008" num="20" gold="3000" probability="30" showNum="5" handRefreshNum="0"/>
			<item id="2990008" num="1" gold="150" probability="15" showNum="5" handRefreshNum="0"/>
			<item id="2990001" num="500000" gold="20" probability="30" showNum="10" handRefreshNum="0"/>
			<item id="2990005" num="10000" gold="20" probability="30" showNum="100" handRefreshNum="0"/>
			<item id="2990005" num="50000" gold="90" probability="30" showNum="100" handRefreshNum="0"/>
			<item id="2990005" num="100000" gold="170" probability="35" showNum="100" handRefreshNum="0"/>
			<item id="2050161" num="1" gold="50" probability="20" showNum="100" handRefreshNum="5"/>
			<item id="2050162" num="1" gold="480" probability="20" showNum="100" handRefreshNum="5"/>
			<item id="2010702" num="1" gold="100" probability="5" showNum="10" handRefreshNum="10"/>
			<item id="2010705" num="1" gold="100" probability="5" showNum="10" handRefreshNum="10"/>
			<item id="2010708" num="1" gold="100" probability="5" showNum="10" handRefreshNum="10"/>
			<item id="2010711" num="1" gold="100" probability="10" showNum="10" handRefreshNum="10"/>
			<item id="2010714" num="1" gold="100" probability="10" showNum="10" handRefreshNum="10"/>
			<item id="2010717" num="1" gold="100" probability="10" showNum="10" handRefreshNum="10"/>
			<item id="2010720" num="1" gold="100" probability="10" showNum="10" handRefreshNum="10"/>
			<item id="2010723" num="1" gold="100" probability="10" showNum="10" handRefreshNum="10"/>
			<item id="110095" num="1" gold="600" probability="2" showNum="1" handRefreshNum="10"/>
			<item id="111095" num="1" gold="600" probability="3" showNum="1" handRefreshNum="10"/>
			<item id="112095" num="1" gold="600" probability="3" showNum="1" handRefreshNum="10"/>
			<item id="113095" num="1" gold="600" probability="3" showNum="1" handRefreshNum="10"/>
			<item id="114095" num="1" gold="600" probability="3" showNum="1" handRefreshNum="10"/>
			<item id="115095" num="1" gold="600" probability="3" showNum="1" handRefreshNum="10"/>
			<item id="116095" num="1" gold="600" probability="3" showNum="1" handRefreshNum="10"/>
			<item id="117095" num="1" gold="600" probability="2" showNum="1" handRefreshNum="10"/>
			<item id="118095" num="1" gold="600" probability="2" showNum="1" handRefreshNum="10"/>
			<item id="119095" num="1" gold="600" probability="2" showNum="1" handRefreshNum="10"/>
			<item id="120095" num="1" gold="600" probability="3" showNum="1" handRefreshNum="10"/>
			<item id="121095" num="1" gold="600" probability="3" showNum="1" handRefreshNum="10"/>
			<item id="122095" num="1" gold="600" probability="3" showNum="1" handRefreshNum="10"/>
			<item id="123095" num="1" gold="600" probability="3" showNum="1" handRefreshNum="10"/>
			<item id="124095" num="1" gold="600" probability="3" showNum="1" handRefreshNum="10"/>
			<item id="125095" num="1" gold="600" probability="3" showNum="1" handRefreshNum="10"/>
			<item id="126095" num="1" gold="600" probability="3" showNum="1" handRefreshNum="10"/>
			<item id="127095" num="1" gold="600" probability="2" showNum="1" handRefreshNum="10"/>
			<item id="128095" num="1" gold="600" probability="2" showNum="1" handRefreshNum="10"/>
			<item id="129095" num="1" gold="600" probability="2" showNum="1" handRefreshNum="10"/>
			<item id="130095" num="1" gold="600" probability="3" showNum="1" handRefreshNum="10"/>
			<item id="131095" num="1" gold="600" probability="3" showNum="1" handRefreshNum="10"/>
			<item id="132095" num="1" gold="600" probability="3" showNum="1" handRefreshNum="10"/>
			<item id="133095" num="1" gold="600" probability="3" showNum="1" handRefreshNum="10"/>
			<item id="134095" num="1" gold="600" probability="3" showNum="1" handRefreshNum="10"/>
			<item id="135095" num="1" gold="600" probability="3" showNum="1" handRefreshNum="10"/>
			<item id="136095" num="1" gold="600" probability="3" showNum="1" handRefreshNum="10"/>
			<item id="137095" num="1" gold="600" probability="2" showNum="1" handRefreshNum="10"/>
			<item id="138095" num="1" gold="600" probability="2" showNum="1" handRefreshNum="10"/>
			<item id="139095" num="1" gold="600" probability="2" showNum="1" handRefreshNum="10"/>
		</smshuaxin> 
	</smshuaxins> 
</secretshop>

