<landing> 
	<cumulations><!--签到奖励-->
		<cumulation day="2" goods="2050133,1#2990001,30000" vip="2990001,30000#2990005,5000"/><!--1级宝石箱*1，金币*30000.VIP:1级强化石*2 星石*10000-->
		<cumulation day="5" goods="2050133,1#2990001,100000#2990005,10000" vip="2990001,50000#2990005,10000"/><!--1级宝石箱*1，金币*100000,星石*10000.VIP:1级强化石*3 星石*30000-->
       	<cumulation day="10" goods="2020101,2#2990001,300000#2990005,30000" vip="2020101,3#2990001,100000#2990006,5"/><!--1级强化石*2，金币*300000,星石*30000.VIP:1级强化石*4 天赋石*5-->
       	<cumulation day="17" goods="2020101,3#2990002,50#2050102,2" vip="2020101,3#2990001,100000#2990002,100"/><!--1级强化石*3，金币*30000,礼券*50,打孔钻*2.VIP:1级宝石箱*3,礼券*100-->
       	<cumulation day="27" goods="2020101,4#2990002,100#2990006,10" vip="2020101,3#2990002,100#2990006,10"/><!--1级强化石*4，礼券*100,洗练石*10.VIP:1级强化石*3,礼券*100,洗练石*10-->
	</cumulations>
 	<everydaysgoods><!--连续登陆奖励-->
		<item id="2990001" count="10000"/><!--10000金币，序号1-->
		<item id="2990001" count="20000"/><!--20000金币，序号2-->
		<item id="2990001" count="30000"/><!--30000金币，序号3-->
		<item id="2990001" count="50000"/><!--50000金币，序号4-->
		<item id="2990005" count="1000"/><!--1000星石，序号5-->
		<item id="2990005" count="2000"/><!--2000星石，序号6-->
		<item id="2990005" count="3000"/><!--3000星石，序号7-->
		<item id="2990005" count="3000"/><!--3000星石，序号8-->
		<item id="2990006" count="1"/><!--1洗练石，序号9-->
		<item id="2050160" count="1"/><!--1秘银，序号10-->
		<item id="2050160" count="1"/><!--1秘银，序号11-->
		<item id="2050160" count="1"/><!--1秘银，序号12-->
		<item id="2050101" count="1"/><!--1复活币，序号13-->
	</everydaysgoods>
	<everydays><!--连续登陆奖励内容，填写上面的顺序-->
		<everyday day="1" goods="5,1"/>
		<everyday day="2" goods="6,1"/>
		<everyday day="3" goods="7,2"/>
		<everyday day="4" goods="10,8,3"/>
		<everyday day="5" goods="9,12,8,4"/>
	</everydays>
	<sevendaysgoods><!--七日奖励内容，填写上面的顺序-->
		<sevendays day="1" goods="2010102,10#2020101,3#2990005,5000#2990001,30000"/><!--初级生命药剂	1级强化石	星石	游戏币-->
		<sevendays day="2" goods="2010306,10#2020101,5#2990005,10000#2990001,50000"/><!--生命秘药	1级强化石	星石	游戏币-->
		<sevendays day="3" goods="2050133,2#2050142,1#2990005,30000#2990001,50000"/><!--1级宝石箱	符文神力	星石	游戏币-->
		<sevendays day="4" goods="2050133,3#2020101,10#2990006,10#2990001,100000"/><!--1级宝石箱	1级强化石	洗练石	游戏币-->
		<sevendays day="5" goods="2050144,1#2050134,2#2020101,20#2990005,50000"/><!--战神号角	2级宝石箱	1级强化石	星石-->
		<sevendays day="6" goods="2050144,3#2050104,1#2990006,20#2990001,200000"/><!--战神号角	生命之泉	洗练石	游戏币-->
		<sevendays day="7" goods="2050134,3#2050142,3#2990002,200#2990008,3"/><!--2级宝石箱	符文神力	礼券	符文精华-->
	</sevendaysgoods>	
</landing>