<?xml version="1.0" encoding="utf-8"?>
<stores>
	<table id="2001" name="莱尔印记商店 战士">		
	<value itemId="110035" currency="2050125" currencyNum="8"/>
	<value itemId="113035" currency="2050125" currencyNum="4"/>
	<value itemId="114035" currency="2050125" currencyNum="4"/>
	<value itemId="116035" currency="2050125" currencyNum="4"/>
	<value itemId="117035" currency="2050125" currencyNum="6"/>
	<value itemId="118035" currency="2050125" currencyNum="6"/>
	<value itemId="119035" currency="2050125" currencyNum="6"/>
	<value itemId="110045" currency="2050125" currencyNum="60"/>
	<value itemId="113045" currency="2050125" currencyNum="20"/>
	<value itemId="114045" currency="2050125" currencyNum="20"/>
	<value itemId="116045" currency="2050125" currencyNum="20"/>
	<value itemId="117045" currency="2050125" currencyNum="40"/>
	<value itemId="118045" currency="2050125" currencyNum="40"/>
	<value itemId="119045" currency="2050125" currencyNum="40"/>
	<value itemId="110055" currency="2050125" currencyNum="240"/>
	<value itemId="113055" currency="2050125" currencyNum="100"/>
	<value itemId="114055" currency="2050125" currencyNum="100"/>
	<value itemId="116055" currency="2050125" currencyNum="100"/>
	<value itemId="117055" currency="2050125" currencyNum="180"/>
	<value itemId="118055" currency="2050125" currencyNum="180"/>
	<value itemId="119055" currency="2050125" currencyNum="180"/>
	</table>
	<table id="2002" name="莱尔印记商店 法师">		
	<value itemId="120035" currency="2050125" currencyNum="8"/>
	<value itemId="123035" currency="2050125" currencyNum="4"/>
	<value itemId="124035" currency="2050125" currencyNum="4"/>
	<value itemId="126035" currency="2050125" currencyNum="4"/>
	<value itemId="127035" currency="2050125" currencyNum="6"/>
	<value itemId="128035" currency="2050125" currencyNum="6"/>
	<value itemId="129035" currency="2050125" currencyNum="6"/>
	<value itemId="120045" currency="2050125" currencyNum="60"/>
	<value itemId="123045" currency="2050125" currencyNum="20"/>
	<value itemId="124045" currency="2050125" currencyNum="20"/>
	<value itemId="126045" currency="2050125" currencyNum="20"/>
	<value itemId="127045" currency="2050125" currencyNum="40"/>
	<value itemId="128045" currency="2050125" currencyNum="40"/>
	<value itemId="129045" currency="2050125" currencyNum="40"/>
	<value itemId="120055" currency="2050125" currencyNum="240"/>
	<value itemId="123055" currency="2050125" currencyNum="100"/>
	<value itemId="124055" currency="2050125" currencyNum="100"/>
	<value itemId="126055" currency="2050125" currencyNum="100"/>
	<value itemId="127055" currency="2050125" currencyNum="180"/>
	<value itemId="128055" currency="2050125" currencyNum="180"/>
	<value itemId="129055" currency="2050125" currencyNum="180"/>
	</table>
	<table id="2003" name="莱尔印记商店 射手">		
	<value itemId="130035" currency="2050125" currencyNum="8"/>
	<value itemId="133035" currency="2050125" currencyNum="4"/>
	<value itemId="134035" currency="2050125" currencyNum="4"/>
	<value itemId="136035" currency="2050125" currencyNum="4"/>
	<value itemId="137035" currency="2050125" currencyNum="6"/>
	<value itemId="138035" currency="2050125" currencyNum="6"/>
	<value itemId="139035" currency="2050125" currencyNum="6"/>
	<value itemId="130045" currency="2050125" currencyNum="60"/>
	<value itemId="133045" currency="2050125" currencyNum="20"/>
	<value itemId="134045" currency="2050125" currencyNum="20"/>
	<value itemId="136045" currency="2050125" currencyNum="20"/>
	<value itemId="137045" currency="2050125" currencyNum="40"/>
	<value itemId="138045" currency="2050125" currencyNum="40"/>
	<value itemId="139045" currency="2050125" currencyNum="40"/>
	<value itemId="130055" currency="2050125" currencyNum="240"/>
	<value itemId="133055" currency="2050125" currencyNum="100"/>
	<value itemId="134055" currency="2050125" currencyNum="100"/>
	<value itemId="136055" currency="2050125" currencyNum="100"/>
	<value itemId="137055" currency="2050125" currencyNum="180"/>
	<value itemId="138055" currency="2050125" currencyNum="180"/>
	<value itemId="139055" currency="2050125" currencyNum="180"/>
	</table>
	<table id="2004" name="莱尔印记商店 战士">		
	<value itemId="110055" currency="2050125" currencyNum="240"/>
	<value itemId="113055" currency="2050125" currencyNum="100"/>
	<value itemId="114055" currency="2050125" currencyNum="100"/>
	<value itemId="116055" currency="2050125" currencyNum="100"/>
	<value itemId="117055" currency="2050125" currencyNum="180"/>
	<value itemId="118055" currency="2050125" currencyNum="180"/>
	<value itemId="119055" currency="2050125" currencyNum="180"/>
	<value itemId="110065" currency="2050125" currencyNum="600"/>
	<value itemId="113065" currency="2050125" currencyNum="300"/>
	<value itemId="114065" currency="2050125" currencyNum="300"/>
	<value itemId="116065" currency="2050125" currencyNum="300"/>
	<value itemId="117065" currency="2050125" currencyNum="500"/>
	<value itemId="118065" currency="2050125" currencyNum="500"/>
	<value itemId="119065" currency="2050125" currencyNum="500"/>
	<value itemId="110075" currency="2050125" currencyNum="1200"/>
	<value itemId="113075" currency="2050125" currencyNum="480"/>
	<value itemId="114075" currency="2050125" currencyNum="480"/>
	<value itemId="116075" currency="2050125" currencyNum="480"/>
	<value itemId="117075" currency="2050125" currencyNum="900"/>
	<value itemId="118075" currency="2050125" currencyNum="900"/>
	<value itemId="119075" currency="2050125" currencyNum="900"/>
	<value itemId="110085" currency="2050125" currencyNum="2000"/>
	<value itemId="113085" currency="2050125" currencyNum="1000"/>
	<value itemId="114085" currency="2050125" currencyNum="1000"/>
	<value itemId="116085" currency="2050125" currencyNum="1000"/>
	<value itemId="117085" currency="2050125" currencyNum="1500"/>
	<value itemId="118085" currency="2050125" currencyNum="1500"/>
	<value itemId="119085" currency="2050125" currencyNum="1500"/>
	</table>
	<table id="2005" name="莱尔印记商店 法师">		
	<value itemId="120055" currency="2050125" currencyNum="240"/>
	<value itemId="123055" currency="2050125" currencyNum="100"/>
	<value itemId="124055" currency="2050125" currencyNum="100"/>
	<value itemId="126055" currency="2050125" currencyNum="100"/>
	<value itemId="127055" currency="2050125" currencyNum="180"/>
	<value itemId="128055" currency="2050125" currencyNum="180"/>
	<value itemId="129055" currency="2050125" currencyNum="180"/>
	<value itemId="120065" currency="2050125" currencyNum="600"/>
	<value itemId="123065" currency="2050125" currencyNum="300"/>
	<value itemId="124065" currency="2050125" currencyNum="300"/>
	<value itemId="126065" currency="2050125" currencyNum="300"/>
	<value itemId="127065" currency="2050125" currencyNum="500"/>
	<value itemId="128065" currency="2050125" currencyNum="500"/>
	<value itemId="129065" currency="2050125" currencyNum="500"/>
	<value itemId="120075" currency="2050125" currencyNum="1200"/>
	<value itemId="123075" currency="2050125" currencyNum="480"/>
	<value itemId="124075" currency="2050125" currencyNum="480"/>
	<value itemId="126075" currency="2050125" currencyNum="480"/>
	<value itemId="127075" currency="2050125" currencyNum="900"/>
	<value itemId="128075" currency="2050125" currencyNum="900"/>
	<value itemId="129075" currency="2050125" currencyNum="900"/>
	<value itemId="120085" currency="2050125" currencyNum="2000"/>
	<value itemId="123085" currency="2050125" currencyNum="1000"/>
	<value itemId="124085" currency="2050125" currencyNum="1000"/>
	<value itemId="126085" currency="2050125" currencyNum="1000"/>
	<value itemId="127085" currency="2050125" currencyNum="1500"/>
	<value itemId="128085" currency="2050125" currencyNum="1500"/>
	<value itemId="129085" currency="2050125" currencyNum="1500"/>
	</table>
	<table id="2006" name="莱尔印记商店 射手">		
	<value itemId="130055" currency="2050125" currencyNum="240"/>
	<value itemId="133055" currency="2050125" currencyNum="100"/>
	<value itemId="134055" currency="2050125" currencyNum="100"/>
	<value itemId="136055" currency="2050125" currencyNum="100"/>
	<value itemId="137055" currency="2050125" currencyNum="180"/>
	<value itemId="138055" currency="2050125" currencyNum="180"/>
	<value itemId="139055" currency="2050125" currencyNum="180"/>
	<value itemId="130065" currency="2050125" currencyNum="600"/>
	<value itemId="133065" currency="2050125" currencyNum="300"/>
	<value itemId="134065" currency="2050125" currencyNum="300"/>
	<value itemId="136065" currency="2050125" currencyNum="300"/>
	<value itemId="137065" currency="2050125" currencyNum="500"/>
	<value itemId="138065" currency="2050125" currencyNum="500"/>
	<value itemId="139065" currency="2050125" currencyNum="500"/>
	<value itemId="130075" currency="2050125" currencyNum="1200"/>
	<value itemId="133075" currency="2050125" currencyNum="480"/>
	<value itemId="134075" currency="2050125" currencyNum="480"/>
	<value itemId="136075" currency="2050125" currencyNum="480"/>
	<value itemId="137075" currency="2050125" currencyNum="900"/>
	<value itemId="138075" currency="2050125" currencyNum="900"/>
	<value itemId="139075" currency="2050125" currencyNum="900"/>
	<value itemId="130085" currency="2050125" currencyNum="2000"/>
	<value itemId="133085" currency="2050125" currencyNum="1000"/>
	<value itemId="134085" currency="2050125" currencyNum="1000"/>
	<value itemId="136085" currency="2050125" currencyNum="1000"/>
	<value itemId="137085" currency="2050125" currencyNum="1500"/>
	<value itemId="138085" currency="2050125" currencyNum="1500"/>
	<value itemId="139085" currency="2050125" currencyNum="1500"/>
	</table>
	<table id="2007" name="莱尔印记商店 战士">		
	<value itemId="110035" currency="2050125" currencyNum="8"/>
	<value itemId="113035" currency="2050125" currencyNum="4"/>
	<value itemId="114035" currency="2050125" currencyNum="4"/>
	<value itemId="116035" currency="2050125" currencyNum="4"/>
	<value itemId="117035" currency="2050125" currencyNum="6"/>
	<value itemId="118035" currency="2050125" currencyNum="6"/>
	<value itemId="119035" currency="2050125" currencyNum="6"/>
	<value itemId="110045" currency="2050125" currencyNum="60"/>
	<value itemId="113045" currency="2050125" currencyNum="20"/>
	<value itemId="114045" currency="2050125" currencyNum="20"/>
	<value itemId="116045" currency="2050125" currencyNum="20"/>
	<value itemId="117045" currency="2050125" currencyNum="40"/>
	<value itemId="118045" currency="2050125" currencyNum="40"/>
	<value itemId="119045" currency="2050125" currencyNum="40"/>
	<value itemId="110055" currency="2050125" currencyNum="240"/>
	<value itemId="113055" currency="2050125" currencyNum="100"/>
	<value itemId="114055" currency="2050125" currencyNum="100"/>
	<value itemId="116055" currency="2050125" currencyNum="100"/>
	<value itemId="117055" currency="2050125" currencyNum="180"/>
	<value itemId="118055" currency="2050125" currencyNum="180"/>
	<value itemId="119055" currency="2050125" currencyNum="180"/>
	<value itemId="110065" currency="2050125" currencyNum="600"/>
	<value itemId="113065" currency="2050125" currencyNum="300"/>
	<value itemId="114065" currency="2050125" currencyNum="300"/>
	<value itemId="116065" currency="2050125" currencyNum="300"/>
	<value itemId="117065" currency="2050125" currencyNum="500"/>
	<value itemId="118065" currency="2050125" currencyNum="500"/>
	<value itemId="119065" currency="2050125" currencyNum="500"/>
	<value itemId="110075" currency="2050125" currencyNum="1200"/>
	<value itemId="113075" currency="2050125" currencyNum="480"/>
	<value itemId="114075" currency="2050125" currencyNum="480"/>
	<value itemId="116075" currency="2050125" currencyNum="480"/>
	<value itemId="117075" currency="2050125" currencyNum="900"/>
	<value itemId="118075" currency="2050125" currencyNum="900"/>
	<value itemId="119075" currency="2050125" currencyNum="900"/>
	<value itemId="110085" currency="2050125" currencyNum="2000"/>
	<value itemId="113085" currency="2050125" currencyNum="1000"/>
	<value itemId="114085" currency="2050125" currencyNum="1000"/>
	<value itemId="116085" currency="2050125" currencyNum="1000"/>
	<value itemId="117085" currency="2050125" currencyNum="1500"/>
	<value itemId="118085" currency="2050125" currencyNum="1500"/>
	<value itemId="119085" currency="2050125" currencyNum="1500"/>
	</table>
	<table id="2008" name="莱尔印记商店 法师">		
	<value itemId="120035" currency="2050125" currencyNum="8"/>
	<value itemId="123035" currency="2050125" currencyNum="4"/>
	<value itemId="124035" currency="2050125" currencyNum="4"/>
	<value itemId="126035" currency="2050125" currencyNum="4"/>
	<value itemId="127035" currency="2050125" currencyNum="6"/>
	<value itemId="128035" currency="2050125" currencyNum="6"/>
	<value itemId="129035" currency="2050125" currencyNum="6"/>
	<value itemId="120045" currency="2050125" currencyNum="60"/>
	<value itemId="123045" currency="2050125" currencyNum="20"/>
	<value itemId="124045" currency="2050125" currencyNum="20"/>
	<value itemId="126045" currency="2050125" currencyNum="20"/>
	<value itemId="127045" currency="2050125" currencyNum="40"/>
	<value itemId="128045" currency="2050125" currencyNum="40"/>
	<value itemId="129045" currency="2050125" currencyNum="40"/>
	<value itemId="120055" currency="2050125" currencyNum="240"/>
	<value itemId="123055" currency="2050125" currencyNum="100"/>
	<value itemId="124055" currency="2050125" currencyNum="100"/>
	<value itemId="126055" currency="2050125" currencyNum="100"/>
	<value itemId="127055" currency="2050125" currencyNum="180"/>
	<value itemId="128055" currency="2050125" currencyNum="180"/>
	<value itemId="129055" currency="2050125" currencyNum="180"/>
	<value itemId="120065" currency="2050125" currencyNum="600"/>
	<value itemId="123065" currency="2050125" currencyNum="300"/>
	<value itemId="124065" currency="2050125" currencyNum="300"/>
	<value itemId="126065" currency="2050125" currencyNum="300"/>
	<value itemId="127065" currency="2050125" currencyNum="500"/>
	<value itemId="128065" currency="2050125" currencyNum="500"/>
	<value itemId="129065" currency="2050125" currencyNum="500"/>
	<value itemId="120075" currency="2050125" currencyNum="1200"/>
	<value itemId="123075" currency="2050125" currencyNum="480"/>
	<value itemId="124075" currency="2050125" currencyNum="480"/>
	<value itemId="126075" currency="2050125" currencyNum="480"/>
	<value itemId="127075" currency="2050125" currencyNum="900"/>
	<value itemId="128075" currency="2050125" currencyNum="900"/>
	<value itemId="129075" currency="2050125" currencyNum="900"/>
	<value itemId="120085" currency="2050125" currencyNum="2000"/>
	<value itemId="123085" currency="2050125" currencyNum="1000"/>
	<value itemId="124085" currency="2050125" currencyNum="1000"/>
	<value itemId="126085" currency="2050125" currencyNum="1000"/>
	<value itemId="127085" currency="2050125" currencyNum="1500"/>
	<value itemId="128085" currency="2050125" currencyNum="1500"/>
	<value itemId="129085" currency="2050125" currencyNum="1500"/>
	</table>
	<table id="2009" name="莱尔印记商店 射手">		
	<value itemId="130035" currency="2050125" currencyNum="8"/>
	<value itemId="133035" currency="2050125" currencyNum="4"/>
	<value itemId="134035" currency="2050125" currencyNum="4"/>
	<value itemId="136035" currency="2050125" currencyNum="4"/>
	<value itemId="137035" currency="2050125" currencyNum="6"/>
	<value itemId="138035" currency="2050125" currencyNum="6"/>
	<value itemId="139035" currency="2050125" currencyNum="6"/>
	<value itemId="130045" currency="2050125" currencyNum="60"/>
	<value itemId="133045" currency="2050125" currencyNum="20"/>
	<value itemId="134045" currency="2050125" currencyNum="20"/>
	<value itemId="136045" currency="2050125" currencyNum="20"/>
	<value itemId="137045" currency="2050125" currencyNum="40"/>
	<value itemId="138045" currency="2050125" currencyNum="40"/>
	<value itemId="139045" currency="2050125" currencyNum="40"/>
	<value itemId="130055" currency="2050125" currencyNum="240"/>
	<value itemId="133055" currency="2050125" currencyNum="100"/>
	<value itemId="134055" currency="2050125" currencyNum="100"/>
	<value itemId="136055" currency="2050125" currencyNum="100"/>
	<value itemId="137055" currency="2050125" currencyNum="180"/>
	<value itemId="138055" currency="2050125" currencyNum="180"/>
	<value itemId="139055" currency="2050125" currencyNum="180"/>
	<value itemId="130065" currency="2050125" currencyNum="600"/>
	<value itemId="133065" currency="2050125" currencyNum="300"/>
	<value itemId="134065" currency="2050125" currencyNum="300"/>
	<value itemId="136065" currency="2050125" currencyNum="300"/>
	<value itemId="137065" currency="2050125" currencyNum="500"/>
	<value itemId="138065" currency="2050125" currencyNum="500"/>
	<value itemId="139065" currency="2050125" currencyNum="500"/>
	<value itemId="130075" currency="2050125" currencyNum="1200"/>
	<value itemId="133075" currency="2050125" currencyNum="480"/>
	<value itemId="134075" currency="2050125" currencyNum="480"/>
	<value itemId="136075" currency="2050125" currencyNum="480"/>
	<value itemId="137075" currency="2050125" currencyNum="900"/>
	<value itemId="138075" currency="2050125" currencyNum="900"/>
	<value itemId="139075" currency="2050125" currencyNum="900"/>
	<value itemId="130085" currency="2050125" currencyNum="2000"/>
	<value itemId="133085" currency="2050125" currencyNum="1000"/>
	<value itemId="134085" currency="2050125" currencyNum="1000"/>
	<value itemId="136085" currency="2050125" currencyNum="1000"/>
	<value itemId="137085" currency="2050125" currencyNum="1500"/>
	<value itemId="138085" currency="2050125" currencyNum="1500"/>
	<value itemId="139085" currency="2050125" currencyNum="1500"/>
	</table>
</stores>
