<Star><!--星辰召唤-->
	<freecal num="10"/><!--免费召唤次数-->
	<freenum num="9"/><!--赠送免费改运次数-->
	<zixing><!--子星激活数量对应奖励-->
		<data num="1" xingshi="260"/>
		<data num="2" xingshi="800"/>
		<data num="3" xingshi="2600"/>
		<data num="4" xingshi="5200"/>
		<data num="5" xingshi="10000"/>
		<data num="6" xingshi="15000"/>
		<data num="7" xingshi="20000"/>
		<data num="8" xingshi="26000"/>
		<data num="9" xingshi="52000"/>
	</zixing>
</Star>
