<stithy><!--stithy==铁匠铺，decompose==分解,descent==继承(已经是最新的）-->
  <proportion>
	<!-- 消耗的价格比例，以标准装备消耗100%为基准，计算出其他品质装备价格 -->
	<pro id="1" num="1"/><!-- 白色 -->
	<pro id="2" num="1"/><!-- 绿色 -->
	<pro id="3" num="1"/><!-- 蓝色 -->
	<pro id="4" num="2"/><!-- 紫色 -->
	<pro id="5" num="4"/><!-- 橙色 -->
  </proportion>
  <successRat><!--分解各品质装备的成功率，填写百分比分子-->
	<rat quality="1" successRat="0"/><!-- 白色 -->
	<rat quality="2" successRat="70"/><!-- 绿色 -->
	<rat quality="3" successRat="100"/><!-- 蓝色 -->
	<rat quality="4" successRat="100"/><!-- 紫色 -->
	<rat quality="5" successRat="100"/><!-- 橙色 -->
  </successRat>
  <probably gifttone="50" xitone="50"/><!--分解出天赋石和洗练石的次数比例-->
  <decomposes><!--标准品质分解得到天赋石，洗练石的数量-->
	<data minlv="1" maxlv="10" gtnum="1" xtnum="1" /><!--gtnum为天赋石，xtnum为洗练石-->
	<data minlv="11" maxlv="20" gtnum="2" xtnum="1" />	
	<data minlv="21" maxlv="30" gtnum="2" xtnum="3" /><!--白绿蓝品质=标准，紫品质=标准*2，橙品质=标准*5-->
	<data minlv="31" maxlv="41" gtnum="3" xtnum="3" />
	<data minlv="41" maxlv="50" gtnum="4" xtnum="5" />
	<data minlv="51" maxlv="60" gtnum="5" xtnum="5" />
	<data minlv="61" maxlv="70" gtnum="6" xtnum="7" />	
	<data minlv="71" maxlv="80" gtnum="7" xtnum="7" />
	<data minlv="81" maxlv="90" gtnum="8" xtnum="10" />
	<data minlv="91" maxlv="100" gtnum="9" xtnum="10" />
  </decomposes>
	<consumes>
		<consume lv="1" decompose="1000" descent="93"/>
		<consume lv="2" decompose="1000" descent="96"/>
		<consume lv="3" decompose="1000" descent="119"/>
		<consume lv="4" decompose="1000" descent="163"/>
		<consume lv="5" decompose="1000" descent="210"/>
		<consume lv="6" decompose="1000" descent="302"/>
		<consume lv="7" decompose="1000" descent="422"/>
		<consume lv="8" decompose="1000" descent="570"/>
		<consume lv="9" decompose="1000" descent="749"/>
		<consume lv="10" decompose="1000" descent="984"/>
		<consume lv="11" decompose="1000" descent="1279"/>
		<consume lv="12" decompose="1000" descent="1638"/>
		<consume lv="13" decompose="1000" descent="2064"/>
		<consume lv="14" decompose="1000" descent="2561"/>
		<consume lv="15" decompose="1000" descent="3159"/>
		<consume lv="16" decompose="1000" descent="3864"/>
		<consume lv="17" decompose="1000" descent="4653"/>
		<consume lv="18" decompose="1000" descent="5558"/>
		<consume lv="19" decompose="1000" descent="6615"/>
		<consume lv="20" decompose="1000" descent="7770"/>
		<consume lv="21" decompose="3000" descent="9997"/>
		<consume lv="22" decompose="3000" descent="11634"/>
		<consume lv="23" decompose="3000" descent="13467"/>
		<consume lv="24" decompose="3000" descent="15468"/>
		<consume lv="25" decompose="3000" descent="17714"/>
		<consume lv="26" decompose="3000" descent="20180"/>
		<consume lv="27" decompose="3000" descent="22873"/>
		<consume lv="28" decompose="3000" descent="25839"/>
		<consume lv="29" decompose="3000" descent="29088"/>
		<consume lv="30" decompose="3000" descent="32630"/>
		<consume lv="31" decompose="3000" descent="43107"/>
		<consume lv="32" decompose="3000" descent="48021"/>
		<consume lv="33" decompose="3000" descent="53317"/>
		<consume lv="34" decompose="3000" descent="59105"/>
		<consume lv="35" decompose="3000" descent="65302"/>
		<consume lv="36" decompose="3000" descent="71918"/>
		<consume lv="37" decompose="3000" descent="79069"/>
		<consume lv="38" decompose="3000" descent="86774"/>
		<consume lv="39" decompose="3000" descent="94992"/>
		<consume lv="40" decompose="3000" descent="103740"/>
		<consume lv="41" decompose="10000" descent="139183"/>
		<consume lv="42" decompose="10000" descent="151442"/>
		<consume lv="43" decompose="10000" descent="164478"/>
		<consume lv="44" decompose="10000" descent="178310"/>
		<consume lv="45" decompose="10000" descent="193032"/>
		<consume lv="46" decompose="10000" descent="208666"/>
		<consume lv="47" decompose="10000" descent="225160"/>
		<consume lv="48" decompose="10000" descent="242611"/>
		<consume lv="49" decompose="10000" descent="261041"/>
		<consume lv="50" decompose="10000" descent="280474"/>
		<consume lv="51" decompose="10000" descent="376261"/>
		<consume lv="52" decompose="10000" descent="403342"/>
		<consume lv="53" decompose="10000" descent="431766"/>
		<consume lv="54" decompose="10000" descent="461664"/>
		<consume lv="55" decompose="10000" descent="493068"/>
		<consume lv="56" decompose="10000" descent="526010"/>
		<consume lv="57" decompose="10000" descent="560628"/>
		<consume lv="58" decompose="10000" descent="596851"/>
		<consume lv="59" decompose="10000" descent="634926"/>
		<consume lv="60" decompose="10000" descent="674568"/>
		<consume lv="61" decompose="20000" descent="895304"/>
		<consume lv="62" decompose="20000" descent="949578"/>
		<consume lv="63" decompose="20000" descent="1006214"/>
		<consume lv="64" decompose="20000" descent="1065537"/>
		<consume lv="65" decompose="20000" descent="1127318"/>
		<consume lv="66" decompose="20000" descent="1191600"/>
		<consume lv="67" decompose="20000" descent="1258721"/>
		<consume lv="68" decompose="20000" descent="1328586"/>
		<consume lv="69" decompose="20000" descent="1401395"/>
		<consume lv="70" decompose="20000" descent="1477050"/>
		<consume lv="71" decompose="20000" descent="1929134"/>
		<consume lv="72" decompose="20000" descent="2030384"/>
		<consume lv="73" decompose="20000" descent="2135734"/>
		<consume lv="74" decompose="20000" descent="2245065"/>
		<consume lv="75" decompose="20000" descent="2358443"/>
		<consume lv="76" decompose="20000" descent="2476133"/>
		<consume lv="77" decompose="20000" descent="2598206"/>
		<consume lv="78" decompose="20000" descent="2724536"/>
		<consume lv="79" decompose="20000" descent="2855593"/>
		<consume lv="80" decompose="20000" descent="2991047"/>
		<consume lv="81" decompose="50000" descent="3838464"/>
		<consume lv="82" decompose="50000" descent="4016558"/>
		<consume lv="83" decompose="50000" descent="4200563"/>
		<consume lv="84" decompose="50000" descent="4390829"/>
		<consume lv="85" decompose="50000" descent="4587451"/>
		<consume lv="86" decompose="50000" descent="4790526"/>
		<consume lv="87" decompose="50000" descent="5000416"/>
		<consume lv="88" decompose="50000" descent="5216955"/>
		<consume lv="89" decompose="50000" descent="5440509"/>
		<consume lv="90" decompose="50000" descent="5671181"/>
		<consume lv="91" decompose="50000" descent="6997261"/>
		<consume lv="92" decompose="50000" descent="7287646"/>
		<consume lv="93" decompose="50000" descent="7587157"/>
		<consume lv="94" decompose="50000" descent="7895254"/>
		<consume lv="95" decompose="50000" descent="8213063"/>
		<consume lv="96" decompose="50000" descent="8540041"/>
		<consume lv="97" decompose="50000" descent="8876652"/>
		<consume lv="98" decompose="50000" descent="9223373"/>
		<consume lv="99" decompose="50000" descent="9579992"/>
		<consume lv="100" decompose="50000" descent="9946638"/>
	</consumes>
</stithy>                                       