<?xml version="1.0" encoding="utf-8"?>
<stores>
	<store id="1000" npc="" name="背包商店">
		<item>
			<value>2010102</value>
			<value>2010202</value>
			<value>2010103</value>
			<value>2010203</value>
			<value>2010104</value>
			<value>2010204</value>
			<value>2010105</value>
			<value>2010205</value>
			<value>2010106</value>
			<value>2010206</value>
			<value>2010107</value>
			<value>2010207</value>
			<value>2010108</value>
			<value>2010208</value>
		</item>
	</store>
	<store id="1001" npc="100012" name="杂货店">
		<item>
			<value>2010101</value>
			<value>2010102</value>
			<value>2010103</value>
			<value>2010201</value>
			<value>2010202</value>
			<value>2010203</value>
		</item>
	</store>
	<store id="1002" npc="100013" name="装备店">
		<item>
			<value>110022</value>
			<value>120022</value>
			<value>130022</value>
			<value>111022</value>
			<value>121022</value>
			<value>131022</value>
			<value>112022</value>
			<value>122022</value>
			<value>132022</value>
			<value>113022</value>
			<value>123022</value>
			<value>133022</value>
			<value>114022</value>
			<value>124022</value>
			<value>134022</value>
			<value>115022</value>
			<value>125022</value>
			<value>135022</value>
			<value>116022</value>
			<value>126022</value>
			<value>136022</value>
		</item>
	</store>
	<store id="1003" npc="100012" name="杂货店">
		<item>
			<value>2010101</value>
			<value>2010102</value>
			<value>2010103</value>
			<value>2010104</value>
			<value>2010201</value>
			<value>2010202</value>
			<value>2010203</value>
			<value>2010204</value>
		</item>
	</store>
	<store id="1004" npc="100013" name="装备店">
		<item>
			<value>110032</value>
			<value>120032</value>
			<value>130032</value>
			<value>111032</value>
			<value>121032</value>
			<value>131032</value>
			<value>112032</value>
			<value>122032</value>
			<value>132032</value>
			<value>113032</value>
			<value>123032</value>
			<value>133032</value>
			<value>114032</value>
			<value>124032</value>
			<value>134032</value>
			<value>115032</value>
			<value>125032</value>
			<value>135032</value>
			<value>116032</value>
			<value>126032</value>
			<value>136032</value>
		</item>
	</store>
	<store id="1005" npc="100012" name="杂货店">
		<item>
			<value>2010104</value>
			<value>2010105</value>
			<value>2010106</value>
			<value>2010204</value>
			<value>2010205</value>
			<value>2010206</value>
		</item>
	</store>
	<store id="1006" npc="100013" name="装备店">
		<item>
			<value>110052</value>
			<value>120052</value>
			<value>130052</value>
			<value>111052</value>
			<value>121052</value>
			<value>131052</value>
			<value>112052</value>
			<value>122052</value>
			<value>132052</value>
			<value>113052</value>
			<value>123052</value>
			<value>133052</value>
			<value>114052</value>
			<value>124052</value>
			<value>134052</value>
			<value>115052</value>
			<value>125052</value>
			<value>135052</value>
			<value>116052</value>
			<value>126052</value>
			<value>136052</value>
		</item>
	</store>
	<store id="1007" npc="100021" name="战士装备">
		<item>
			<value>110035</value>
			<value>111035</value>
			<value>112035</value>
			<value>113035</value>
			<value>114035</value>
			<value>115035</value>
			<value>116035</value>
			<value>117035</value>
			<value>118035</value>
			<value>119035</value>
			<value>110045</value>
			<value>111045</value>
			<value>112045</value>
			<value>113045</value>
			<value>114045</value>
			<value>115045</value>
			<value>116045</value>
			<value>117045</value>
			<value>118045</value>
			<value>119045</value>
			<value>110055</value>
			<value>111055</value>
			<value>112055</value>
			<value>113055</value>
			<value>114055</value>
			<value>115055</value>
			<value>116055</value>
			<value>117055</value>
			<value>118055</value>
			<value>119055</value>
		</item>
	</store>
	<store id="1008" npc="100021" name="法师装备">
		<item>
			<value>120035</value>
			<value>121035</value>
			<value>122035</value>
			<value>123035</value>
			<value>124035</value>
			<value>125035</value>
			<value>126035</value>
			<value>127035</value>
			<value>128035</value>
			<value>129035</value>
			<value>120045</value>
			<value>121045</value>
			<value>122045</value>
			<value>123045</value>
			<value>124045</value>
			<value>125045</value>
			<value>126045</value>
			<value>127045</value>
			<value>128045</value>
			<value>129045</value>
			<value>120055</value>
			<value>121055</value>
			<value>122055</value>
			<value>123055</value>
			<value>124055</value>
			<value>125055</value>
			<value>126055</value>
			<value>127055</value>
			<value>128055</value>
			<value>129055</value>
		</item>
	</store>
	<store id="1009" npc="100021" name="射手装备">
		<item>
			<value>120035</value>
			<value>131035</value>
			<value>132035</value>
			<value>133035</value>
			<value>134035</value>
			<value>135035</value>
			<value>136035</value>
			<value>137035</value>
			<value>138035</value>
			<value>139035</value>
			<value>130045</value>
			<value>131045</value>
			<value>132045</value>
			<value>133045</value>
			<value>134045</value>
			<value>135045</value>
			<value>136045</value>
			<value>137045</value>
			<value>138045</value>
			<value>139045</value>
			<value>130055</value>
			<value>131055</value>
			<value>132055</value>
			<value>133055</value>
			<value>134055</value>
			<value>135055</value>
			<value>136055</value>
			<value>137055</value>
			<value>138055</value>
			<value>139055</value>
		</item>
	</store>
	<store id="1010" npc="100022" name="战士装备">
		<item>
			<value>110055</value>
			<value>111055</value>
			<value>112055</value>
			<value>113055</value>
			<value>114055</value>
			<value>115055</value>
			<value>116055</value>
			<value>117055</value>
			<value>118055</value>
			<value>119055</value>
			<value>110065</value>
			<value>111065</value>
			<value>112065</value>
			<value>113065</value>
			<value>114065</value>
			<value>115065</value>
			<value>116065</value>
			<value>117065</value>
			<value>118065</value>
			<value>119065</value>
			<value>110075</value>
			<value>111075</value>
			<value>112075</value>
			<value>113075</value>
			<value>114075</value>
			<value>115075</value>
			<value>116075</value>
			<value>117075</value>
			<value>118075</value>
			<value>119075</value>
		</item>
	</store>
	<store id="1011" npc="100022" name="法师装备">
		<item>
			<value>120055</value>
			<value>121055</value>
			<value>122055</value>
			<value>123055</value>
			<value>124055</value>
			<value>125055</value>
			<value>126055</value>
			<value>127055</value>
			<value>128055</value>
			<value>129055</value>
			<value>120065</value>
			<value>121065</value>
			<value>122065</value>
			<value>123065</value>
			<value>124065</value>
			<value>125065</value>
			<value>126065</value>
			<value>127065</value>
			<value>128065</value>
			<value>129065</value>
			<value>120075</value>
			<value>121075</value>
			<value>122075</value>
			<value>123075</value>
			<value>124075</value>
			<value>125075</value>
			<value>126075</value>
			<value>127075</value>
			<value>128075</value>
			<value>129075</value>
		</item>
	</store>
	<store id="1012" npc="100022" name="射手装备">
		<item>
			<value>130055</value>
			<value>131055</value>
			<value>132055</value>
			<value>133055</value>
			<value>134055</value>
			<value>135055</value>
			<value>136055</value>
			<value>137055</value>
			<value>138055</value>
			<value>139055</value>
			<value>130065</value>
			<value>131065</value>
			<value>132065</value>
			<value>133065</value>
			<value>134065</value>
			<value>135065</value>
			<value>136065</value>
			<value>137065</value>
			<value>138065</value>
			<value>139065</value>
			<value>130075</value>
			<value>131075</value>
			<value>132075</value>
			<value>133075</value>
			<value>134075</value>
			<value>135075</value>
			<value>136075</value>
			<value>137075</value>
			<value>138075</value>
			<value>139075</value>
		</item>
	</store>
	<store id="1013" npc="100028" name="杂货店">
		<item>
			<value>2010107</value>
			<value>2010108</value>
			<value>2010207</value>
			<value>2010208</value>
		</item>
	</store>
	<store id="1014" npc="100029" name="装备店">
		<item>
			<value>110072</value>
			<value>120072</value>
			<value>130072</value>
			<value>111072</value>
			<value>121072</value>
			<value>131072</value>
			<value>112072</value>
			<value>122072</value>
			<value>132072</value>
			<value>113072</value>
			<value>123072</value>
			<value>133072</value>
			<value>114072</value>
			<value>124072</value>
			<value>134072</value>
			<value>115072</value>
			<value>125072</value>
			<value>135072</value>
			<value>116072</value>
			<value>126072</value>
			<value>136072</value>
		</item>
	</store>
	
</stores>
