<qianghua>

	<stoneWorth><!--强化石对应的价值因子-->
		<qianghuashi id="2020101" lv="1" value="1" />
		<qianghuashi id="2020102" lv="2" value="100" />
		<qianghuashi id="2020103" lv="3" value="300" />
		<qianghuashi id="2020104" lv="4" value="600" />
		<qianghuashi id="2020105" lv="5" value="1000" />
	</stoneWorth>
	
	<baseMoney><!--这里是各个级别段装备强化所需金钱的基础值-->
		<equip lv="10" value="10000"    strengthenLevelMax="10"/>    <!--  strengthenLevelMax=各等级段装备能达到的最大强化等级  -->
		<equip lv="20" value="10000"  strengthenLevelMax="12"/>
		<equip lv="30" value="10000"  strengthenLevelMax="14"/>
		<equip lv="40" value="10000"  strengthenLevelMax="16"/>
		<equip lv="50" value="10000" strengthenLevelMax="18" />
		<equip lv="60" value="10000" strengthenLevelMax="20"/>
		<equip lv="70" value="10000"  strengthenLevelMax="22"/>
		<equip lv="80" value="10000" strengthenLevelMax="24"/>
		<equip lv="90" value="10000" strengthenLevelMax="26"/>
		<equip lv="100" value="10000" strengthenLevelMax="28"/>
	</baseMoney>
	
	<coefficient><!--value是强化到各级装备所需要消耗具体进行对应的系数。用这个系数乘以上面的基础值的到强化该级实际需要的消耗,Worth是强化到对应级数所需要的价值因子， promote是对应强化等级的提示效果提升效果-->
		<equip lv="1" value="1" Threshold="600" Worth="1" promote="0.10" />
		<equip lv="2" value="1" Threshold="600" Worth="10" promote="0.21" />
		<equip lv="3" value="1" Threshold="600" Worth="20" promote="0.33" />
		<equip lv="4" value="1" Threshold="600" Worth="30" promote="0.46" />
		<equip lv="5" value="1" Threshold="600" Worth="40" promote="0.60" />
		<equip lv="6" value="1" Threshold="550" Worth="70" promote="0.75" />
		<equip lv="7" value="1" Threshold="550" Worth="130" promote="0.91" />
		<equip lv="8" value="1" Threshold="550" Worth="220" promote="1.08" />
		<equip lv="9" value="1" Threshold="550" Worth="350" promote="1.26" />
		<equip lv="10" value="1" Threshold="550" Worth="500" promote="1.45" />
		<equip lv="11" value="2" Threshold="500" Worth="700" promote="1.65" />
		<equip lv="12" value="2" Threshold="500" Worth="1000" promote="1.86" />
		<equip lv="13" value="2" Threshold="500" Worth="1400" promote="2.08" />
		<equip lv="14" value="2" Threshold="450" Worth="1900" promote="2.31" />
		<equip lv="15" value="2" Threshold="450" Worth="2500" promote="2.55" />
		<equip lv="16" value="2" Threshold="450" Worth="3200" promote="2.80" />
		<equip lv="17" value="2" Threshold="400" Worth="4000" promote="3.06" />
		<equip lv="18" value="2" Threshold="400" Worth="4900" promote="3.33" />
		<equip lv="19" value="2" Threshold="400" Worth="5900" promote="3.61" />
		<equip lv="20" value="2" Threshold="350" Worth="7000" promote="3.90" />
		<equip lv="21" value="3" Threshold="350" Worth="8200" promote="4.20" />
		<equip lv="22" value="3" Threshold="350" Worth="9500" promote="4.50" />
		<equip lv="23" value="3" Threshold="300" Worth="10900" promote="4.80" />
		<equip lv="24" value="3" Threshold="300" Worth="12400" promote="5.10" />
		<equip lv="25" value="3" Threshold="300" Worth="14000" promote="5.40" />
		<equip lv="26" value="3" Threshold="250" Worth="14000" promote="5.75" />
		<equip lv="27" value="3" Threshold="250" Worth="14000" promote="6.10" />
		<equip lv="28" value="3" Threshold="250" Worth="14000" promote="6.45" />
		<equip lv="29" value="3" Threshold="250" Worth="14000" promote="6.80" />
		<equip lv="30" value="3" Threshold="250" Worth="14000" promote="7.15" />
		<equip lv="31" value="5" Threshold="500" Worth="14000" promote="7.75" />
		<equip lv="32" value="5" Threshold="500" Worth="14000" promote="8.16" />
		<equip lv="33" value="5" Threshold="500" Worth="14000" promote="8.58" />
		<equip lv="34" value="5" Threshold="500" Worth="14000" promote="9.01" />
		<equip lv="35" value="5" Threshold="500" Worth="14000" promote="9.45" />
		<equip lv="36" value="5" Threshold="500" Worth="14000" promote="9.90" />
		<equip lv="37" value="5" Threshold="500" Worth="14000" promote="10.36" />
		<equip lv="38" value="5" Threshold="500" Worth="14000" promote="10.83" />
		<equip lv="39" value="5" Threshold="500" Worth="14000" promote="11.31" />
		<equip lv="40" value="5" Threshold="500" Worth="14000" promote="11.80" />
	</coefficient>
	<washs><!--这个是洗炼的时候，出现各种洗炼因子的几率。mun是洗脸因子，probability是几率。洗炼因子改成这样每10%的变动主要是防止出现取整错误-->
		<wash num="0" probability="200" /><!--白色-->
		<wash num="5" probability="300" /><!--白色-->
		<wash num="10" probability="450" /><!--白色-->
		<wash num="15" probability="0" /><!--白色-->
		<wash num="20" probability="1400" /><!--绿色-->
		<wash num="25" probability="1400" /><!--绿色-->
		<wash num="30" probability="1400" /><!--绿色-->
		<wash num="35" probability="0" /><!--绿色-->
		<wash num="40" probability="0" /><!--蓝色-->
		<wash num="45" probability="1400" /><!--蓝色-->
		<wash num="50" probability="1450" /><!--蓝色-->
		<wash num="55" probability="1500" /><!--蓝色-->
		<wash num="60" probability="0" /><!--蓝色-->
		<wash num="65" probability="0" /><!--蓝色-->
		<wash num="70" probability="200" /><!--紫色-->
		<wash num="75" probability="150" /><!--紫色-->
		<wash num="80" probability="100" /><!--紫色-->
		<wash num="85" probability="0" /><!--紫色-->
		<wash num="90" probability="0" /><!--紫色-->
		<wash num="95" probability="0" /><!--紫色-->
		<wash num="100" probability="50" /><!--金色-->
	</washs>
	
	<!--装备等级 < equipLevMax 时，最高可镶嵌 stoneLev 级宝石，专门用于铁匠铺‘镶嵌’界面展示用-->
	<stoneData>
		<stone equipLevMax="10" stoneLev="2"/>
		<stone equipLevMax="20" stoneLev="3"/>
		<stone equipLevMax="30" stoneLev="4"/>
		<stone equipLevMax="40" stoneLev="6"/>
		<stone equipLevMax="50" stoneLev="8"/>
		<stone equipLevMax="100" stoneLev="10"/>
	</stoneData>
	
	<!-- 
			铁匠铺,宝石转换配置
			level			宝石等级
			gold			对应宝石等级消耗金币
	-->
	<exchange>
		<stone level="1" gold="50000">
			<item id="2030101" />
			<item id="2030201" />
			<item id="2030301" />
			<item id="2030401" />
			<item id="2030501" />
			<item id="2030601" />
			<item id="2030701" />
		</stone>
		<stone level="2" gold="150000">
			<item id="2030102" />
			<item id="2030202" />
			<item id="2030302" />
			<item id="2030402" />
			<item id="2030502" />
			<item id="2030602" />
			<item id="2030702" />
		</stone>
		<stone level="3" gold="300000">
			<item id="2030103" />
			<item id="2030203" />
			<item id="2030303" />
			<item id="2030403" />
			<item id="2030503" />
			<item id="2030603" />
			<item id="2030703" />
		</stone>
		<stone level="4" gold="450000">
			<item id="2030104" />
			<item id="2030204" />
			<item id="2030304" />
			<item id="2030404" />
			<item id="2030504" />
			<item id="2030604" />
			<item id="2030704" />
		</stone>
		<stone level="5" gold="600000">
			<item id="2030105" />
			<item id="2030205" />
			<item id="2030305" />
			<item id="2030405" />
			<item id="2030505" />
			<item id="2030605" />
			<item id="2030705" />
		</stone>
		<stone level="6" gold="750000">
			<item id="2030106" />
			<item id="2030206" />
			<item id="2030306" />
			<item id="2030406" />
			<item id="2030506" />
			<item id="2030606" />
			<item id="2030706" />
		</stone>
		<stone level="7" gold="900000">
			<item id="2030107" />
			<item id="2030207" />
			<item id="2030307" />
			<item id="2030407" />
			<item id="2030507" />
			<item id="2030607" />
			<item id="2030707" />
		</stone>
		<stone level="8" gold="1050000">
			<item id="2030108" />
			<item id="2030208" />
			<item id="2030308" />
			<item id="2030408" />
			<item id="2030508" />
			<item id="2030608" />
			<item id="2030708" />
		</stone>
		<stone level="9" gold="1200000">
			<item id="2030109" />
			<item id="2030209" />
			<item id="2030309" />
			<item id="2030409" />
			<item id="2030509" />
			<item id="2030609" />
			<item id="2030709" />
		</stone>
		<stone level="10" gold="1350000">
			<item id="2030110" />
			<item id="2030210" />
			<item id="2030310" />
			<item id="2030410" />
			<item id="2030510" />
			<item id="2030610" />
			<item id="2030710" />
		</stone>
	</exchange>
</qianghua>
