<qianghua>
	<value lv="1" advance="10" />
	<value lv="2" advance="21" />
	<value lv="3" advance="33" />
	<value lv="4" advance="46" />
	<value lv="5" advance="60" />
	<value lv="6" advance="75" />
	<value lv="7" advance="91" />
	<value lv="8" advance="108" />
	<value lv="9" advance="126" />
	<value lv="10" advance="145" />
	<value lv="11" advance="165" />
	<value lv="12" advance="186" />
	<value lv="13" advance="208" />
	<value lv="14" advance="231" />
	<value lv="15" advance="255" />
	<value lv="16" advance="280" />
	<value lv="17" advance="306" />
	<value lv="18" advance="333" />
	<value lv="19" advance="361" />
	<value lv="20" advance="390" />
	<value lv="21" advance="420" />
	<value lv="22" advance="451" />
	<value lv="23" advance="483" />
	<value lv="24" advance="516" />
	<value lv="25" advance="550" />
	<value lv="26" advance="585" />
	<value lv="27" advance="621" />
	<value lv="28" advance="658" />
	<value lv="29" advance="696" />
	<value lv="30" advance="735" />
	<value lv="31" advance="775" />
	<value lv="32" advance="816" />
	<value lv="33" advance="858" />
	<value lv="34" advance="901" />
	<value lv="35" advance="945" />
	<value lv="36" advance="990" />
	<value lv="37" advance="1036" />
	<value lv="38" advance="1083" />
	<value lv="39" advance="1131" />
	<value lv="40" advance="1180" />
</qianghua>