<sword>
	<strength num="4"/><!--1力量=4物理攻击-->
	<body num="7"/><!--1体质=5生命值+1物理防御+1魔法防御-->
	<sharp num="6"/><!--1敏捷=1暴击+1闪避-->
	<clever num="4"/><!--1智力=4点魔法攻击+5点魔法值-->
	<hp num="1" />
	<mp num="0" />
	<physicalAttack num="1" />
	<magicAttack num="1" />
	<physicalDefend num="1" />
	<magicDefend num="1" />
	<fatal num="3" />
	<tenacity num="1" />
	<penetrate num="1" />
	<stem num="1" />
	<hit num="1" />
	<avoid num="3" />
</sword>