<?xml version="1.0" encoding="UTF-8"?>
<Thresholds><!--战力阀值配置-->
	<Threshold id="1" min="10" max="14" top="7300" low="6935" robot="900035#900036#900037" />
	<Threshold id="2" min="15" max="19" top="14230" low="13519" robot="900038#900039#900040" />
	<Threshold id="3" min="20" max="24" top="21160" low="19044" robot="900041#900042#900043" />
	<Threshold id="4" min="25" max="29" top="33940" low="30546" robot="900044#900045#900046" />
	<Threshold id="5" min="30" max="34" top="46720" low="40646" robot="900047#900048#900049" />
	<Threshold id="6" min="35" max="39" top="62705" low="54553" robot="900050#900051#900052" />
	<Threshold id="7" min="40" max="44" top="78690" low="66100" robot="900053#900054#900055" />
	<Threshold id="8" min="45" max="49" top="114215" low="95941" robot="900056#900057#900058" />
	<Threshold id="9" min="50" max="54" top="149740" low="121289" robot="900059#900060#900061" />
	<Threshold id="10" min="55" max="59" top="228795" low="185324" robot="900062#900063#900064" />
	<Threshold id="11" min="60" max="64" top="307850" low="240123" robot="900065#900066#900067" />
	<Threshold id="12" min="65" max="69" top="464016" low="352652" robot="900068#900069#900070" />
	<Threshold id="13" min="70" max="70" top="620181" low="458934" robot="900071#900072#900073" />
</Thresholds>