<?xml version="1.0" encoding="UTF-8" ?>
<titles>
	<title id="101" name="精英元老" buffid="0" buffTime="-1">
		<condition conditionid="0">
				<params>
					<param>0</param>
				</params>
		</condition>
	</title>
	<title id="102" name="我没停过刀" buffid="900001" buffTime="-1">
		<condition conditionid="113">
				<params>
					<param>100</param>
				</params>
		</condition>
	</title>
	<title id="103" name="战争之王" buffid="900002" buffTime="-1">
		<condition conditionid="115">
				<params>
					<param>50</param>
				</params>
		</condition>
	</title>	
	<title id="104" name="神之左手" buffid="900003" buffTime="-1">
		<condition conditionid="103">
			<params>
				<param>820001</param>
				<param>1</param>
			</params>
		</condition>
	</title>
	<title id="105" name="称号太长打架时躲在人家后面容易被人发现" buffid="900004" buffTime="-1">
		<condition conditionid="114">
			<params>
				<param>30</param>
			</params>
		</condition>
	</title>
	<title id="106" name="超级无敌大背包" buffid="900005" buffTime="-1">
		<condition conditionid="111">
			<params>
				<param>72</param>
			</params>
		</condition>
	</title>
	<title id="107" name="满满都是爱" buffid="900006" buffTime="-1">
		<condition conditionid="112">
			<params>
				<param>100</param>
			</params>
		</condition>
	</title>
	<title id="108" name="黄金圣锤" buffid="0" buffTime="-1">
		<condition conditionid="105">
			<params>
				<param>100</param>
			</params>
		</condition>
	</title>
	<title id="109" name="白银之锤" buffid="0" buffTime="-1">
		<condition conditionid="104">
			<params>
				<param>100</param>
			</params>
		</condition>
	</title>
	<title id="110" name="宝石加工大师" buffid="0" buffTime="-1">
		<condition conditionid="108">
			<params>
				<param>1000</param>
			</params>
		</condition>
	</title>
	<title id="111" name="装备加工大师" buffid="0" buffTime="-1">
		<condition conditionid="106">
			<params>
				<param>1000</param>
			</params>
		</condition>
	</title>
	<title id="112" name="我是好孩子" buffid="900007" buffTime="-1">
		<condition conditionid="107">
			<params>
				<param>1000</param>
			</params>
		</condition>
	</title>
	<title id="113" name="墨水不要钱啊" buffid="0" buffTime="-1">
		<condition conditionid="110">
			<params>
				<param>10000</param>
			</params>
		</condition>
	</title>
	<title id="114" name="身强力壮" buffid="0" buffTime="-1">
		<condition conditionid="109">
			<params>
				<param>1000</param>
			</params>
		</condition>
	</title>
	<title id="115" name="盖楼达人" buffid="0" buffTime="-1">
		<condition conditionid="0">
				<params>
					<param>0</param>
				</params>
		</condition>
	</title>
	<title id="116" name="360急先锋" buffid="0" buffTime="-1">
		<condition conditionid="0">
				<params>
					<param>0</param>
				</params>
		</condition>
	</title>
	<title id="117" name="uc急先锋" buffid="0" buffTime="-1">
		<condition conditionid="0">
				<params>
					<param>0</param>
				</params>
		</condition>
	</title>
	<title id="118" name="当乐急先锋" buffid="0" buffTime="-1">
		<condition conditionid="0">
				<params>
					<param>0</param>
				</params>
		</condition>
	</title>
	<title id="119" name="小米急先锋" buffid="0" buffTime="-1">
		<condition conditionid="0">
				<params>
					<param>0</param>
				</params>
		</condition>
	</title>
	<title id="120" name="pp助手急先锋" buffid="0" buffTime="-1">
		<condition conditionid="0">
				<params>
					<param>0</param>
				</params>
		</condition>
	</title>
	<title id="121" name="百度急先锋" buffid="0" buffTime="-1">
		<condition conditionid="0">
				<params>
					<param>0</param>
				</params>
		</condition>
	</title>
	<title id="122" name="口袋巴士急先锋" buffid="0" buffTime="-1">
		<condition conditionid="0">
				<params>
					<param>0</param>
				</params>
		</condition>
	</title>
	<title id="123" name="91助手急先锋" buffid="0" buffTime="-1">
		<condition conditionid="0">
				<params>
					<param>0</param>
				</params>
		</condition>
	</title>
	<title id="124" name="封魔勇士" buffid="0" buffTime="-1">
		<condition conditionid="0">
				<params>
					<param>0</param>
				</params>
		</condition>
	</title>
	<title id="125" name="富甲天下" buffid="0" buffTime="-1">
		<condition conditionid="0">
				<params>
					<param>0</param>
				</params>
		</condition>
	</title>
	<title id="126" name="265G先锋团" buffid="0" buffTime="-1">
		<condition conditionid="0">
				<params>
					<param>0</param>
				</params>
		</condition>
	</title>
	<title id="127" name="17173先锋团" buffid="0" buffTime="-1">
		<condition conditionid="0">
				<params>
					<param>0</param>
				</params>
		</condition>
	</title>
	<title id="128" name="多玩先锋团" buffid="0" buffTime="-1">
		<condition conditionid="0">
				<params>
					<param>0</param>
				</params>
		</condition>
	</title>
	<title id="129" name="07073先锋团" buffid="0" buffTime="-1">
		<condition conditionid="0">
				<params>
					<param>0</param>
				</params>
		</condition>
	</title>
	<title id="130" name="封魔第一军团" buffid="0" buffTime="-1">
		<condition conditionid="0">
				<params>
					<param>0</param>
				</params>
		</condition>
	</title>
	<title id="131" name="龙骑士" buffid="0" buffTime="-1">
		<condition conditionid="0">
				<params>
					<param>0</param>
				</params>
		</condition>
	</title>
	<title id="132" name="龙骑兵" buffid="0" buffTime="-1">
		<condition conditionid="0">
				<params>
					<param>0</param>
				</params>
		</condition>
	</title>
	<title id="133" name="圣战帝国亲王" buffid="0" buffTime="-1">
		<condition conditionid="0">
				<params>
					<param>0</param>
				</params>
		</condition>
	</title>
	<title id="134" name="圣战帝国大公" buffid="0" buffTime="-1">
		<condition conditionid="0">
				<params>
					<param>0</param>
				</params>
		</condition>
	</title>
	<title id="135" name="圣战帝国公爵" buffid="0" buffTime="-1">
		<condition conditionid="0">
				<params>
					<param>0</param>
				</params>
		</condition>
	</title>
	<title id="136" name="圣战帝国侯爵" buffid="0" buffTime="-1">
		<condition conditionid="0">
				<params>
					<param>0</param>
				</params>
		</condition>
	</title>
	<title id="137" name="圣战帝国伯爵" buffid="0" buffTime="-1">
		<condition conditionid="0">
				<params>
					<param>0</param>
				</params>
		</condition>
	</title>
</titles>