<?xml version="1.0" encoding="UTF-8"?>
<lianshengs>
	<liansheng id="1" reward="2990001,1000" /><!--1连胜奖励金币,1000-->
	<liansheng id="2" reward="2990001,1000" /><!--2连胜奖励金币,1000-->
	<liansheng id="3" reward="2990001,10000#2050142,1#2050143,1" /><!--3连胜奖励:金币,10000，远古神力,1，号角,1-->
	<liansheng id="4" reward="2990001,1000"/><!--4连胜奖励金币,1000-->
	<liansheng id="5" reward="2990001,1000"/><!--5连胜奖励金币,1000-->
	<liansheng id="6" reward="2990001,11000#2050142,1#2050143,1" /><!--6连胜奖励:金币,11000，远古神力,1，号角,1-->
	<liansheng id="7" reward="2990001,1000"/><!--7连胜奖励金币,1000-->
	<liansheng id="8" reward="2990001,1000"/><!--8连胜奖励金币,1000-->
	<liansheng id="9" reward="2990001,13000#2050142,1#2050143,1" /><!--9连胜奖励:金币,13000，远古神力,1，号角,1-->
	<liansheng id="10" reward="2990001,1000"/><!--10连胜奖励金币,1000-->
	<liansheng id="11" reward="2990001,1000"/><!--11连胜奖励金币,1000-->
	<liansheng id="12" reward="2990001,16000#2050142,1#2050143,1" /><!--12连胜奖励:金币,16000，远古神力,1，号角,1-->
	<liansheng id="13" reward="2990001,1000"/><!--13连胜奖励金币,1000-->
	<liansheng id="14" reward="2990001,1000"/><!--14连胜奖励金币,1000-->
	<liansheng id="15" reward="2990001,20000#2050142,1#2050143,1" /><!--15连胜奖励:金币,20000，远古神力,1，号角,1-->
	<liansheng id="16" reward="2990001,1000"/><!--16连胜奖励金币,1000-->
	<liansheng id="17" reward="2990001,1000"/><!--17连胜奖励金币,1000-->
	<liansheng id="18" reward="2990001,25000#2050142,1#2050143,1" /><!--18连胜奖励:金币,25000，远古神力,1，号角,1-->
	<liansheng id="19" reward="2990001,1000"/><!--19连胜奖励金币,1000-->
	<liansheng id="20" reward="2990001,1000"/><!--20连胜奖励金币,1000-->
	<liansheng id="21" reward="2990001,31000#2990008,1#2050143,1" /><!--21连胜奖励:金币,31000，符文精华,1，号角,1-->
	<liansheng id="22" reward="2990001,1000"/><!--22连胜奖励金币,1000-->
	<liansheng id="23" reward="2990001,1000"/><!--23连胜奖励金币,1000-->
	<liansheng id="24" reward="2990001,38000#2990008,1#2050143,1" /><!--24连胜奖励:金币,38000，符文精华,1，号角,1-->
	<liansheng id="25" reward="2990001,1000"/><!--25连胜奖励金币,1000-->
	<liansheng id="26" reward="2990001,1000"/><!--26连胜奖励金币,1000-->
	<liansheng id="27" reward="2990001,46000#2990008,1#2050143,1" /><!--27连胜奖励:金币,46000，符文精华,1，号角,1-->
	<liansheng id="28" reward="2990001,1000"/><!--28连胜奖励金币,1000-->
	<liansheng id="29" reward="2990001,1000"/><!--29连胜奖励金币,1000-->
	<liansheng id="30" reward="2990001,55000#2990008,1#2050143,1" /><!--30连胜奖励:金币,55000，符文精华,1，号角,1-->
</lianshengs>