<Vip>
	<VipNumber> <!-- vip活力和VIP等级所拥有的系统次数 auction为VIP可以在拍卖行里挂售的个数和强化成功率加成-->
		<vip lv="0" vigournumber="1" vigourpower="20" multiplayernumber="3" trialsnumber="0" auction="5" strengthenProbAdd="0" exp="1" /><!-- VIP等级或能购买的次数和增加的活力-->
		<vip lv="1" vigournumber="3" vigourpower="20" multiplayernumber="3" trialsnumber="0" auction="6" strengthenProbAdd="0" exp="1" /><!-- strengthenProbAdd=成功率加成百分比分子 vip提高强化成功率，最终几率=原最终几率*strengthenProbAdd/100 -->
		<vip lv="2" vigournumber="4" vigourpower="20" multiplayernumber="3" trialsnumber="0" auction="7" strengthenProbAdd="0" exp="1.1" />
		<vip lv="3" vigournumber="5" vigourpower="20" multiplayernumber="3" trialsnumber="1" auction="8" strengthenProbAdd="0" exp="1.1" />
		<vip lv="4" vigournumber="6" vigourpower="20" multiplayernumber="3" trialsnumber="2" auction="9" strengthenProbAdd="0" exp="1.3" />
		<vip lv="5" vigournumber="7" vigourpower="20" multiplayernumber="3" trialsnumber="3" auction="10" strengthenProbAdd="0" exp="1.3" />
		<vip lv="6" vigournumber="8" vigourpower="20" multiplayernumber="3" trialsnumber="3" auction="11" strengthenProbAdd="0" exp="1.3" />
		<vip lv="7" vigournumber="11" vigourpower="20" multiplayernumber="3" trialsnumber="3" auction="12" strengthenProbAdd="0" exp="1.5" />
		<vip lv="8" vigournumber="16" vigourpower="20" multiplayernumber="3" trialsnumber="3" auction="13" strengthenProbAdd="0" exp="1.5" />
		<vip lv="9" vigournumber="16" vigourpower="20" multiplayernumber="3" trialsnumber="4" auction="14" strengthenProbAdd="0" exp="1.5" />
		<vip lv="10" vigournumber="21" vigourpower="20" multiplayernumber="3" trialsnumber="6" auction="15" strengthenProbAdd="0" exp="1.5" />
		<vip lv="11" vigournumber="31" vigourpower="20" multiplayernumber="3" trialsnumber="10" auction="16" strengthenProbAdd="0" exp="1.5" />
	</VipNumber>	

    <CopyConsumeGold> <!--- 多人副本VIP等级能购买时所消耗的魔晶 number代表副本等级 bindgold代表第N的消耗魔晶，每次的消耗配置之间用#分开-->
		<consume number="10" bindgold="10#10#10"/>
		<consume number="20" bindgold="20#20#20"/>	
		<consume number="30" bindgold="30#30#30"/>
		<consume number="40" bindgold="40#40#40"/>		
		<consume number="50" bindgold="50#50#50"/>		
		<consume number="60" bindgold="60#60#60"/>		
		<consume number="70" bindgold="70#70#70"/>			
    </CopyConsumeGold>	
	
    <TrialsConsumeGold> <!--- 购买试练之地重置时所消耗的魔晶 number代表第几次购买 bindgold代表消耗魔晶-->
		<consume number="1" bindgold="200"/>
		<consume number="2" bindgold="300" />
		<consume number="3" bindgold="400"/>
		<consume number="4" bindgold="500"/>
		<consume number="5" bindgold="600"/>	
		<consume number="6" bindgold="700"/>
		<consume number="7" bindgold="800" />
		<consume number="8" bindgold="900"/>
		<consume number="9" bindgold="1000"/>
		<consume number="10" bindgold="1100"/>			
    </TrialsConsumeGold>	

</Vip>

