<?xml version="1.0" encoding="UTF-8"?>
<WinIntegrals><!--竞技场活动连胜积分配置-->
   <WinIntegral id="1" win="0" integral="100" />
   <WinIntegral id="2" win="1" integral="200" />
   <WinIntegral id="3" win="2" integral="500" />
   <WinIntegral id="4" win="3" integral="400" />
   <WinIntegral id="5" win="4" integral="500" />
   <WinIntegral id="6" win="5" integral="900" />
   <WinIntegral id="7" win="6" integral="700" />
   <WinIntegral id="8" win="7" integral="800" />
   <WinIntegral id="9" win="8" integral="1300" />
   <WinIntegral id="10" win="9" integral="1000" />
   <WinIntegral id="11" win="10" integral="1100" />
   <WinIntegral id="12" win="11" integral="1700" />
   <WinIntegral id="13" win="12" integral="1300" />
   <WinIntegral id="14" win="13" integral="1400" />
   <WinIntegral id="15" win="14" integral="2100" />
   <WinIntegral id="16" win="15" integral="1600" />
   <WinIntegral id="17" win="16" integral="1700" />
   <WinIntegral id="18" win="17" integral="2500" />
   <WinIntegral id="19" win="18" integral="1900" />
   <WinIntegral id="20" win="19" integral="2000" />
   <WinIntegral id="21" win="20" integral="2900" />
   <WinIntegral id="22" win="21" integral="2200" />
   <WinIntegral id="23" win="22" integral="2300" />
   <WinIntegral id="24" win="23" integral="3300" />
   <WinIntegral id="25" win="24" integral="2500" />
   <WinIntegral id="26" win="25" integral="2600" />
   <WinIntegral id="27" win="26" integral="3700" />
   <WinIntegral id="28" win="27" integral="2800" />
   <WinIntegral id="29" win="28" integral="2900" />
   <WinIntegral id="30" win="29" integral="4100" />
   <WinIntegral id="31" win="30" integral="4300" />
</WinIntegrals>